2025-07-09T19:08:56.197Z [info]: Redis connected
2025-07-09T19:08:56.211Z [info]: MongoDB connected
2025-07-09T19:08:56.215Z [info]: Review Service running on port 3002
2025-07-09T20:01:43.969Z [info]: Redis connected
2025-07-09T20:01:43.994Z [info]: MongoDB connected
2025-07-09T20:01:44.001Z [info]: Review Service running on port 3002
2025-07-10T10:49:45.064Z [info]: Redis connected
2025-07-10T10:49:45.080Z [info]: MongoDB connected
2025-07-10T10:49:45.086Z [info]: Review Service running on port 3002
2025-07-10T18:00:14.785Z [info]: Redis connected
2025-07-10T18:00:14.805Z [info]: MongoDB connected
2025-07-10T18:00:14.811Z [info]: Review Service running on port 3002
2025-07-10T20:13:34.281Z [info]: GET /health
2025-07-10T20:27:05.603Z [info]: POST /api/reviews
2025-07-10T20:27:05.733Z [error]: Error creating review:
2025-07-10T20:28:26.161Z [info]: POST /api/reviews
2025-07-10T20:28:26.251Z [info]: Review created: 6870226aead9aca34c7f1fac
2025-07-10T20:28:50.103Z [info]: POST /api/reviews
2025-07-10T20:28:50.136Z [info]: Review created: 68702282ead9aca34c7f1fae
2025-07-10T20:38:24.460Z [info]: GET /api/reviews/book/686fa492dca21dadb9ba8dda
2025-07-10T20:38:52.621Z [info]: GET /api/reviews/book/686fa492dca21dadb9ba8dbf
2025-07-10T20:39:36.681Z [info]: GET /api/reviews/book/686fa492dca21dadb9ba8dbf
2025-07-10T20:39:45.790Z [info]: GET /api/reviews/book/686fa492dca21dadb9ba8dda
2025-07-10T20:43:57.056Z [info]: GET /api/reviews/book/686fa492dca21dadb9ba8dda
2025-07-10T20:44:02.847Z [info]: GET /api/reviews/book/686fa492dca21dadb9ba8dda
2025-07-10T20:44:18.993Z [info]: POST /api/reviews
2025-07-10T20:44:19.032Z [info]: Review created: 68702623ead9aca34c7f1fb6
2025-07-10T20:44:19.039Z [info]: GET /api/reviews/book/686fa492dca21dadb9ba8dda
2025-07-10T20:46:59.287Z [info]: GET /api/reviews/book/686fa492dca21dadb9ba8dfc
2025-07-10T20:47:06.284Z [info]: GET /api/reviews/book/686fa492dca21dadb9ba8dfc
2025-07-10T20:47:10.447Z [info]: GET /api/reviews/book/686fa492dca21dadb9ba8dfc
2025-07-10T20:47:18.498Z [info]: GET /api/reviews/book/686fa492dca21dadb9ba8dfc
2025-07-10T20:48:28.956Z [info]: GET /api/reviews/book/686fa492dca21dadb9ba8dfc
2025-07-10T20:49:09.601Z [info]: GET /api/reviews/book/686fa492dca21dadb9ba8dfc
2025-07-10T20:49:15.771Z [info]: GET /api/reviews/book/686fa492dca21dadb9ba8dfc
2025-07-10T20:49:27.290Z [info]: POST /api/reviews
2025-07-10T20:49:27.364Z [info]: Review created: 68702757ead9aca34c7f1fc0
2025-07-10T20:49:27.373Z [info]: GET /api/reviews/book/686fa492dca21dadb9ba8dfc
2025-07-10T20:49:32.466Z [info]: GET /api/reviews/book/686fa492dca21dadb9ba8dfc
2025-07-10T20:49:38.066Z [info]: GET /api/reviews/book/686fa492dca21dadb9ba8dfc
2025-07-10T20:50:45.914Z [info]: GET /api/reviews/book/686fa492dca21dadb9ba8dfc
2025-07-10T20:50:48.945Z [info]: GET /api/reviews/book/686fa492dca21dadb9ba8dad
2025-07-10T20:51:02.971Z [info]: GET /api/reviews/book/686fa492dca21dadb9ba8dfc
2025-07-10T20:51:22.353Z [info]: GET /api/reviews/book/686fa492dca21dadb9ba8dfc
2025-07-10T20:51:35.041Z [info]: GET /api/reviews/book/686fa492dca21dadb9ba8dad
2025-07-10T20:51:42.330Z [info]: POST /api/reviews
2025-07-10T20:51:42.341Z [info]: Review created: 687027deead9aca34c7f1fca
2025-07-10T20:51:42.346Z [info]: GET /api/reviews/book/686fa492dca21dadb9ba8dad
2025-07-10T20:51:47.241Z [info]: GET /api/reviews/book/686fa492dca21dadb9ba8dad
2025-07-10T20:51:51.464Z [info]: GET /api/reviews/book/686fa492dca21dadb9ba8dad
2025-07-10T20:51:54.699Z [info]: GET /api/reviews/book/686fa492dca21dadb9ba8dfc
2025-07-10T20:52:55.434Z [info]: GET /api/reviews/book/686fa492dca21dadb9ba8dad
2025-07-10T20:53:51.159Z [info]: GET /api/reviews/book/686fa492dca21dadb9ba8dad
2025-07-10T20:53:54.519Z [info]: GET /api/reviews/book/686fa492dca21dadb9ba8dad
2025-07-10T20:54:00.318Z [info]: POST /api/reviews
2025-07-10T20:54:14.429Z [info]: POST /api/reviews
2025-07-10T20:54:56.004Z [info]: GET /api/reviews/book/686fa492dca21dadb9ba8dfc
2025-07-10T20:54:56.010Z [info]: GET /api/reviews/book/686fa492dca21dadb9ba8dad
2025-07-10T20:54:56.044Z [info]: GET /api/reviews/book/686fa492dca21dadb9ba8dda
2025-07-10T20:54:56.076Z [info]: GET /api/reviews/book/686fa492dca21dadb9ba8dfc
2025-07-10T20:54:56.140Z [info]: GET /api/reviews/book/686fa492dca21dadb9ba8dad
2025-07-10T20:54:56.149Z [info]: GET /api/reviews/book/686fa492dca21dadb9ba8dda
2025-07-10T20:54:56.161Z [info]: GET /api/reviews/book/686fa492dca21dadb9ba8dfc
2025-07-10T20:54:56.177Z [info]: GET /api/reviews/book/686fa492dca21dadb9ba8dad
2025-07-10T20:54:56.184Z [info]: GET /api/reviews/book/686fa492dca21dadb9ba8dda
2025-07-10T20:55:06.890Z [info]: GET /api/reviews/book/686fa492dca21dadb9ba8dda
2025-07-10T20:57:18.312Z [info]: GET /api/reviews/book/686fa492dca21dadb9ba8da9
2025-07-10T20:57:18.333Z [info]: GET /api/reviews/book/686fa492dca21dadb9ba8daa
2025-07-10T20:57:18.336Z [info]: GET /api/reviews/book/686fa492dca21dadb9ba8dab
2025-07-10T20:57:18.341Z [info]: GET /api/reviews/book/686fa492dca21dadb9ba8daf
2025-07-10T20:57:18.349Z [info]: GET /api/reviews/book/686fa492dca21dadb9ba8db0
2025-07-10T20:57:18.354Z [info]: GET /api/reviews/book/686fa492dca21dadb9ba8db2
2025-07-10T20:57:18.375Z [info]: GET /api/reviews/book/686fa492dca21dadb9ba8db3
2025-07-10T20:57:18.387Z [info]: GET /api/reviews/book/686fa492dca21dadb9ba8dac
2025-07-10T20:57:18.389Z [info]: GET /api/reviews/book/686fa492dca21dadb9ba8db6
2025-07-10T20:57:18.397Z [info]: GET /api/reviews/book/686fa492dca21dadb9ba8db7
2025-07-10T20:57:18.420Z [info]: GET /api/reviews/book/686fa492dca21dadb9ba8db8
2025-07-10T20:57:18.425Z [info]: GET /api/reviews/book/686fa492dca21dadb9ba8db9
2025-07-10T20:57:18.429Z [info]: GET /api/reviews/book/686fa492dca21dadb9ba8dba
2025-07-10T20:57:18.435Z [info]: GET /api/reviews/book/686fa492dca21dadb9ba8dad
2025-07-10T20:57:18.446Z [info]: GET /api/reviews/book/686fa492dca21dadb9ba8dbb
2025-07-10T20:57:18.451Z [info]: GET /api/reviews/book/686fa492dca21dadb9ba8dbc
2025-07-10T20:57:18.455Z [info]: GET /api/reviews/book/686fa492dca21dadb9ba8dae
2025-07-10T20:57:18.460Z [info]: GET /api/reviews/book/686fa492dca21dadb9ba8db1
2025-07-10T20:57:18.466Z [info]: GET /api/reviews/book/686fa492dca21dadb9ba8dbd
2025-07-10T20:57:18.478Z [info]: GET /api/reviews/book/686fa492dca21dadb9ba8dbe
2025-07-10T20:57:18.488Z [info]: GET /api/reviews/book/686fa492dca21dadb9ba8dbf
2025-07-10T20:57:18.491Z [info]: GET /api/reviews/book/686fa492dca21dadb9ba8dc0
2025-07-10T20:57:18.497Z [info]: GET /api/reviews/book/686fa492dca21dadb9ba8dc1
2025-07-10T20:57:18.502Z [info]: GET /api/reviews/book/686fa492dca21dadb9ba8dc2
2025-07-10T20:57:18.507Z [info]: GET /api/reviews/book/686fa492dca21dadb9ba8dc3
2025-07-10T20:57:18.514Z [info]: GET /api/reviews/book/686fa492dca21dadb9ba8dc4
2025-07-10T20:57:18.521Z [info]: GET /api/reviews/book/686fa492dca21dadb9ba8dc5
2025-07-10T20:57:18.526Z [info]: GET /api/reviews/book/686fa492dca21dadb9ba8dc6
2025-07-10T20:57:18.537Z [info]: GET /api/reviews/book/686fa492dca21dadb9ba8dc7
2025-07-10T20:57:18.543Z [info]: GET /api/reviews/book/686fa492dca21dadb9ba8dc8
2025-07-10T20:57:18.549Z [info]: GET /api/reviews/book/686fa492dca21dadb9ba8dc9
2025-07-10T20:57:18.557Z [info]: GET /api/reviews/book/686fa492dca21dadb9ba8dca
2025-07-10T20:57:18.566Z [info]: GET /api/reviews/book/686fa492dca21dadb9ba8dcb
2025-07-10T20:57:18.572Z [info]: GET /api/reviews/book/686fa492dca21dadb9ba8dcc
2025-07-10T20:57:18.590Z [info]: GET /api/reviews/book/686fa492dca21dadb9ba8dcd
2025-07-10T20:57:18.595Z [info]: GET /api/reviews/book/686fa492dca21dadb9ba8dce
2025-07-10T20:57:18.603Z [info]: GET /api/reviews/book/686fa492dca21dadb9ba8dcf
2025-07-10T20:57:18.609Z [info]: GET /api/reviews/book/686fa492dca21dadb9ba8dd0
2025-07-10T20:57:18.613Z [info]: GET /api/reviews/book/686fa492dca21dadb9ba8dd1
2025-07-10T20:57:18.633Z [info]: GET /api/reviews/book/686fa492dca21dadb9ba8dd2
2025-07-10T20:57:18.649Z [info]: GET /api/reviews/book/686fa492dca21dadb9ba8dd3
2025-07-10T20:57:18.654Z [info]: GET /api/reviews/book/686fa492dca21dadb9ba8dd4
2025-07-10T20:57:18.659Z [info]: GET /api/reviews/book/686fa492dca21dadb9ba8dd5
2025-07-10T20:57:18.665Z [info]: GET /api/reviews/book/686fa492dca21dadb9ba8dd6
2025-07-10T20:57:18.669Z [info]: GET /api/reviews/book/686fa492dca21dadb9ba8dd7
2025-07-10T20:57:18.676Z [info]: GET /api/reviews/book/686fa492dca21dadb9ba8dd8
2025-07-10T20:57:18.695Z [info]: GET /api/reviews/book/686fa492dca21dadb9ba8dd9
2025-07-10T20:57:18.703Z [info]: GET /api/reviews/book/686fa492dca21dadb9ba8dda
2025-07-10T20:57:18.713Z [info]: GET /api/reviews/book/686fa492dca21dadb9ba8ddb
2025-07-10T20:57:18.723Z [info]: GET /api/reviews/book/686fa492dca21dadb9ba8ddc
2025-07-10T20:57:18.733Z [info]: GET /api/reviews/book/686fa492dca21dadb9ba8ddd
2025-07-10T20:57:18.738Z [info]: GET /api/reviews/book/686fa492dca21dadb9ba8dde
2025-07-10T20:57:18.750Z [info]: GET /api/reviews/book/686fa492dca21dadb9ba8ddf
2025-07-10T20:57:18.759Z [info]: GET /api/reviews/book/686fa492dca21dadb9ba8de0
2025-07-10T20:57:18.785Z [info]: GET /api/reviews/book/686fa492dca21dadb9ba8db5
2025-07-10T20:57:18.800Z [info]: GET /api/reviews/book/686fa492dca21dadb9ba8db4
2025-07-10T20:57:18.810Z [info]: GET /api/reviews/book/686fa492dca21dadb9ba8de3
2025-07-10T20:57:18.818Z [info]: GET /api/reviews/book/686fa492dca21dadb9ba8de4
2025-07-10T20:57:18.835Z [info]: GET /api/reviews/book/686fa492dca21dadb9ba8de5
2025-07-10T20:57:18.843Z [info]: GET /api/reviews/book/686fa492dca21dadb9ba8de6
2025-07-10T20:57:18.851Z [info]: GET /api/reviews/book/686fa492dca21dadb9ba8de7
2025-07-10T20:57:18.855Z [info]: GET /api/reviews/book/686fa492dca21dadb9ba8de8
2025-07-10T20:57:18.863Z [info]: GET /api/reviews/book/686fa492dca21dadb9ba8de9
2025-07-10T20:57:18.868Z [info]: GET /api/reviews/book/686fa492dca21dadb9ba8dea
2025-07-10T20:57:18.875Z [info]: GET /api/reviews/book/686fa492dca21dadb9ba8deb
2025-07-10T20:57:18.882Z [info]: GET /api/reviews/book/686fa492dca21dadb9ba8dec
2025-07-10T20:57:18.895Z [info]: GET /api/reviews/book/686fa492dca21dadb9ba8ded
2025-07-10T20:57:18.933Z [info]: GET /api/reviews/book/686fa492dca21dadb9ba8dee
2025-07-10T20:57:18.968Z [info]: GET /api/reviews/book/686fa492dca21dadb9ba8def
2025-07-10T20:57:18.975Z [info]: GET /api/reviews/book/686fa492dca21dadb9ba8df0
2025-07-10T20:57:18.991Z [info]: GET /api/reviews/book/686fa492dca21dadb9ba8df1
2025-07-10T20:57:18.998Z [info]: GET /api/reviews/book/686fa492dca21dadb9ba8df2
2025-07-10T20:57:19.005Z [info]: GET /api/reviews/book/686fa492dca21dadb9ba8df3
2025-07-10T20:57:19.011Z [info]: GET /api/reviews/book/686fa492dca21dadb9ba8df4
2025-07-10T20:57:19.018Z [info]: GET /api/reviews/book/686fa492dca21dadb9ba8df5
2025-07-10T20:57:19.021Z [info]: GET /api/reviews/book/686fa492dca21dadb9ba8df6
2025-07-10T20:57:19.026Z [info]: GET /api/reviews/book/686fa492dca21dadb9ba8df7
2025-07-10T20:57:19.031Z [info]: GET /api/reviews/book/686fa492dca21dadb9ba8df8
2025-07-10T20:57:19.037Z [info]: GET /api/reviews/book/686fa492dca21dadb9ba8df9
2025-07-10T20:57:19.047Z [info]: GET /api/reviews/book/686fa492dca21dadb9ba8dfa
2025-07-10T20:57:19.055Z [info]: GET /api/reviews/book/686fa492dca21dadb9ba8dfb
2025-07-10T20:57:19.068Z [info]: GET /api/reviews/book/686fa492dca21dadb9ba8dfc
2025-07-10T20:57:19.075Z [info]: GET /api/reviews/book/686fa492dca21dadb9ba8dfd
2025-07-10T20:57:19.080Z [info]: GET /api/reviews/book/686fa492dca21dadb9ba8dfe
2025-07-10T20:57:19.087Z [info]: GET /api/reviews/book/686fa492dca21dadb9ba8dff
2025-07-10T20:57:19.099Z [info]: GET /api/reviews/book/686fa492dca21dadb9ba8e00
2025-07-10T20:57:19.104Z [info]: GET /api/reviews/book/686fa492dca21dadb9ba8e01
2025-07-10T20:57:19.112Z [info]: GET /api/reviews/book/686fa492dca21dadb9ba8e02
2025-07-10T20:57:19.116Z [info]: GET /api/reviews/book/686fa492dca21dadb9ba8e03
2025-07-10T20:57:19.120Z [info]: GET /api/reviews/book/686fa492dca21dadb9ba8e04
2025-07-10T20:57:19.127Z [info]: GET /api/reviews/book/686fa492dca21dadb9ba8e05
2025-07-10T20:57:19.135Z [info]: GET /api/reviews/book/686fa492dca21dadb9ba8e06
2025-07-10T20:57:19.139Z [info]: GET /api/reviews/book/686fa492dca21dadb9ba8e07
2025-07-10T20:57:19.145Z [info]: GET /api/reviews/book/686fa492dca21dadb9ba8e08
2025-07-10T20:57:19.149Z [info]: GET /api/reviews/book/686fa492dca21dadb9ba8e09
2025-07-10T20:57:19.152Z [info]: GET /api/reviews/book/686fa492dca21dadb9ba8e0a
2025-07-10T20:57:19.159Z [info]: GET /api/reviews/book/686fa492dca21dadb9ba8e0b
2025-07-10T20:57:19.167Z [info]: GET /api/reviews/book/686fa492dca21dadb9ba8e0c
2025-07-10T20:57:19.172Z [info]: GET /api/reviews/book/686fa492dca21dadb9ba8de1
2025-07-10T20:57:19.180Z [info]: GET /api/reviews/book/686fa492dca21dadb9ba8de2
2025-07-10T20:57:34.013Z [info]: GET /api/reviews/book/686fa492dca21dadb9ba8dfc
2025-07-10T20:57:34.619Z [info]: GET /api/reviews/book/686fa492dca21dadb9ba8da9
2025-07-10T20:57:34.622Z [info]: GET /api/reviews/book/686fa492dca21dadb9ba8daa
2025-07-10T20:57:34.633Z [info]: GET /api/reviews/book/686fa492dca21dadb9ba8dab
2025-07-10T20:57:34.638Z [info]: GET /api/reviews/book/686fa492dca21dadb9ba8daf
2025-07-10T20:57:34.642Z [info]: GET /api/reviews/book/686fa492dca21dadb9ba8db0
2025-07-10T20:57:34.648Z [info]: GET /api/reviews/book/686fa492dca21dadb9ba8db2
2025-07-10T20:57:34.657Z [info]: GET /api/reviews/book/686fa492dca21dadb9ba8db3
2025-07-10T20:57:34.661Z [info]: GET /api/reviews/book/686fa492dca21dadb9ba8dac
2025-07-10T20:57:34.677Z [info]: GET /api/reviews/book/686fa492dca21dadb9ba8db6
2025-07-10T20:57:34.685Z [info]: GET /api/reviews/book/686fa492dca21dadb9ba8db7
2025-07-10T20:57:34.693Z [info]: GET /api/reviews/book/686fa492dca21dadb9ba8db8
2025-07-10T20:57:34.705Z [info]: GET /api/reviews/book/686fa492dca21dadb9ba8db9
2025-07-10T20:57:34.709Z [info]: GET /api/reviews/book/686fa492dca21dadb9ba8dba
2025-07-10T20:57:34.720Z [info]: GET /api/reviews/book/686fa492dca21dadb9ba8dad
2025-07-10T20:57:34.725Z [info]: GET /api/reviews/book/686fa492dca21dadb9ba8dbb
2025-07-10T20:57:34.732Z [info]: GET /api/reviews/book/686fa492dca21dadb9ba8dbc
2025-07-10T20:57:34.745Z [info]: GET /api/reviews/book/686fa492dca21dadb9ba8dae
2025-07-10T20:57:34.766Z [info]: GET /api/reviews/book/686fa492dca21dadb9ba8db1
2025-07-10T20:57:34.772Z [info]: GET /api/reviews/book/686fa492dca21dadb9ba8dbd
2025-07-10T20:57:34.778Z [info]: GET /api/reviews/book/686fa492dca21dadb9ba8dbe
2025-07-10T20:57:34.782Z [info]: GET /api/reviews/book/686fa492dca21dadb9ba8dbf
2025-07-10T20:57:34.788Z [info]: GET /api/reviews/book/686fa492dca21dadb9ba8dc0
2025-07-10T20:57:34.796Z [info]: GET /api/reviews/book/686fa492dca21dadb9ba8dc1
2025-07-10T20:57:34.803Z [info]: GET /api/reviews/book/686fa492dca21dadb9ba8dc2
2025-07-10T20:57:34.814Z [info]: GET /api/reviews/book/686fa492dca21dadb9ba8dc3
2025-07-10T20:57:34.821Z [info]: GET /api/reviews/book/686fa492dca21dadb9ba8dc4
2025-07-10T20:57:34.825Z [info]: GET /api/reviews/book/686fa492dca21dadb9ba8dc5
2025-07-10T20:57:34.830Z [info]: GET /api/reviews/book/686fa492dca21dadb9ba8dc6
2025-07-10T20:57:34.841Z [info]: GET /api/reviews/book/686fa492dca21dadb9ba8dc7
2025-07-10T20:57:34.854Z [info]: GET /api/reviews/book/686fa492dca21dadb9ba8dc8
2025-07-10T20:57:34.862Z [info]: GET /api/reviews/book/686fa492dca21dadb9ba8dc9
2025-07-10T20:57:34.868Z [info]: GET /api/reviews/book/686fa492dca21dadb9ba8dca
2025-07-10T20:57:34.872Z [info]: GET /api/reviews/book/686fa492dca21dadb9ba8dcb
2025-07-10T20:57:34.881Z [info]: GET /api/reviews/book/686fa492dca21dadb9ba8dcc
2025-07-10T20:57:34.887Z [info]: GET /api/reviews/book/686fa492dca21dadb9ba8dcd
2025-07-10T20:57:34.900Z [info]: GET /api/reviews/book/686fa492dca21dadb9ba8dce
2025-07-10T20:57:34.906Z [info]: GET /api/reviews/book/686fa492dca21dadb9ba8dcf
2025-07-10T20:57:34.912Z [info]: GET /api/reviews/book/686fa492dca21dadb9ba8dd0
2025-07-10T20:57:34.917Z [info]: GET /api/reviews/book/686fa492dca21dadb9ba8dd1
2025-07-10T20:57:34.921Z [info]: GET /api/reviews/book/686fa492dca21dadb9ba8dd2
2025-07-10T20:57:34.926Z [info]: GET /api/reviews/book/686fa492dca21dadb9ba8dd3
2025-07-10T20:57:34.936Z [info]: GET /api/reviews/book/686fa492dca21dadb9ba8dd4
2025-07-10T20:57:34.942Z [info]: GET /api/reviews/book/686fa492dca21dadb9ba8dd5
2025-07-10T20:57:34.950Z [info]: GET /api/reviews/book/686fa492dca21dadb9ba8dd6
2025-07-10T20:57:34.955Z [info]: GET /api/reviews/book/686fa492dca21dadb9ba8dd7
2025-07-10T20:57:34.963Z [info]: GET /api/reviews/book/686fa492dca21dadb9ba8dd8
2025-07-10T20:57:34.974Z [info]: GET /api/reviews/book/686fa492dca21dadb9ba8dd9
2025-07-10T20:57:34.981Z [info]: GET /api/reviews/book/686fa492dca21dadb9ba8dda
2025-07-10T20:57:34.990Z [info]: GET /api/reviews/book/686fa492dca21dadb9ba8ddb
2025-07-10T20:57:34.998Z [info]: GET /api/reviews/book/686fa492dca21dadb9ba8ddc
2025-07-10T20:57:35.003Z [info]: GET /api/reviews/book/686fa492dca21dadb9ba8ddd
2025-07-10T20:57:35.019Z [info]: GET /api/reviews/book/686fa492dca21dadb9ba8dde
2025-07-10T20:57:35.026Z [info]: GET /api/reviews/book/686fa492dca21dadb9ba8ddf
2025-07-10T20:57:35.039Z [info]: GET /api/reviews/book/686fa492dca21dadb9ba8de0
2025-07-10T20:57:35.047Z [info]: GET /api/reviews/book/686fa492dca21dadb9ba8db5
2025-07-10T20:57:35.056Z [info]: GET /api/reviews/book/686fa492dca21dadb9ba8db4
2025-07-10T20:57:35.063Z [info]: GET /api/reviews/book/686fa492dca21dadb9ba8de3
2025-07-10T20:57:35.071Z [info]: GET /api/reviews/book/686fa492dca21dadb9ba8de4
2025-07-10T20:57:35.082Z [info]: GET /api/reviews/book/686fa492dca21dadb9ba8de5
2025-07-10T20:57:35.088Z [info]: GET /api/reviews/book/686fa492dca21dadb9ba8de6
2025-07-10T20:57:35.096Z [info]: GET /api/reviews/book/686fa492dca21dadb9ba8de7
2025-07-10T20:57:35.101Z [info]: GET /api/reviews/book/686fa492dca21dadb9ba8de8
2025-07-10T20:57:35.105Z [info]: GET /api/reviews/book/686fa492dca21dadb9ba8de9
2025-07-10T20:57:35.111Z [info]: GET /api/reviews/book/686fa492dca21dadb9ba8dea
2025-07-10T20:57:35.118Z [info]: GET /api/reviews/book/686fa492dca21dadb9ba8deb
2025-07-10T20:57:35.130Z [info]: GET /api/reviews/book/686fa492dca21dadb9ba8dec
2025-07-10T20:57:35.135Z [info]: GET /api/reviews/book/686fa492dca21dadb9ba8ded
2025-07-10T20:57:35.141Z [info]: GET /api/reviews/book/686fa492dca21dadb9ba8dee
2025-07-10T20:57:35.149Z [info]: GET /api/reviews/book/686fa492dca21dadb9ba8def
2025-07-10T20:57:35.154Z [info]: GET /api/reviews/book/686fa492dca21dadb9ba8df0
2025-07-10T20:57:35.159Z [info]: GET /api/reviews/book/686fa492dca21dadb9ba8df1
2025-07-10T20:57:35.168Z [info]: GET /api/reviews/book/686fa492dca21dadb9ba8df2
2025-07-10T20:57:35.178Z [info]: GET /api/reviews/book/686fa492dca21dadb9ba8df3
2025-07-10T20:57:35.187Z [info]: GET /api/reviews/book/686fa492dca21dadb9ba8df4
2025-07-10T20:57:35.192Z [info]: GET /api/reviews/book/686fa492dca21dadb9ba8df5
2025-07-10T20:57:35.200Z [info]: GET /api/reviews/book/686fa492dca21dadb9ba8df6
2025-07-10T20:57:35.208Z [info]: GET /api/reviews/book/686fa492dca21dadb9ba8df7
2025-07-10T20:57:35.221Z [info]: GET /api/reviews/book/686fa492dca21dadb9ba8df8
2025-07-10T20:57:35.232Z [info]: GET /api/reviews/book/686fa492dca21dadb9ba8df9
2025-07-10T20:57:35.240Z [info]: GET /api/reviews/book/686fa492dca21dadb9ba8dfa
2025-07-10T20:57:35.245Z [info]: GET /api/reviews/book/686fa492dca21dadb9ba8dfb
2025-07-10T20:57:35.253Z [info]: GET /api/reviews/book/686fa492dca21dadb9ba8dfc
2025-07-10T20:57:35.259Z [info]: GET /api/reviews/book/686fa492dca21dadb9ba8dfd
2025-07-10T20:57:35.272Z [info]: GET /api/reviews/book/686fa492dca21dadb9ba8dfe
2025-07-10T20:57:35.284Z [info]: GET /api/reviews/book/686fa492dca21dadb9ba8dff
2025-07-10T20:57:35.289Z [info]: GET /api/reviews/book/686fa492dca21dadb9ba8e00
2025-07-10T20:57:35.294Z [info]: GET /api/reviews/book/686fa492dca21dadb9ba8e01
2025-07-10T20:57:35.300Z [info]: GET /api/reviews/book/686fa492dca21dadb9ba8e02
2025-07-10T20:57:35.305Z [info]: GET /api/reviews/book/686fa492dca21dadb9ba8e03
2025-07-10T20:57:35.319Z [info]: GET /api/reviews/book/686fa492dca21dadb9ba8e04
2025-07-10T20:57:35.325Z [info]: GET /api/reviews/book/686fa492dca21dadb9ba8e05
2025-07-10T20:57:35.331Z [info]: GET /api/reviews/book/686fa492dca21dadb9ba8e06
2025-07-10T20:57:35.334Z [info]: GET /api/reviews/book/686fa492dca21dadb9ba8e07
2025-07-10T20:57:35.338Z [info]: GET /api/reviews/book/686fa492dca21dadb9ba8e08
2025-07-10T20:57:35.348Z [info]: GET /api/reviews/book/686fa492dca21dadb9ba8e09
2025-07-10T20:57:35.361Z [info]: GET /api/reviews/book/686fa492dca21dadb9ba8e0a
2025-07-10T20:57:35.368Z [info]: GET /api/reviews/book/686fa492dca21dadb9ba8e0b
2025-07-10T20:57:35.384Z [info]: GET /api/reviews/book/686fa492dca21dadb9ba8e0c
2025-07-10T20:57:35.396Z [info]: GET /api/reviews/book/686fa492dca21dadb9ba8de1
2025-07-10T20:57:35.413Z [info]: GET /api/reviews/book/686fa492dca21dadb9ba8de2
2025-07-10T20:58:00.818Z [info]: GET /api/reviews/book/686fa492dca21dadb9ba8dbf
2025-07-10T20:58:00.824Z [info]: GET /api/reviews/book/686fa492dca21dadb9ba8dfe
2025-07-10T20:58:00.828Z [info]: GET /api/reviews/book/686fa492dca21dadb9ba8e03
2025-07-10T20:58:00.832Z [info]: GET /api/reviews/book/686fa492dca21dadb9ba8dd1
2025-07-10T20:58:00.839Z [info]: GET /api/reviews/book/686fa492dca21dadb9ba8dda
2025-07-10T20:58:00.843Z [info]: GET /api/reviews/book/686fa492dca21dadb9ba8df2
2025-07-10T20:58:00.863Z [info]: GET /api/reviews/book/686fa492dca21dadb9ba8dac
2025-07-10T20:58:00.867Z [info]: GET /api/reviews/book/686fa492dca21dadb9ba8dfc
2025-07-10T20:58:00.874Z [info]: GET /api/reviews/book/686fa492dca21dadb9ba8dad
2025-07-10T20:58:00.878Z [info]: GET /api/reviews/book/686fa492dca21dadb9ba8de0
2025-07-10T20:58:00.881Z [info]: GET /api/reviews/book/686fa492dca21dadb9ba8db4
2025-07-10T20:58:00.906Z [info]: GET /api/reviews/book/686fa492dca21dadb9ba8de4
2025-07-10T20:58:01.382Z [info]: GET /api/reviews/book/686fa492dca21dadb9ba8dbf
2025-07-10T20:58:01.387Z [info]: GET /api/reviews/book/686fa492dca21dadb9ba8dfe
2025-07-10T20:58:01.391Z [info]: GET /api/reviews/book/686fa492dca21dadb9ba8e03
2025-07-10T20:58:01.397Z [info]: GET /api/reviews/book/686fa492dca21dadb9ba8dd1
2025-07-10T20:58:01.412Z [info]: GET /api/reviews/book/686fa492dca21dadb9ba8dda
2025-07-10T20:58:01.420Z [info]: GET /api/reviews/book/686fa492dca21dadb9ba8df2
2025-07-10T20:58:01.425Z [info]: GET /api/reviews/book/686fa492dca21dadb9ba8dac
2025-07-10T20:58:01.431Z [info]: GET /api/reviews/book/686fa492dca21dadb9ba8dfc
2025-07-10T20:58:01.436Z [info]: GET /api/reviews/book/686fa492dca21dadb9ba8dad
2025-07-10T20:58:01.446Z [info]: GET /api/reviews/book/686fa492dca21dadb9ba8de0
2025-07-10T20:58:01.465Z [info]: GET /api/reviews/book/686fa492dca21dadb9ba8db4
2025-07-10T20:58:01.475Z [info]: GET /api/reviews/book/686fa492dca21dadb9ba8de4
2025-07-10T20:58:01.964Z [info]: GET /api/reviews/book/686fa492dca21dadb9ba8dda
2025-07-10T20:58:01.967Z [info]: GET /api/reviews/book/686fa492dca21dadb9ba8dfc
2025-07-10T20:58:01.971Z [info]: GET /api/reviews/book/686fa492dca21dadb9ba8dad
2025-07-10T20:58:01.983Z [info]: GET /api/reviews/book/686fa492dca21dadb9ba8dda
2025-07-10T20:58:01.986Z [info]: GET /api/reviews/book/686fa492dca21dadb9ba8dfc
2025-07-10T20:58:01.990Z [info]: GET /api/reviews/book/686fa492dca21dadb9ba8dad
2025-07-10T20:58:02.007Z [info]: GET /api/reviews/book/1
2025-07-10T20:58:02.031Z [error]: Error fetching reviews:
2025-07-10T20:58:02.034Z [info]: GET /api/reviews/book/2
2025-07-10T20:58:02.038Z [error]: Error fetching reviews:
2025-07-10T20:58:02.042Z [info]: GET /api/reviews/book/3
2025-07-10T20:58:02.046Z [error]: Error fetching reviews:
2025-07-10T20:58:02.052Z [info]: GET /api/reviews/book/4
2025-07-10T20:58:02.057Z [error]: Error fetching reviews:
2025-07-10T20:58:04.141Z [info]: GET /api/reviews/book/686fa492dca21dadb9ba8dbf
2025-07-10T20:58:11.194Z [info]: GET /api/reviews/book/686fa492dca21dadb9ba8dda
2025-07-10T20:58:20.874Z [info]: GET /api/reviews/book/686fa492dca21dadb9ba8da9
2025-07-10T20:58:20.879Z [info]: GET /api/reviews/book/686fa492dca21dadb9ba8daa
2025-07-10T20:58:20.882Z [info]: GET /api/reviews/book/686fa492dca21dadb9ba8dab
2025-07-10T20:58:20.888Z [info]: GET /api/reviews/book/686fa492dca21dadb9ba8daf
2025-07-10T20:58:20.895Z [info]: GET /api/reviews/book/686fa492dca21dadb9ba8db0
2025-07-10T20:58:20.900Z [info]: GET /api/reviews/book/686fa492dca21dadb9ba8db2
2025-07-10T20:58:20.907Z [info]: GET /api/reviews/book/686fa492dca21dadb9ba8db3
2025-07-10T20:58:20.923Z [info]: GET /api/reviews/book/686fa492dca21dadb9ba8dac
2025-07-10T20:58:20.926Z [info]: GET /api/reviews/book/686fa492dca21dadb9ba8db6
2025-07-10T20:58:20.929Z [info]: GET /api/reviews/book/686fa492dca21dadb9ba8db7
2025-07-10T20:58:20.934Z [info]: GET /api/reviews/book/686fa492dca21dadb9ba8db8
2025-07-10T20:58:20.947Z [info]: GET /api/reviews/book/686fa492dca21dadb9ba8db9
2025-07-10T20:58:20.953Z [info]: GET /api/reviews/book/686fa492dca21dadb9ba8dba
2025-07-10T20:58:20.957Z [info]: GET /api/reviews/book/686fa492dca21dadb9ba8dad
2025-07-10T20:58:20.961Z [info]: GET /api/reviews/book/686fa492dca21dadb9ba8dbb
2025-07-10T20:58:20.964Z [info]: GET /api/reviews/book/686fa492dca21dadb9ba8dbc
2025-07-10T20:58:20.969Z [info]: GET /api/reviews/book/686fa492dca21dadb9ba8dae
2025-07-10T20:58:20.981Z [info]: GET /api/reviews/book/686fa492dca21dadb9ba8db1
2025-07-10T20:58:20.986Z [info]: GET /api/reviews/book/686fa492dca21dadb9ba8dbd
2025-07-10T20:58:20.991Z [info]: GET /api/reviews/book/686fa492dca21dadb9ba8dbe
2025-07-10T20:58:20.995Z [info]: GET /api/reviews/book/686fa492dca21dadb9ba8dbf
2025-07-10T20:58:20.997Z [info]: GET /api/reviews/book/686fa492dca21dadb9ba8dc0
2025-07-10T20:58:21.000Z [info]: GET /api/reviews/book/686fa492dca21dadb9ba8dc1
2025-07-10T20:58:21.013Z [info]: GET /api/reviews/book/686fa492dca21dadb9ba8dc2
2025-07-10T20:58:21.020Z [info]: GET /api/reviews/book/686fa492dca21dadb9ba8dc3
2025-07-10T20:58:21.024Z [info]: GET /api/reviews/book/686fa492dca21dadb9ba8dc4
2025-07-10T20:58:21.028Z [info]: GET /api/reviews/book/686fa492dca21dadb9ba8dc5
2025-07-10T20:58:21.030Z [info]: GET /api/reviews/book/686fa492dca21dadb9ba8dc6
2025-07-10T20:58:21.033Z [info]: GET /api/reviews/book/686fa492dca21dadb9ba8dc7
2025-07-10T20:58:21.047Z [info]: GET /api/reviews/book/686fa492dca21dadb9ba8dc8
2025-07-10T20:58:21.053Z [info]: GET /api/reviews/book/686fa492dca21dadb9ba8dc9
2025-07-10T20:58:21.057Z [info]: GET /api/reviews/book/686fa492dca21dadb9ba8dca
2025-07-10T20:58:21.061Z [info]: GET /api/reviews/book/686fa492dca21dadb9ba8dcb
2025-07-10T20:58:21.063Z [info]: GET /api/reviews/book/686fa492dca21dadb9ba8dcc
2025-07-10T20:58:21.066Z [info]: GET /api/reviews/book/686fa492dca21dadb9ba8dcd
2025-07-10T20:58:21.079Z [info]: GET /api/reviews/book/686fa492dca21dadb9ba8dce
2025-07-10T20:58:21.084Z [info]: GET /api/reviews/book/686fa492dca21dadb9ba8dcf
2025-07-10T20:58:21.089Z [info]: GET /api/reviews/book/686fa492dca21dadb9ba8dd0
2025-07-10T20:58:21.093Z [info]: GET /api/reviews/book/686fa492dca21dadb9ba8dd1
2025-07-10T20:58:21.096Z [info]: GET /api/reviews/book/686fa492dca21dadb9ba8dd2
2025-07-10T20:58:21.101Z [info]: GET /api/reviews/book/686fa492dca21dadb9ba8dd3
2025-07-10T20:58:21.113Z [info]: GET /api/reviews/book/686fa492dca21dadb9ba8dd4
2025-07-10T20:58:21.118Z [info]: GET /api/reviews/book/686fa492dca21dadb9ba8dd5
2025-07-10T20:58:21.121Z [info]: GET /api/reviews/book/686fa492dca21dadb9ba8dd6
2025-07-10T20:58:21.125Z [info]: GET /api/reviews/book/686fa492dca21dadb9ba8dd7
2025-07-10T20:58:21.128Z [info]: GET /api/reviews/book/686fa492dca21dadb9ba8dd8
2025-07-10T20:58:21.130Z [info]: GET /api/reviews/book/686fa492dca21dadb9ba8dd9
2025-07-10T20:58:21.144Z [info]: GET /api/reviews/book/686fa492dca21dadb9ba8dda
2025-07-10T20:58:21.152Z [info]: GET /api/reviews/book/686fa492dca21dadb9ba8ddb
2025-07-10T20:58:21.156Z [info]: GET /api/reviews/book/686fa492dca21dadb9ba8ddc
2025-07-10T20:58:21.161Z [info]: GET /api/reviews/book/686fa492dca21dadb9ba8ddd
2025-07-10T20:58:21.164Z [info]: GET /api/reviews/book/686fa492dca21dadb9ba8dde
2025-07-10T20:58:21.170Z [info]: GET /api/reviews/book/686fa492dca21dadb9ba8ddf
2025-07-10T20:58:21.183Z [info]: GET /api/reviews/book/686fa492dca21dadb9ba8de0
2025-07-10T20:58:21.196Z [info]: GET /api/reviews/book/686fa492dca21dadb9ba8db5
2025-07-10T20:58:21.202Z [info]: GET /api/reviews/book/686fa492dca21dadb9ba8db4
2025-07-10T20:58:21.211Z [info]: GET /api/reviews/book/686fa492dca21dadb9ba8de3
2025-07-10T20:58:21.215Z [info]: GET /api/reviews/book/686fa492dca21dadb9ba8de4
2025-07-10T20:58:21.223Z [info]: GET /api/reviews/book/686fa492dca21dadb9ba8de5
2025-07-10T20:58:21.238Z [info]: GET /api/reviews/book/686fa492dca21dadb9ba8de6
2025-07-10T20:58:21.248Z [info]: GET /api/reviews/book/686fa492dca21dadb9ba8de7
2025-07-10T20:58:21.252Z [info]: GET /api/reviews/book/686fa492dca21dadb9ba8de8
2025-07-10T20:58:21.261Z [info]: GET /api/reviews/book/686fa492dca21dadb9ba8de9
2025-07-10T20:58:21.266Z [info]: GET /api/reviews/book/686fa492dca21dadb9ba8dea
2025-07-10T20:58:21.272Z [info]: GET /api/reviews/book/686fa492dca21dadb9ba8deb
2025-07-10T20:58:21.280Z [info]: GET /api/reviews/book/686fa492dca21dadb9ba8dec
2025-07-10T20:58:21.285Z [info]: GET /api/reviews/book/686fa492dca21dadb9ba8ded
2025-07-10T20:58:21.291Z [info]: GET /api/reviews/book/686fa492dca21dadb9ba8dee
2025-07-10T20:58:21.295Z [info]: GET /api/reviews/book/686fa492dca21dadb9ba8def
2025-07-10T20:58:21.298Z [info]: GET /api/reviews/book/686fa492dca21dadb9ba8df0
2025-07-10T20:58:21.305Z [info]: GET /api/reviews/book/686fa492dca21dadb9ba8df1
2025-07-10T20:58:21.314Z [info]: GET /api/reviews/book/686fa492dca21dadb9ba8df2
2025-07-10T20:58:21.320Z [info]: GET /api/reviews/book/686fa492dca21dadb9ba8df3
2025-07-10T20:58:21.324Z [info]: GET /api/reviews/book/686fa492dca21dadb9ba8df4
2025-07-10T20:58:21.327Z [info]: GET /api/reviews/book/686fa492dca21dadb9ba8df5
2025-07-10T20:58:21.329Z [info]: GET /api/reviews/book/686fa492dca21dadb9ba8df6
2025-07-10T20:58:21.332Z [info]: GET /api/reviews/book/686fa492dca21dadb9ba8df7
2025-07-10T20:58:21.343Z [info]: GET /api/reviews/book/686fa492dca21dadb9ba8df8
2025-07-10T20:58:21.347Z [info]: GET /api/reviews/book/686fa492dca21dadb9ba8df9
2025-07-10T20:58:21.350Z [info]: GET /api/reviews/book/686fa492dca21dadb9ba8dfa
2025-07-10T20:58:21.356Z [info]: GET /api/reviews/book/686fa492dca21dadb9ba8dfb
2025-07-10T20:58:21.360Z [info]: GET /api/reviews/book/686fa492dca21dadb9ba8dfc
2025-07-10T20:58:21.363Z [info]: GET /api/reviews/book/686fa492dca21dadb9ba8dfd
2025-07-10T20:58:21.377Z [info]: GET /api/reviews/book/686fa492dca21dadb9ba8dfe
2025-07-10T20:58:21.383Z [info]: GET /api/reviews/book/686fa492dca21dadb9ba8dff
2025-07-10T20:58:21.389Z [info]: GET /api/reviews/book/686fa492dca21dadb9ba8e00
2025-07-10T20:58:21.394Z [info]: GET /api/reviews/book/686fa492dca21dadb9ba8e01
2025-07-10T20:58:21.397Z [info]: GET /api/reviews/book/686fa492dca21dadb9ba8e02
2025-07-10T20:58:21.402Z [info]: GET /api/reviews/book/686fa492dca21dadb9ba8e03
2025-07-10T20:58:21.414Z [info]: GET /api/reviews/book/686fa492dca21dadb9ba8e04
2025-07-10T20:58:21.418Z [info]: GET /api/reviews/book/686fa492dca21dadb9ba8e05
2025-07-10T20:58:21.423Z [info]: GET /api/reviews/book/686fa492dca21dadb9ba8e06
2025-07-10T20:58:21.426Z [info]: GET /api/reviews/book/686fa492dca21dadb9ba8e07
2025-07-10T20:58:21.429Z [info]: GET /api/reviews/book/686fa492dca21dadb9ba8e08
2025-07-10T20:58:21.448Z [info]: GET /api/reviews/book/686fa492dca21dadb9ba8e09
2025-07-10T20:58:21.480Z [info]: GET /api/reviews/book/686fa492dca21dadb9ba8e0a
2025-07-10T20:58:21.491Z [info]: GET /api/reviews/book/686fa492dca21dadb9ba8e0b
2025-07-10T20:58:21.497Z [info]: GET /api/reviews/book/686fa492dca21dadb9ba8e0c
2025-07-10T20:58:21.499Z [info]: GET /api/reviews/book/686fa492dca21dadb9ba8de1
2025-07-10T20:58:21.504Z [info]: GET /api/reviews/book/686fa492dca21dadb9ba8de2
2025-07-10T20:59:04.579Z [info]: GET /api/reviews/book/686fa492dca21dadb9ba8dbf
2025-07-10T20:59:04.586Z [info]: GET /api/reviews/book/686fa492dca21dadb9ba8dfe
2025-07-10T20:59:04.590Z [info]: GET /api/reviews/book/686fa492dca21dadb9ba8e03
2025-07-10T20:59:04.593Z [info]: GET /api/reviews/book/686fa492dca21dadb9ba8dd1
2025-07-10T20:59:04.596Z [info]: GET /api/reviews/book/686fa492dca21dadb9ba8dda
2025-07-10T20:59:04.599Z [info]: GET /api/reviews/book/686fa492dca21dadb9ba8df2
2025-07-10T20:59:04.601Z [info]: GET /api/reviews/book/686fa492dca21dadb9ba8dac
2025-07-10T20:59:04.617Z [info]: GET /api/reviews/book/686fa492dca21dadb9ba8dfc
2025-07-10T20:59:04.627Z [info]: GET /api/reviews/book/686fa492dca21dadb9ba8dad
2025-07-10T20:59:04.635Z [info]: GET /api/reviews/book/686fa492dca21dadb9ba8de0
2025-07-10T20:59:04.641Z [info]: GET /api/reviews/book/686fa492dca21dadb9ba8db4
2025-07-10T20:59:04.648Z [info]: GET /api/reviews/book/686fa492dca21dadb9ba8de4
2025-07-10T20:59:09.859Z [info]: GET /api/reviews/book/686fa492dca21dadb9ba8da9
2025-07-10T20:59:09.863Z [info]: GET /api/reviews/book/686fa492dca21dadb9ba8daa
2025-07-10T20:59:09.865Z [info]: GET /api/reviews/book/686fa492dca21dadb9ba8dab
2025-07-10T20:59:09.871Z [info]: GET /api/reviews/book/686fa492dca21dadb9ba8daf
2025-07-10T20:59:09.876Z [info]: GET /api/reviews/book/686fa492dca21dadb9ba8db0
2025-07-10T20:59:09.879Z [info]: GET /api/reviews/book/686fa492dca21dadb9ba8db2
2025-07-10T20:59:09.885Z [info]: GET /api/reviews/book/686fa492dca21dadb9ba8db3
2025-07-10T20:59:09.893Z [info]: GET /api/reviews/book/686fa492dca21dadb9ba8dac
2025-07-10T20:59:09.901Z [info]: GET /api/reviews/book/686fa492dca21dadb9ba8db6
2025-07-10T20:59:09.905Z [info]: GET /api/reviews/book/686fa492dca21dadb9ba8db7
2025-07-10T20:59:09.909Z [info]: GET /api/reviews/book/686fa492dca21dadb9ba8db8
2025-07-10T20:59:09.913Z [info]: GET /api/reviews/book/686fa492dca21dadb9ba8db9
2025-07-10T20:59:09.919Z [info]: GET /api/reviews/book/686fa492dca21dadb9ba8dba
2025-07-10T20:59:09.924Z [info]: GET /api/reviews/book/686fa492dca21dadb9ba8dad
2025-07-10T20:59:09.932Z [info]: GET /api/reviews/book/686fa492dca21dadb9ba8dbb
2025-07-10T20:59:09.937Z [info]: GET /api/reviews/book/686fa492dca21dadb9ba8dbc
2025-07-10T20:59:09.943Z [info]: GET /api/reviews/book/686fa492dca21dadb9ba8dae
2025-07-10T20:59:09.949Z [info]: GET /api/reviews/book/686fa492dca21dadb9ba8db1
2025-07-10T20:59:09.955Z [info]: GET /api/reviews/book/686fa492dca21dadb9ba8dbd
2025-07-10T20:59:09.960Z [info]: GET /api/reviews/book/686fa492dca21dadb9ba8dbe
2025-07-10T20:59:09.966Z [info]: GET /api/reviews/book/686fa492dca21dadb9ba8dbf
2025-07-10T20:59:09.970Z [info]: GET /api/reviews/book/686fa492dca21dadb9ba8dc0
2025-07-10T20:59:09.974Z [info]: GET /api/reviews/book/686fa492dca21dadb9ba8dc1
2025-07-10T20:59:09.980Z [info]: GET /api/reviews/book/686fa492dca21dadb9ba8dc2
2025-07-10T20:59:09.983Z [info]: GET /api/reviews/book/686fa492dca21dadb9ba8dc3
2025-07-10T20:59:09.989Z [info]: GET /api/reviews/book/686fa492dca21dadb9ba8dc4
2025-07-10T20:59:09.998Z [info]: GET /api/reviews/book/686fa492dca21dadb9ba8dc5
2025-07-10T20:59:10.004Z [info]: GET /api/reviews/book/686fa492dca21dadb9ba8dc6
2025-07-10T20:59:10.010Z [info]: GET /api/reviews/book/686fa492dca21dadb9ba8dc7
2025-07-10T20:59:10.015Z [info]: GET /api/reviews/book/686fa492dca21dadb9ba8dc8
2025-07-10T20:59:10.019Z [info]: GET /api/reviews/book/686fa492dca21dadb9ba8dc9
2025-07-10T20:59:10.026Z [info]: GET /api/reviews/book/686fa492dca21dadb9ba8dca
2025-07-10T20:59:10.037Z [info]: GET /api/reviews/book/686fa492dca21dadb9ba8dcb
2025-07-10T20:59:10.043Z [info]: GET /api/reviews/book/686fa492dca21dadb9ba8dcc
2025-07-10T20:59:10.050Z [info]: GET /api/reviews/book/686fa492dca21dadb9ba8dcd
2025-07-10T20:59:10.053Z [info]: GET /api/reviews/book/686fa492dca21dadb9ba8dce
2025-07-10T20:59:10.058Z [info]: GET /api/reviews/book/686fa492dca21dadb9ba8dcf
2025-07-10T20:59:10.065Z [info]: GET /api/reviews/book/686fa492dca21dadb9ba8dd0
2025-07-10T20:59:10.071Z [info]: GET /api/reviews/book/686fa492dca21dadb9ba8dd1
2025-07-10T20:59:10.078Z [info]: GET /api/reviews/book/686fa492dca21dadb9ba8dd2
2025-07-10T20:59:10.094Z [info]: GET /api/reviews/book/686fa492dca21dadb9ba8dd3
2025-07-10T20:59:10.102Z [info]: GET /api/reviews/book/686fa492dca21dadb9ba8dd4
2025-07-10T20:59:10.110Z [info]: GET /api/reviews/book/686fa492dca21dadb9ba8dd5
2025-07-10T20:59:10.118Z [info]: GET /api/reviews/book/686fa492dca21dadb9ba8dd6
2025-07-10T20:59:10.124Z [info]: GET /api/reviews/book/686fa492dca21dadb9ba8dd7
2025-07-10T20:59:10.130Z [info]: GET /api/reviews/book/686fa492dca21dadb9ba8dd8
2025-07-10T20:59:10.134Z [info]: GET /api/reviews/book/686fa492dca21dadb9ba8dd9
2025-07-10T20:59:10.138Z [info]: GET /api/reviews/book/686fa492dca21dadb9ba8dda
2025-07-10T20:59:10.144Z [info]: GET /api/reviews/book/686fa492dca21dadb9ba8ddb
2025-07-10T20:59:10.149Z [info]: GET /api/reviews/book/686fa492dca21dadb9ba8ddc
2025-07-10T20:59:10.155Z [info]: GET /api/reviews/book/686fa492dca21dadb9ba8ddd
2025-07-10T20:59:10.161Z [info]: GET /api/reviews/book/686fa492dca21dadb9ba8dde
2025-07-10T20:59:10.166Z [info]: GET /api/reviews/book/686fa492dca21dadb9ba8ddf
2025-07-10T20:59:10.169Z [info]: GET /api/reviews/book/686fa492dca21dadb9ba8de0
2025-07-10T20:59:10.173Z [info]: GET /api/reviews/book/686fa492dca21dadb9ba8db5
2025-07-10T20:59:10.180Z [info]: GET /api/reviews/book/686fa492dca21dadb9ba8db4
2025-07-10T20:59:10.187Z [info]: GET /api/reviews/book/686fa492dca21dadb9ba8de3
2025-07-10T20:59:10.191Z [info]: GET /api/reviews/book/686fa492dca21dadb9ba8de4
2025-07-10T20:59:10.197Z [info]: GET /api/reviews/book/686fa492dca21dadb9ba8de5
2025-07-10T20:59:10.200Z [info]: GET /api/reviews/book/686fa492dca21dadb9ba8de6
2025-07-10T20:59:10.203Z [info]: GET /api/reviews/book/686fa492dca21dadb9ba8de7
2025-07-10T20:59:10.207Z [info]: GET /api/reviews/book/686fa492dca21dadb9ba8de8
2025-07-10T20:59:10.213Z [info]: GET /api/reviews/book/686fa492dca21dadb9ba8de9
2025-07-10T20:59:10.217Z [info]: GET /api/reviews/book/686fa492dca21dadb9ba8dea
2025-07-10T20:59:10.220Z [info]: GET /api/reviews/book/686fa492dca21dadb9ba8deb
2025-07-10T20:59:10.223Z [info]: GET /api/reviews/book/686fa492dca21dadb9ba8dec
2025-07-10T20:59:10.228Z [info]: GET /api/reviews/book/686fa492dca21dadb9ba8ded
2025-07-10T20:59:10.233Z [info]: GET /api/reviews/book/686fa492dca21dadb9ba8dee
2025-07-10T20:59:10.237Z [info]: GET /api/reviews/book/686fa492dca21dadb9ba8def
2025-07-10T20:59:10.242Z [info]: GET /api/reviews/book/686fa492dca21dadb9ba8df0
2025-07-10T20:59:10.250Z [info]: GET /api/reviews/book/686fa492dca21dadb9ba8df1
2025-07-10T20:59:10.253Z [info]: GET /api/reviews/book/686fa492dca21dadb9ba8df2
2025-07-10T20:59:10.260Z [info]: GET /api/reviews/book/686fa492dca21dadb9ba8df3
2025-07-10T20:59:10.266Z [info]: GET /api/reviews/book/686fa492dca21dadb9ba8df4
2025-07-10T20:59:10.270Z [info]: GET /api/reviews/book/686fa492dca21dadb9ba8df5
2025-07-10T20:59:10.278Z [info]: GET /api/reviews/book/686fa492dca21dadb9ba8df6
2025-07-10T20:59:10.300Z [info]: GET /api/reviews/book/686fa492dca21dadb9ba8df7
2025-07-10T20:59:10.304Z [info]: GET /api/reviews/book/686fa492dca21dadb9ba8df8
2025-07-10T20:59:11.001Z [info]: GET /api/reviews/book/686fa492dca21dadb9ba8da9
2025-07-10T20:59:11.007Z [info]: GET /api/reviews/book/686fa492dca21dadb9ba8daa
2025-07-10T20:59:11.012Z [info]: GET /api/reviews/book/686fa492dca21dadb9ba8dab
2025-07-10T20:59:11.017Z [info]: GET /api/reviews/book/686fa492dca21dadb9ba8daf
2025-07-10T20:59:11.021Z [info]: GET /api/reviews/book/686fa492dca21dadb9ba8db2
2025-07-10T20:59:11.024Z [info]: GET /api/reviews/book/686fa492dca21dadb9ba8db0
2025-07-10T20:59:11.028Z [info]: GET /api/reviews/book/686fa492dca21dadb9ba8dac
2025-07-10T20:59:11.033Z [info]: GET /api/reviews/book/686fa492dca21dadb9ba8db3
2025-07-10T20:59:11.037Z [info]: GET /api/reviews/book/686fa492dca21dadb9ba8db6
2025-07-10T20:59:11.041Z [info]: GET /api/reviews/book/686fa492dca21dadb9ba8db7
2025-07-10T20:59:11.046Z [info]: GET /api/reviews/book/686fa492dca21dadb9ba8db8
2025-07-10T20:59:11.053Z [info]: GET /api/reviews/book/686fa492dca21dadb9ba8db9
2025-07-10T20:59:11.057Z [info]: GET /api/reviews/book/686fa492dca21dadb9ba8dba
2025-07-10T20:59:11.063Z [info]: GET /api/reviews/book/686fa492dca21dadb9ba8dad
2025-07-10T20:59:11.066Z [info]: GET /api/reviews/book/686fa492dca21dadb9ba8dbb
2025-07-10T20:59:11.069Z [info]: GET /api/reviews/book/686fa492dca21dadb9ba8dbc
2025-07-10T20:59:11.173Z [info]: GET /api/reviews/book/686fa492dca21dadb9ba8dae
2025-07-10T20:59:11.199Z [info]: GET /api/reviews/book/686fa492dca21dadb9ba8db1
2025-07-10T20:59:11.213Z [info]: GET /api/reviews/book/686fa492dca21dadb9ba8dbd
2025-07-10T20:59:11.221Z [info]: GET /api/reviews/book/686fa492dca21dadb9ba8dbe
2025-07-10T20:59:11.226Z [info]: GET /api/reviews/book/686fa492dca21dadb9ba8dbf
2025-07-10T20:59:11.246Z [info]: GET /api/reviews/book/686fa492dca21dadb9ba8dc0
2025-07-10T20:59:11.252Z [info]: GET /api/reviews/book/686fa492dca21dadb9ba8dc1
2025-07-10T20:59:11.260Z [info]: GET /api/reviews/book/686fa492dca21dadb9ba8dc2
2025-07-10T20:59:11.267Z [info]: GET /api/reviews/book/686fa492dca21dadb9ba8dc3
2025-07-10T20:59:11.274Z [info]: GET /api/reviews/book/686fa492dca21dadb9ba8dc4
2025-07-10T20:59:11.279Z [info]: GET /api/reviews/book/686fa492dca21dadb9ba8dc5
2025-07-10T20:59:11.288Z [info]: GET /api/reviews/book/686fa492dca21dadb9ba8dc6
2025-07-10T20:59:11.344Z [info]: GET /api/reviews/book/686fa492dca21dadb9ba8dc7
2025-07-10T20:59:11.377Z [info]: GET /api/reviews/book/686fa492dca21dadb9ba8dc8
2025-07-10T20:59:11.429Z [info]: GET /api/reviews/book/686fa492dca21dadb9ba8dc9
2025-07-10T20:59:11.438Z [info]: GET /api/reviews/book/686fa492dca21dadb9ba8dca
2025-07-10T20:59:11.443Z [info]: GET /api/reviews/book/686fa492dca21dadb9ba8dcb
2025-07-10T20:59:11.449Z [info]: GET /api/reviews/book/686fa492dca21dadb9ba8dcc
2025-07-10T20:59:11.459Z [info]: GET /api/reviews/book/686fa492dca21dadb9ba8dcd
2025-07-10T20:59:11.468Z [info]: GET /api/reviews/book/686fa492dca21dadb9ba8dce
2025-07-10T20:59:11.475Z [info]: GET /api/reviews/book/686fa492dca21dadb9ba8dcf
2025-07-10T20:59:11.480Z [info]: GET /api/reviews/book/686fa492dca21dadb9ba8dd0
2025-07-10T20:59:11.486Z [info]: GET /api/reviews/book/686fa492dca21dadb9ba8df3
2025-07-10T20:59:11.491Z [info]: GET /api/reviews/book/686fa492dca21dadb9ba8df4
2025-07-10T20:59:11.500Z [info]: GET /api/reviews/book/686fa492dca21dadb9ba8df5
2025-07-10T20:59:11.512Z [info]: GET /api/reviews/book/686fa492dca21dadb9ba8df6
2025-07-10T20:59:11.518Z [info]: GET /api/reviews/book/686fa492dca21dadb9ba8df7
2025-07-10T20:59:11.531Z [info]: GET /api/reviews/book/686fa492dca21dadb9ba8df8
2025-07-10T20:59:11.535Z [info]: GET /api/reviews/book/686fa492dca21dadb9ba8df9
2025-07-10T20:59:11.548Z [info]: GET /api/reviews/book/686fa492dca21dadb9ba8dfa
2025-07-10T20:59:11.553Z [info]: GET /api/reviews/book/686fa492dca21dadb9ba8dfb
2025-07-10T20:59:11.563Z [info]: GET /api/reviews/book/686fa492dca21dadb9ba8dfc
2025-07-10T20:59:11.570Z [info]: GET /api/reviews/book/686fa492dca21dadb9ba8dfd
2025-07-10T20:59:11.575Z [info]: GET /api/reviews/book/686fa492dca21dadb9ba8dfe
2025-07-10T20:59:11.578Z [info]: GET /api/reviews/book/686fa492dca21dadb9ba8dff
2025-07-10T20:59:11.582Z [info]: GET /api/reviews/book/686fa492dca21dadb9ba8e00
2025-07-10T20:59:11.585Z [info]: GET /api/reviews/book/686fa492dca21dadb9ba8e01
2025-07-10T20:59:11.595Z [info]: GET /api/reviews/book/686fa492dca21dadb9ba8e02
2025-07-10T20:59:11.600Z [info]: GET /api/reviews/book/686fa492dca21dadb9ba8e03
2025-07-10T20:59:11.603Z [info]: GET /api/reviews/book/686fa492dca21dadb9ba8e04
2025-07-10T20:59:11.610Z [info]: GET /api/reviews/book/686fa492dca21dadb9ba8e05
2025-07-10T20:59:11.615Z [info]: GET /api/reviews/book/686fa492dca21dadb9ba8e06
2025-07-10T20:59:11.620Z [info]: GET /api/reviews/book/686fa492dca21dadb9ba8e07
2025-07-10T20:59:11.628Z [info]: GET /api/reviews/book/686fa492dca21dadb9ba8e08
2025-07-10T20:59:11.635Z [info]: GET /api/reviews/book/686fa492dca21dadb9ba8e09
2025-07-10T20:59:11.640Z [info]: GET /api/reviews/book/686fa492dca21dadb9ba8e0a
2025-07-10T20:59:11.644Z [info]: GET /api/reviews/book/686fa492dca21dadb9ba8e0b
2025-07-10T20:59:11.648Z [info]: GET /api/reviews/book/686fa492dca21dadb9ba8e0c
2025-07-10T20:59:11.654Z [info]: GET /api/reviews/book/686fa492dca21dadb9ba8de1
2025-07-10T20:59:11.662Z [info]: GET /api/reviews/book/686fa492dca21dadb9ba8de2
2025-07-10T20:59:11.667Z [info]: GET /api/reviews/book/686fa492dca21dadb9ba8dd1
2025-07-10T20:59:11.676Z [info]: GET /api/reviews/book/686fa492dca21dadb9ba8dd2
2025-07-10T20:59:11.681Z [info]: GET /api/reviews/book/686fa492dca21dadb9ba8dd3
2025-07-10T20:59:11.685Z [info]: GET /api/reviews/book/686fa492dca21dadb9ba8dd4
2025-07-10T20:59:11.690Z [info]: GET /api/reviews/book/686fa492dca21dadb9ba8dd5
2025-07-10T20:59:11.698Z [info]: GET /api/reviews/book/686fa492dca21dadb9ba8dd6
2025-07-10T20:59:11.704Z [info]: GET /api/reviews/book/686fa492dca21dadb9ba8dd7
2025-07-10T20:59:11.711Z [info]: GET /api/reviews/book/686fa492dca21dadb9ba8dd8
2025-07-10T20:59:11.714Z [info]: GET /api/reviews/book/686fa492dca21dadb9ba8dd9
2025-07-10T20:59:11.719Z [info]: GET /api/reviews/book/686fa492dca21dadb9ba8dda
2025-07-10T20:59:11.726Z [info]: GET /api/reviews/book/686fa492dca21dadb9ba8ddb
2025-07-10T20:59:11.732Z [info]: GET /api/reviews/book/686fa492dca21dadb9ba8ddc
2025-07-10T20:59:11.740Z [info]: GET /api/reviews/book/686fa492dca21dadb9ba8ddd
2025-07-10T20:59:11.745Z [info]: GET /api/reviews/book/686fa492dca21dadb9ba8dde
2025-07-10T20:59:11.748Z [info]: GET /api/reviews/book/686fa492dca21dadb9ba8ddf
2025-07-10T20:59:11.753Z [info]: GET /api/reviews/book/686fa492dca21dadb9ba8de0
2025-07-10T20:59:11.758Z [info]: GET /api/reviews/book/686fa492dca21dadb9ba8db5
2025-07-10T20:59:11.764Z [info]: GET /api/reviews/book/686fa492dca21dadb9ba8db4
2025-07-10T20:59:11.769Z [info]: GET /api/reviews/book/686fa492dca21dadb9ba8de3
2025-07-10T20:59:11.773Z [info]: GET /api/reviews/book/686fa492dca21dadb9ba8de4
2025-07-10T20:59:11.776Z [info]: GET /api/reviews/book/686fa492dca21dadb9ba8de5
2025-07-10T20:59:11.781Z [info]: GET /api/reviews/book/686fa492dca21dadb9ba8de6
2025-07-10T20:59:11.784Z [info]: GET /api/reviews/book/686fa492dca21dadb9ba8de7
2025-07-10T20:59:11.789Z [info]: GET /api/reviews/book/686fa492dca21dadb9ba8de8
2025-07-10T20:59:11.796Z [info]: GET /api/reviews/book/686fa492dca21dadb9ba8de9
2025-07-10T20:59:11.801Z [info]: GET /api/reviews/book/686fa492dca21dadb9ba8dea
2025-07-10T20:59:11.805Z [info]: GET /api/reviews/book/686fa492dca21dadb9ba8deb
2025-07-10T20:59:11.811Z [info]: GET /api/reviews/book/686fa492dca21dadb9ba8dec
2025-07-10T20:59:11.816Z [info]: GET /api/reviews/book/686fa492dca21dadb9ba8ded
2025-07-10T20:59:11.820Z [info]: GET /api/reviews/book/686fa492dca21dadb9ba8dee
2025-07-10T20:59:11.826Z [info]: GET /api/reviews/book/686fa492dca21dadb9ba8def
2025-07-10T20:59:11.831Z [info]: GET /api/reviews/book/686fa492dca21dadb9ba8df0
2025-07-10T20:59:11.835Z [info]: GET /api/reviews/book/686fa492dca21dadb9ba8df1
2025-07-10T20:59:11.844Z [info]: GET /api/reviews/book/686fa492dca21dadb9ba8df2
2025-07-10T21:00:49.015Z [info]: GET /api/reviews/book/686fa492dca21dadb9ba8da9
2025-07-10T21:00:49.045Z [info]: GET /api/reviews/book/686fa492dca21dadb9ba8daa
2025-07-10T21:00:49.050Z [info]: GET /api/reviews/book/686fa492dca21dadb9ba8dab
2025-07-10T21:00:49.054Z [info]: GET /api/reviews/book/686fa492dca21dadb9ba8daf
2025-07-10T21:00:49.058Z [info]: GET /api/reviews/book/686fa492dca21dadb9ba8db0
2025-07-10T21:00:49.063Z [info]: GET /api/reviews/book/686fa492dca21dadb9ba8db2
2025-07-10T21:00:49.083Z [info]: GET /api/reviews/book/686fa492dca21dadb9ba8db3
2025-07-10T21:00:49.098Z [info]: GET /api/reviews/book/686fa492dca21dadb9ba8dac
2025-07-10T21:00:49.102Z [info]: GET /api/reviews/book/686fa492dca21dadb9ba8db6
2025-07-10T21:00:49.108Z [info]: GET /api/reviews/book/686fa492dca21dadb9ba8db7
2025-07-10T21:00:49.112Z [info]: GET /api/reviews/book/686fa492dca21dadb9ba8db8
2025-07-10T21:00:49.115Z [info]: GET /api/reviews/book/686fa492dca21dadb9ba8db9
2025-07-10T21:00:49.122Z [info]: GET /api/reviews/book/686fa492dca21dadb9ba8dba
2025-07-10T21:00:49.136Z [info]: GET /api/reviews/book/686fa492dca21dadb9ba8dad
2025-07-10T21:00:49.140Z [info]: GET /api/reviews/book/686fa492dca21dadb9ba8dbb
2025-07-10T21:00:49.146Z [info]: GET /api/reviews/book/686fa492dca21dadb9ba8dbc
2025-07-10T21:00:49.152Z [info]: GET /api/reviews/book/686fa492dca21dadb9ba8dae
2025-07-10T21:00:49.156Z [info]: GET /api/reviews/book/686fa492dca21dadb9ba8db1
2025-07-10T21:00:49.166Z [info]: GET /api/reviews/book/686fa492dca21dadb9ba8dbd
2025-07-10T21:00:49.180Z [info]: GET /api/reviews/book/686fa492dca21dadb9ba8dbe
2025-07-10T21:00:49.186Z [info]: GET /api/reviews/book/686fa492dca21dadb9ba8dbf
2025-07-10T21:00:49.193Z [info]: GET /api/reviews/book/686fa492dca21dadb9ba8dc0
2025-07-10T21:00:49.196Z [info]: GET /api/reviews/book/686fa492dca21dadb9ba8dc1
2025-07-10T21:00:49.200Z [info]: GET /api/reviews/book/686fa492dca21dadb9ba8dc2
2025-07-10T21:00:49.210Z [info]: GET /api/reviews/book/686fa492dca21dadb9ba8dc3
2025-07-10T21:00:49.219Z [info]: GET /api/reviews/book/686fa492dca21dadb9ba8dc4
2025-07-10T21:00:49.225Z [info]: GET /api/reviews/book/686fa492dca21dadb9ba8dc5
2025-07-10T21:00:49.232Z [info]: GET /api/reviews/book/686fa492dca21dadb9ba8dc6
2025-07-10T21:00:49.235Z [info]: GET /api/reviews/book/686fa492dca21dadb9ba8dc7
2025-07-10T21:00:49.238Z [info]: GET /api/reviews/book/686fa492dca21dadb9ba8dc8
2025-07-10T21:00:49.246Z [info]: GET /api/reviews/book/686fa492dca21dadb9ba8dc9
2025-07-10T21:00:49.253Z [info]: GET /api/reviews/book/686fa492dca21dadb9ba8dca
2025-07-10T21:00:49.258Z [info]: GET /api/reviews/book/686fa492dca21dadb9ba8dcb
2025-07-10T21:00:49.264Z [info]: GET /api/reviews/book/686fa492dca21dadb9ba8dcc
2025-07-10T21:00:49.267Z [info]: GET /api/reviews/book/686fa492dca21dadb9ba8dcd
2025-07-10T21:00:49.270Z [info]: GET /api/reviews/book/686fa492dca21dadb9ba8dce
2025-07-10T21:00:49.276Z [info]: GET /api/reviews/book/686fa492dca21dadb9ba8dcf
2025-07-10T21:00:49.284Z [info]: GET /api/reviews/book/686fa492dca21dadb9ba8dd0
2025-07-10T21:00:49.289Z [info]: GET /api/reviews/book/686fa492dca21dadb9ba8dd1
2025-07-10T21:00:49.293Z [info]: GET /api/reviews/book/686fa492dca21dadb9ba8dd2
2025-07-10T21:00:49.296Z [info]: GET /api/reviews/book/686fa492dca21dadb9ba8dd3
2025-07-10T21:00:49.298Z [info]: GET /api/reviews/book/686fa492dca21dadb9ba8dd4
2025-07-10T21:00:49.306Z [info]: GET /api/reviews/book/686fa492dca21dadb9ba8dd5
2025-07-10T21:00:49.314Z [info]: GET /api/reviews/book/686fa492dca21dadb9ba8dd6
2025-07-10T21:00:49.317Z [info]: GET /api/reviews/book/686fa492dca21dadb9ba8dd7
2025-07-10T21:00:49.322Z [info]: GET /api/reviews/book/686fa492dca21dadb9ba8dd8
2025-07-10T21:00:49.326Z [info]: GET /api/reviews/book/686fa492dca21dadb9ba8dd9
2025-07-10T21:00:49.328Z [info]: GET /api/reviews/book/686fa492dca21dadb9ba8dda
2025-07-10T21:00:49.332Z [info]: GET /api/reviews/book/686fa492dca21dadb9ba8ddb
2025-07-10T21:00:49.344Z [info]: GET /api/reviews/book/686fa492dca21dadb9ba8ddc
2025-07-10T21:00:49.347Z [info]: GET /api/reviews/book/686fa492dca21dadb9ba8ddd
2025-07-10T21:00:49.349Z [info]: GET /api/reviews/book/686fa492dca21dadb9ba8dde
2025-07-10T21:00:49.352Z [info]: GET /api/reviews/book/686fa492dca21dadb9ba8ddf
2025-07-10T21:00:49.355Z [info]: GET /api/reviews/book/686fa492dca21dadb9ba8de0
2025-07-10T21:00:49.363Z [info]: GET /api/reviews/book/686fa492dca21dadb9ba8db5
2025-07-10T21:00:49.371Z [info]: GET /api/reviews/book/686fa492dca21dadb9ba8db4
2025-07-10T21:00:49.376Z [info]: GET /api/reviews/book/686fa492dca21dadb9ba8de3
2025-07-10T21:00:49.381Z [info]: GET /api/reviews/book/686fa492dca21dadb9ba8de4
2025-07-10T21:00:49.384Z [info]: GET /api/reviews/book/686fa492dca21dadb9ba8de5
2025-07-10T21:00:49.388Z [info]: GET /api/reviews/book/686fa492dca21dadb9ba8de6
2025-07-10T21:00:49.394Z [info]: GET /api/reviews/book/686fa492dca21dadb9ba8de7
2025-07-10T21:00:49.399Z [info]: GET /api/reviews/book/686fa492dca21dadb9ba8de8
2025-07-10T21:00:49.402Z [info]: GET /api/reviews/book/686fa492dca21dadb9ba8de9
2025-07-10T21:00:49.407Z [info]: GET /api/reviews/book/686fa492dca21dadb9ba8dea
2025-07-10T21:00:49.410Z [info]: GET /api/reviews/book/686fa492dca21dadb9ba8deb
2025-07-10T21:00:49.414Z [info]: GET /api/reviews/book/686fa492dca21dadb9ba8dec
2025-07-10T21:00:49.419Z [info]: GET /api/reviews/book/686fa492dca21dadb9ba8ded
2025-07-10T21:00:49.429Z [info]: GET /api/reviews/book/686fa492dca21dadb9ba8dee
2025-07-10T21:00:49.432Z [info]: GET /api/reviews/book/686fa492dca21dadb9ba8def
2025-07-10T21:00:49.443Z [info]: GET /api/reviews/book/686fa492dca21dadb9ba8df0
2025-07-10T21:00:49.450Z [info]: GET /api/reviews/book/686fa492dca21dadb9ba8df1
2025-07-10T21:00:49.460Z [info]: GET /api/reviews/book/686fa492dca21dadb9ba8df2
2025-07-10T21:00:49.470Z [info]: GET /api/reviews/book/686fa492dca21dadb9ba8df3
2025-07-10T21:00:49.482Z [info]: GET /api/reviews/book/686fa492dca21dadb9ba8df4
2025-07-10T21:00:49.489Z [info]: GET /api/reviews/book/686fa492dca21dadb9ba8df5
2025-07-10T21:00:49.495Z [info]: GET /api/reviews/book/686fa492dca21dadb9ba8df6
2025-07-10T21:00:49.498Z [info]: GET /api/reviews/book/686fa492dca21dadb9ba8df7
2025-07-10T21:00:49.503Z [info]: GET /api/reviews/book/686fa492dca21dadb9ba8df8
2025-07-10T21:00:49.508Z [info]: GET /api/reviews/book/686fa492dca21dadb9ba8df9
2025-07-10T21:00:49.515Z [info]: GET /api/reviews/book/686fa492dca21dadb9ba8dfa
2025-07-10T21:00:49.524Z [info]: GET /api/reviews/book/686fa492dca21dadb9ba8dfb
2025-07-10T21:00:49.530Z [info]: GET /api/reviews/book/686fa492dca21dadb9ba8dfc
2025-07-10T21:00:49.533Z [info]: GET /api/reviews/book/686fa492dca21dadb9ba8dfd
2025-07-10T21:00:49.539Z [info]: GET /api/reviews/book/686fa492dca21dadb9ba8dfe
2025-07-10T21:00:49.543Z [info]: GET /api/reviews/book/686fa492dca21dadb9ba8dff
2025-07-10T21:00:49.548Z [info]: GET /api/reviews/book/686fa492dca21dadb9ba8e00
2025-07-10T21:00:49.554Z [info]: GET /api/reviews/book/686fa492dca21dadb9ba8e01
2025-07-10T21:00:49.561Z [info]: GET /api/reviews/book/686fa492dca21dadb9ba8e02
2025-07-10T21:00:49.564Z [info]: GET /api/reviews/book/686fa492dca21dadb9ba8e03
2025-07-10T21:00:49.566Z [info]: GET /api/reviews/book/686fa492dca21dadb9ba8e04
2025-07-10T21:00:49.572Z [info]: GET /api/reviews/book/686fa492dca21dadb9ba8e05
2025-07-10T21:00:49.579Z [info]: GET /api/reviews/book/686fa492dca21dadb9ba8e06
2025-07-10T21:00:49.583Z [info]: GET /api/reviews/book/686fa492dca21dadb9ba8e07
2025-07-10T21:00:49.587Z [info]: GET /api/reviews/book/686fa492dca21dadb9ba8e08
2025-07-10T21:00:49.591Z [info]: GET /api/reviews/book/686fa492dca21dadb9ba8e09
2025-07-10T21:00:49.595Z [info]: GET /api/reviews/book/686fa492dca21dadb9ba8e0a
2025-07-10T21:00:49.599Z [info]: GET /api/reviews/book/686fa492dca21dadb9ba8e0b
2025-07-10T21:00:49.605Z [info]: GET /api/reviews/book/686fa492dca21dadb9ba8e0c
2025-07-10T21:00:49.611Z [info]: GET /api/reviews/book/686fa492dca21dadb9ba8de1
2025-07-10T21:00:49.615Z [info]: GET /api/reviews/book/686fa492dca21dadb9ba8de2
2025-07-10T21:02:21.468Z [info]: GET /api/reviews/book/686fa492dca21dadb9ba8ddf
2025-07-10T21:02:29.545Z [info]: GET /api/reviews/book/1
2025-07-10T21:02:29.561Z [error]: Error fetching reviews:
2025-07-10T21:02:29.567Z [info]: GET /api/reviews/book/2
2025-07-10T21:02:29.570Z [error]: Error fetching reviews:
2025-07-10T21:02:29.574Z [info]: GET /api/reviews/book/3
2025-07-10T21:02:29.576Z [error]: Error fetching reviews:
2025-07-10T21:02:29.581Z [info]: GET /api/reviews/book/4
2025-07-10T21:02:29.585Z [error]: Error fetching reviews:
2025-07-10T21:02:32.409Z [info]: GET /api/reviews/book/1
2025-07-10T21:02:32.412Z [error]: Error fetching reviews:
2025-07-10T21:02:38.108Z [info]: GET /api/reviews/book/686fa492dca21dadb9ba8da9
2025-07-10T21:02:38.117Z [info]: GET /api/reviews/book/686fa492dca21dadb9ba8daa
2025-07-10T21:02:38.120Z [info]: GET /api/reviews/book/686fa492dca21dadb9ba8dab
2025-07-10T21:02:38.124Z [info]: GET /api/reviews/book/686fa492dca21dadb9ba8daf
2025-07-10T21:02:38.127Z [info]: GET /api/reviews/book/686fa492dca21dadb9ba8db2
2025-07-10T21:02:38.132Z [info]: GET /api/reviews/book/686fa492dca21dadb9ba8db0
2025-07-10T21:02:38.134Z [info]: GET /api/reviews/book/686fa492dca21dadb9ba8db3
2025-07-10T21:02:38.144Z [info]: GET /api/reviews/book/686fa492dca21dadb9ba8dac
2025-07-10T21:02:38.148Z [info]: GET /api/reviews/book/686fa492dca21dadb9ba8db6
2025-07-10T21:02:38.153Z [info]: GET /api/reviews/book/686fa492dca21dadb9ba8db7
2025-07-10T21:02:38.155Z [info]: GET /api/reviews/book/686fa492dca21dadb9ba8db8
2025-07-10T21:02:38.159Z [info]: GET /api/reviews/book/686fa492dca21dadb9ba8db9
2025-07-10T21:02:38.162Z [info]: GET /api/reviews/book/686fa492dca21dadb9ba8dba
2025-07-10T21:02:38.172Z [info]: GET /api/reviews/book/686fa492dca21dadb9ba8dad
2025-07-10T21:02:38.175Z [info]: GET /api/reviews/book/686fa492dca21dadb9ba8dbb
2025-07-10T21:02:38.179Z [info]: GET /api/reviews/book/686fa492dca21dadb9ba8dbc
2025-07-10T21:02:38.182Z [info]: GET /api/reviews/book/686fa492dca21dadb9ba8dae
2025-07-10T21:02:38.187Z [info]: GET /api/reviews/book/686fa492dca21dadb9ba8db1
2025-07-10T21:02:38.191Z [info]: GET /api/reviews/book/686fa492dca21dadb9ba8dbd
2025-07-10T21:02:38.195Z [info]: GET /api/reviews/book/686fa492dca21dadb9ba8dbe
2025-07-10T21:02:38.197Z [info]: GET /api/reviews/book/686fa492dca21dadb9ba8dbf
2025-07-10T21:02:38.201Z [info]: GET /api/reviews/book/686fa492dca21dadb9ba8dc0
2025-07-10T21:02:38.204Z [info]: GET /api/reviews/book/686fa492dca21dadb9ba8dc1
2025-07-10T21:02:38.211Z [info]: GET /api/reviews/book/686fa492dca21dadb9ba8dc2
2025-07-10T21:02:38.213Z [info]: GET /api/reviews/book/686fa492dca21dadb9ba8dc3
2025-07-10T21:02:38.216Z [info]: GET /api/reviews/book/686fa492dca21dadb9ba8dc4
2025-07-10T21:02:38.220Z [info]: GET /api/reviews/book/686fa492dca21dadb9ba8dc5
2025-07-10T21:02:38.226Z [info]: GET /api/reviews/book/686fa492dca21dadb9ba8dc6
2025-07-10T21:02:38.229Z [info]: GET /api/reviews/book/686fa492dca21dadb9ba8dc7
2025-07-10T21:02:38.232Z [info]: GET /api/reviews/book/686fa492dca21dadb9ba8dc8
2025-07-10T21:02:38.235Z [info]: GET /api/reviews/book/686fa492dca21dadb9ba8dc9
2025-07-10T21:02:38.241Z [info]: GET /api/reviews/book/686fa492dca21dadb9ba8dca
2025-07-10T21:02:38.244Z [info]: GET /api/reviews/book/686fa492dca21dadb9ba8dcb
2025-07-10T21:02:38.249Z [info]: GET /api/reviews/book/686fa492dca21dadb9ba8dcc
2025-07-10T21:02:38.254Z [info]: GET /api/reviews/book/686fa492dca21dadb9ba8dcd
2025-07-10T21:02:38.260Z [info]: GET /api/reviews/book/686fa492dca21dadb9ba8dce
2025-07-10T21:02:38.262Z [info]: GET /api/reviews/book/686fa492dca21dadb9ba8dcf
2025-07-10T21:02:38.266Z [info]: GET /api/reviews/book/686fa492dca21dadb9ba8dd0
2025-07-10T21:02:38.268Z [info]: GET /api/reviews/book/686fa492dca21dadb9ba8dd1
2025-07-10T21:02:38.275Z [info]: GET /api/reviews/book/686fa492dca21dadb9ba8dd2
2025-07-10T21:02:38.277Z [info]: GET /api/reviews/book/686fa492dca21dadb9ba8dd3
2025-07-10T21:02:38.281Z [info]: GET /api/reviews/book/686fa492dca21dadb9ba8dd4
2025-07-10T21:02:38.283Z [info]: GET /api/reviews/book/686fa492dca21dadb9ba8dd5
2025-07-10T21:02:38.289Z [info]: GET /api/reviews/book/686fa492dca21dadb9ba8dd6
2025-07-10T21:02:38.294Z [info]: GET /api/reviews/book/686fa492dca21dadb9ba8dd7
2025-07-10T21:02:38.297Z [info]: GET /api/reviews/book/686fa492dca21dadb9ba8dd8
2025-07-10T21:02:38.299Z [info]: GET /api/reviews/book/686fa492dca21dadb9ba8dd9
2025-07-10T21:02:38.305Z [info]: GET /api/reviews/book/686fa492dca21dadb9ba8dda
2025-07-10T21:02:38.309Z [info]: GET /api/reviews/book/686fa492dca21dadb9ba8ddb
2025-07-10T21:02:38.315Z [info]: GET /api/reviews/book/686fa492dca21dadb9ba8ddc
2025-07-10T21:02:38.320Z [info]: GET /api/reviews/book/686fa492dca21dadb9ba8ddd
2025-07-10T21:02:38.338Z [info]: GET /api/reviews/book/686fa492dca21dadb9ba8dde
2025-07-10T21:02:38.342Z [info]: GET /api/reviews/book/686fa492dca21dadb9ba8ddf
2025-07-10T21:02:38.345Z [info]: GET /api/reviews/book/686fa492dca21dadb9ba8de0
2025-07-10T21:02:38.353Z [info]: GET /api/reviews/book/686fa492dca21dadb9ba8db5
2025-07-10T21:02:38.362Z [info]: GET /api/reviews/book/686fa492dca21dadb9ba8db4
2025-07-10T21:02:38.365Z [info]: GET /api/reviews/book/686fa492dca21dadb9ba8de3
2025-07-10T21:02:38.375Z [info]: GET /api/reviews/book/686fa492dca21dadb9ba8de4
2025-07-10T21:02:38.377Z [info]: GET /api/reviews/book/686fa492dca21dadb9ba8de5
2025-07-10T21:02:38.382Z [info]: GET /api/reviews/book/686fa492dca21dadb9ba8de6
2025-07-10T21:02:38.385Z [info]: GET /api/reviews/book/686fa492dca21dadb9ba8de7
2025-07-10T21:02:38.393Z [info]: GET /api/reviews/book/686fa492dca21dadb9ba8de8
2025-07-10T21:02:38.395Z [info]: GET /api/reviews/book/686fa492dca21dadb9ba8de9
2025-07-10T21:02:38.399Z [info]: GET /api/reviews/book/686fa492dca21dadb9ba8dea
2025-07-10T21:02:38.400Z [info]: GET /api/reviews/book/686fa492dca21dadb9ba8deb
2025-07-10T21:02:38.410Z [info]: GET /api/reviews/book/686fa492dca21dadb9ba8dec
2025-07-10T21:02:38.412Z [info]: GET /api/reviews/book/686fa492dca21dadb9ba8ded
2025-07-10T21:02:38.415Z [info]: GET /api/reviews/book/686fa492dca21dadb9ba8dee
2025-07-10T21:02:38.418Z [info]: GET /api/reviews/book/686fa492dca21dadb9ba8def
2025-07-10T21:02:38.424Z [info]: GET /api/reviews/book/686fa492dca21dadb9ba8df0
2025-07-10T21:02:38.427Z [info]: GET /api/reviews/book/686fa492dca21dadb9ba8df1
2025-07-10T21:02:38.431Z [info]: GET /api/reviews/book/686fa492dca21dadb9ba8df2
2025-07-10T21:02:38.432Z [info]: GET /api/reviews/book/686fa492dca21dadb9ba8df3
2025-07-10T21:02:38.438Z [info]: GET /api/reviews/book/686fa492dca21dadb9ba8df4
2025-07-10T21:02:38.443Z [info]: GET /api/reviews/book/686fa492dca21dadb9ba8df5
2025-07-10T21:02:38.447Z [info]: GET /api/reviews/book/686fa492dca21dadb9ba8df6
2025-07-10T21:02:38.450Z [info]: GET /api/reviews/book/686fa492dca21dadb9ba8df7
2025-07-10T21:02:38.459Z [info]: GET /api/reviews/book/686fa492dca21dadb9ba8df8
2025-07-10T21:02:38.461Z [info]: GET /api/reviews/book/686fa492dca21dadb9ba8df9
2025-07-10T21:02:38.464Z [info]: GET /api/reviews/book/686fa492dca21dadb9ba8dfa
2025-07-10T21:02:38.469Z [info]: GET /api/reviews/book/686fa492dca21dadb9ba8dfb
2025-07-10T21:02:38.481Z [info]: GET /api/reviews/book/686fa492dca21dadb9ba8dfc
2025-07-10T21:02:38.484Z [info]: GET /api/reviews/book/686fa492dca21dadb9ba8dfd
2025-07-10T21:02:38.491Z [info]: GET /api/reviews/book/686fa492dca21dadb9ba8dfe
2025-07-10T21:02:38.493Z [info]: GET /api/reviews/book/686fa492dca21dadb9ba8dff
2025-07-10T21:02:38.496Z [info]: GET /api/reviews/book/686fa492dca21dadb9ba8e00
2025-07-10T21:02:38.499Z [info]: GET /api/reviews/book/686fa492dca21dadb9ba8e01
2025-07-10T21:02:38.505Z [info]: GET /api/reviews/book/686fa492dca21dadb9ba8e02
2025-07-10T21:02:38.508Z [info]: GET /api/reviews/book/686fa492dca21dadb9ba8e03
2025-07-10T21:02:38.513Z [info]: GET /api/reviews/book/686fa492dca21dadb9ba8e04
2025-07-10T21:02:38.515Z [info]: GET /api/reviews/book/686fa492dca21dadb9ba8e05
2025-07-10T21:02:38.519Z [info]: GET /api/reviews/book/686fa492dca21dadb9ba8e06
2025-07-10T21:02:38.522Z [info]: GET /api/reviews/book/686fa492dca21dadb9ba8e07
2025-07-10T21:02:38.527Z [info]: GET /api/reviews/book/686fa492dca21dadb9ba8e08
2025-07-10T21:02:38.529Z [info]: GET /api/reviews/book/686fa492dca21dadb9ba8e09
2025-07-10T21:02:38.531Z [info]: GET /api/reviews/book/686fa492dca21dadb9ba8e0a
2025-07-10T21:02:38.533Z [info]: GET /api/reviews/book/686fa492dca21dadb9ba8e0b
2025-07-10T21:02:38.540Z [info]: GET /api/reviews/book/686fa492dca21dadb9ba8e0c
2025-07-10T21:02:38.542Z [info]: GET /api/reviews/book/686fa492dca21dadb9ba8de1
2025-07-10T21:02:38.546Z [info]: GET /api/reviews/book/686fa492dca21dadb9ba8de2
2025-07-10T21:02:41.104Z [info]: GET /api/reviews/book/686fa492dca21dadb9ba8dd0
2025-07-10T21:02:44.337Z [info]: GET /api/reviews/book/686fa492dca21dadb9ba8e07
2025-07-10T21:02:44.339Z [info]: GET /api/reviews/book/686fa492dca21dadb9ba8e08
2025-07-10T21:02:44.341Z [info]: GET /api/reviews/book/686fa492dca21dadb9ba8e09
2025-07-10T21:02:44.342Z [info]: GET /api/reviews/book/686fa492dca21dadb9ba8e0a
2025-07-10T21:02:44.344Z [info]: GET /api/reviews/book/686fa492dca21dadb9ba8e0b
2025-07-10T21:02:47.552Z [info]: GET /api/reviews/book/686fa492dca21dadb9ba8e0b
2025-07-10T21:03:39.272Z [info]: GET /api/reviews/book/686fa492dca21dadb9ba8dfe
2025-07-10T21:03:39.276Z [info]: GET /api/reviews/book/686fa492dca21dadb9ba8dbf
2025-07-10T21:03:39.279Z [info]: GET /api/reviews/book/686fa492dca21dadb9ba8dd1
2025-07-10T21:03:39.281Z [info]: GET /api/reviews/book/686fa492dca21dadb9ba8dfc
2025-07-10T21:03:39.283Z [info]: GET /api/reviews/book/686fa492dca21dadb9ba8e03
2025-07-10T21:03:39.291Z [info]: GET /api/reviews/book/686fa492dca21dadb9ba8dda
2025-07-10T21:03:39.295Z [info]: GET /api/reviews/book/686fa492dca21dadb9ba8df2
2025-07-10T21:03:39.299Z [info]: GET /api/reviews/book/686fa492dca21dadb9ba8dac
2025-07-10T21:03:39.301Z [info]: GET /api/reviews/book/686fa492dca21dadb9ba8dad
2025-07-10T21:03:39.306Z [info]: GET /api/reviews/book/686fa492dca21dadb9ba8db4
2025-07-10T21:03:39.310Z [info]: GET /api/reviews/book/686fa492dca21dadb9ba8de4
2025-07-10T21:03:39.320Z [info]: GET /api/reviews/book/686fa492dca21dadb9ba8de0
2025-07-10T21:03:45.920Z [info]: GET /api/reviews/book/686fa492dca21dadb9ba8dfc
2025-07-10T21:03:51.270Z [info]: POST /api/reviews
2025-07-10T21:03:51.375Z [info]: Review created: 68702ab7ead9aca34c7f22c5
2025-07-10T21:03:51.385Z [info]: GET /api/reviews/book/686fa492dca21dadb9ba8dfc
2025-07-10T21:03:55.405Z [info]: GET /api/reviews/book/686fa492dca21dadb9ba8dfc
2025-07-10T21:04:00.067Z [info]: GET /api/reviews/book/686fa492dca21dadb9ba8dbf
2025-07-10T21:04:00.071Z [info]: GET /api/reviews/book/686fa492dca21dadb9ba8dfe
2025-07-10T21:04:00.074Z [info]: GET /api/reviews/book/686fa492dca21dadb9ba8e03
2025-07-10T21:04:00.080Z [info]: GET /api/reviews/book/686fa492dca21dadb9ba8dd1
2025-07-10T21:04:00.083Z [info]: GET /api/reviews/book/686fa492dca21dadb9ba8dda
2025-07-10T21:04:00.092Z [info]: GET /api/reviews/book/686fa492dca21dadb9ba8df2
2025-07-10T21:04:00.101Z [info]: GET /api/reviews/book/686fa492dca21dadb9ba8dac
2025-07-10T21:04:00.105Z [info]: GET /api/reviews/book/686fa492dca21dadb9ba8dfc
2025-07-10T21:04:00.109Z [info]: GET /api/reviews/book/686fa492dca21dadb9ba8dad
2025-07-10T21:04:00.115Z [info]: GET /api/reviews/book/686fa492dca21dadb9ba8de0
2025-07-10T21:04:00.118Z [info]: GET /api/reviews/book/686fa492dca21dadb9ba8db4
2025-07-10T21:04:00.133Z [info]: GET /api/reviews/book/686fa492dca21dadb9ba8de4
2025-07-10T21:04:05.597Z [info]: GET /api/reviews/book/686fa492dca21dadb9ba8dfc
2025-07-10T21:05:06.845Z [info]: GET /api/reviews/book/1
2025-07-10T21:05:06.848Z [error]: Error fetching reviews:
2025-07-10T21:05:06.850Z [info]: GET /api/reviews/book/2
2025-07-10T21:05:06.852Z [error]: Error fetching reviews:
2025-07-10T21:05:06.856Z [info]: GET /api/reviews/book/3
2025-07-10T21:05:06.858Z [error]: Error fetching reviews:
2025-07-10T21:05:06.860Z [info]: GET /api/reviews/book/4
2025-07-10T21:05:06.861Z [error]: Error fetching reviews:
2025-07-10T21:05:11.911Z [info]: GET /api/reviews/book/686fa492dca21dadb9ba8da9
2025-07-10T21:05:11.915Z [info]: GET /api/reviews/book/686fa492dca21dadb9ba8daa
2025-07-10T21:05:11.920Z [info]: GET /api/reviews/book/686fa492dca21dadb9ba8dab
2025-07-10T21:05:11.925Z [info]: GET /api/reviews/book/686fa492dca21dadb9ba8daf
2025-07-10T21:05:11.928Z [info]: GET /api/reviews/book/686fa492dca21dadb9ba8db0
2025-07-10T21:05:11.931Z [info]: GET /api/reviews/book/686fa492dca21dadb9ba8db2
2025-07-10T21:05:11.935Z [info]: GET /api/reviews/book/686fa492dca21dadb9ba8db3
2025-07-10T21:05:11.939Z [info]: GET /api/reviews/book/686fa492dca21dadb9ba8dac
2025-07-10T21:05:11.944Z [info]: GET /api/reviews/book/686fa492dca21dadb9ba8db7
2025-07-10T21:05:11.947Z [info]: GET /api/reviews/book/686fa492dca21dadb9ba8db6
2025-07-10T21:05:11.953Z [info]: GET /api/reviews/book/686fa492dca21dadb9ba8db8
2025-07-10T21:05:11.957Z [info]: GET /api/reviews/book/686fa492dca21dadb9ba8db9
2025-07-10T21:05:11.963Z [info]: GET /api/reviews/book/686fa492dca21dadb9ba8dba
2025-07-10T21:05:11.966Z [info]: GET /api/reviews/book/686fa492dca21dadb9ba8dad
2025-07-10T21:05:11.968Z [info]: GET /api/reviews/book/686fa492dca21dadb9ba8dbb
2025-07-10T21:05:11.971Z [info]: GET /api/reviews/book/686fa492dca21dadb9ba8dbc
2025-07-10T21:05:11.976Z [info]: GET /api/reviews/book/686fa492dca21dadb9ba8dae
2025-07-10T21:05:11.979Z [info]: GET /api/reviews/book/686fa492dca21dadb9ba8db1
2025-07-10T21:05:11.982Z [info]: GET /api/reviews/book/686fa492dca21dadb9ba8dbd
2025-07-10T21:05:11.984Z [info]: GET /api/reviews/book/686fa492dca21dadb9ba8dbe
2025-07-10T21:05:11.986Z [info]: GET /api/reviews/book/686fa492dca21dadb9ba8dbf
2025-07-10T21:05:11.989Z [info]: GET /api/reviews/book/686fa492dca21dadb9ba8dc0
2025-07-10T21:05:12.000Z [info]: GET /api/reviews/book/686fa492dca21dadb9ba8dc1
2025-07-10T21:05:12.004Z [info]: GET /api/reviews/book/686fa492dca21dadb9ba8dc2
2025-07-10T21:05:12.008Z [info]: GET /api/reviews/book/686fa492dca21dadb9ba8dc3
2025-07-10T21:05:12.010Z [info]: GET /api/reviews/book/686fa492dca21dadb9ba8dc4
2025-07-10T21:05:12.014Z [info]: GET /api/reviews/book/686fa492dca21dadb9ba8dc5
2025-07-10T21:05:12.016Z [info]: GET /api/reviews/book/686fa492dca21dadb9ba8dc6
2025-07-10T21:05:12.019Z [info]: GET /api/reviews/book/686fa492dca21dadb9ba8dc7
2025-07-10T21:05:12.022Z [info]: GET /api/reviews/book/686fa492dca21dadb9ba8dc8
2025-07-10T21:05:12.025Z [info]: GET /api/reviews/book/686fa492dca21dadb9ba8dc9
2025-07-10T21:05:12.027Z [info]: GET /api/reviews/book/686fa492dca21dadb9ba8dca
2025-07-10T21:05:12.030Z [info]: GET /api/reviews/book/686fa492dca21dadb9ba8dcb
2025-07-10T21:05:12.033Z [info]: GET /api/reviews/book/686fa492dca21dadb9ba8dcc
2025-07-10T21:05:12.037Z [info]: GET /api/reviews/book/686fa492dca21dadb9ba8dcd
2025-07-10T21:05:12.039Z [info]: GET /api/reviews/book/686fa492dca21dadb9ba8dce
2025-07-10T21:05:12.042Z [info]: GET /api/reviews/book/686fa492dca21dadb9ba8dcf
2025-07-10T21:05:12.044Z [info]: GET /api/reviews/book/686fa492dca21dadb9ba8dd0
2025-07-10T21:05:12.047Z [info]: GET /api/reviews/book/686fa492dca21dadb9ba8dd1
2025-07-10T21:05:12.050Z [info]: GET /api/reviews/book/686fa492dca21dadb9ba8dd2
2025-07-10T21:05:12.054Z [info]: GET /api/reviews/book/686fa492dca21dadb9ba8dd3
2025-07-10T21:05:12.057Z [info]: GET /api/reviews/book/686fa492dca21dadb9ba8dd4
2025-07-10T21:05:12.060Z [info]: GET /api/reviews/book/686fa492dca21dadb9ba8dd5
2025-07-10T21:05:12.064Z [info]: GET /api/reviews/book/686fa492dca21dadb9ba8dd6
2025-07-10T21:05:12.067Z [info]: GET /api/reviews/book/686fa492dca21dadb9ba8dd7
2025-07-10T21:05:12.070Z [info]: GET /api/reviews/book/686fa492dca21dadb9ba8dd8
2025-07-10T21:05:12.073Z [info]: GET /api/reviews/book/686fa492dca21dadb9ba8dd9
2025-07-10T21:05:12.076Z [info]: GET /api/reviews/book/686fa492dca21dadb9ba8dda
2025-07-10T21:05:12.078Z [info]: GET /api/reviews/book/686fa492dca21dadb9ba8ddb
2025-07-10T21:05:12.080Z [info]: GET /api/reviews/book/686fa492dca21dadb9ba8ddc
2025-07-10T21:05:12.083Z [info]: GET /api/reviews/book/686fa492dca21dadb9ba8ddd
2025-07-10T21:05:12.086Z [info]: GET /api/reviews/book/686fa492dca21dadb9ba8dde
2025-07-10T21:05:12.089Z [info]: GET /api/reviews/book/686fa492dca21dadb9ba8ddf
2025-07-10T21:05:12.093Z [info]: GET /api/reviews/book/686fa492dca21dadb9ba8de0
2025-07-10T21:05:12.096Z [info]: GET /api/reviews/book/686fa492dca21dadb9ba8db5
2025-07-10T21:05:12.098Z [info]: GET /api/reviews/book/686fa492dca21dadb9ba8db4
2025-07-10T21:05:12.101Z [info]: GET /api/reviews/book/686fa492dca21dadb9ba8de3
2025-07-10T21:05:12.103Z [info]: GET /api/reviews/book/686fa492dca21dadb9ba8de4
2025-07-10T21:05:12.106Z [info]: GET /api/reviews/book/686fa492dca21dadb9ba8de5
2025-07-10T21:05:12.109Z [info]: GET /api/reviews/book/686fa492dca21dadb9ba8de6
2025-07-10T21:05:12.116Z [info]: GET /api/reviews/book/686fa492dca21dadb9ba8de7
2025-07-10T21:05:12.123Z [info]: GET /api/reviews/book/686fa492dca21dadb9ba8de8
2025-07-10T21:05:12.130Z [info]: GET /api/reviews/book/686fa492dca21dadb9ba8de9
2025-07-10T21:05:12.139Z [info]: GET /api/reviews/book/686fa492dca21dadb9ba8dea
2025-07-10T21:05:12.147Z [info]: GET /api/reviews/book/686fa492dca21dadb9ba8deb
2025-07-10T21:05:12.151Z [info]: GET /api/reviews/book/686fa492dca21dadb9ba8dec
2025-07-10T21:05:12.157Z [info]: GET /api/reviews/book/686fa492dca21dadb9ba8ded
2025-07-10T21:05:12.161Z [info]: GET /api/reviews/book/686fa492dca21dadb9ba8dee
2025-07-10T21:05:12.166Z [info]: GET /api/reviews/book/686fa492dca21dadb9ba8def
2025-07-10T21:05:12.170Z [info]: GET /api/reviews/book/686fa492dca21dadb9ba8df0
2025-07-10T21:05:12.174Z [info]: GET /api/reviews/book/686fa492dca21dadb9ba8df1
2025-07-10T21:05:12.177Z [info]: GET /api/reviews/book/686fa492dca21dadb9ba8df2
2025-07-10T21:05:12.180Z [info]: GET /api/reviews/book/686fa492dca21dadb9ba8df3
2025-07-10T21:05:12.181Z [info]: GET /api/reviews/book/686fa492dca21dadb9ba8df4
2025-07-10T21:05:12.183Z [info]: GET /api/reviews/book/686fa492dca21dadb9ba8df5
2025-07-10T21:05:12.186Z [info]: GET /api/reviews/book/686fa492dca21dadb9ba8df6
2025-07-10T21:05:12.190Z [info]: GET /api/reviews/book/686fa492dca21dadb9ba8df7
2025-07-10T21:05:12.193Z [info]: GET /api/reviews/book/686fa492dca21dadb9ba8df9
2025-07-10T21:05:12.196Z [info]: GET /api/reviews/book/686fa492dca21dadb9ba8dfa
2025-07-10T21:05:12.198Z [info]: GET /api/reviews/book/686fa492dca21dadb9ba8df8
2025-07-10T21:05:12.201Z [info]: GET /api/reviews/book/686fa492dca21dadb9ba8dfb
2025-07-10T21:05:12.204Z [info]: GET /api/reviews/book/686fa492dca21dadb9ba8dfc
2025-07-10T21:05:12.207Z [info]: GET /api/reviews/book/686fa492dca21dadb9ba8dfd
2025-07-10T21:05:12.211Z [info]: GET /api/reviews/book/686fa492dca21dadb9ba8dfe
2025-07-10T21:05:12.214Z [info]: GET /api/reviews/book/686fa492dca21dadb9ba8dff
2025-07-10T21:05:12.217Z [info]: GET /api/reviews/book/686fa492dca21dadb9ba8e00
2025-07-10T21:05:12.222Z [info]: GET /api/reviews/book/686fa492dca21dadb9ba8e01
2025-07-10T21:05:12.226Z [info]: GET /api/reviews/book/686fa492dca21dadb9ba8e02
2025-07-10T21:05:12.232Z [info]: GET /api/reviews/book/686fa492dca21dadb9ba8e03
2025-07-10T21:05:12.236Z [info]: GET /api/reviews/book/686fa492dca21dadb9ba8e04
2025-07-10T21:05:12.240Z [info]: GET /api/reviews/book/686fa492dca21dadb9ba8e05
2025-07-10T21:05:12.244Z [info]: GET /api/reviews/book/686fa492dca21dadb9ba8e06
2025-07-10T21:05:12.251Z [info]: GET /api/reviews/book/686fa492dca21dadb9ba8e07
2025-07-10T21:05:12.253Z [info]: GET /api/reviews/book/686fa492dca21dadb9ba8e08
2025-07-10T21:05:12.256Z [info]: GET /api/reviews/book/686fa492dca21dadb9ba8e09
2025-07-10T21:05:12.259Z [info]: GET /api/reviews/book/686fa492dca21dadb9ba8e0a
2025-07-10T21:05:12.264Z [info]: GET /api/reviews/book/686fa492dca21dadb9ba8e0b
2025-07-10T21:05:12.268Z [info]: GET /api/reviews/book/686fa492dca21dadb9ba8e0c
2025-07-10T21:05:12.271Z [info]: GET /api/reviews/book/686fa492dca21dadb9ba8de1
2025-07-10T21:05:12.274Z [info]: GET /api/reviews/book/686fa492dca21dadb9ba8de2
2025-07-10T21:05:29.810Z [info]: GET /api/reviews/book/1
2025-07-10T21:05:29.812Z [error]: Error fetching reviews:
2025-07-10T21:05:29.815Z [info]: GET /api/reviews/book/2
2025-07-10T21:05:29.817Z [error]: Error fetching reviews:
2025-07-10T21:05:29.820Z [info]: GET /api/reviews/book/3
2025-07-10T21:05:29.823Z [error]: Error fetching reviews:
2025-07-10T21:05:29.824Z [info]: GET /api/reviews/book/4
2025-07-10T21:05:29.825Z [error]: Error fetching reviews:
2025-07-10T21:05:40.739Z [info]: GET /api/reviews/book/686fa492dca21dadb9ba8da9
2025-07-10T21:05:40.749Z [info]: GET /api/reviews/book/686fa492dca21dadb9ba8daa
2025-07-10T21:05:40.757Z [info]: GET /api/reviews/book/686fa492dca21dadb9ba8dab
2025-07-10T21:05:40.764Z [info]: GET /api/reviews/book/686fa492dca21dadb9ba8daf
2025-07-10T21:05:40.771Z [info]: GET /api/reviews/book/686fa492dca21dadb9ba8db0
2025-07-10T21:05:40.779Z [info]: GET /api/reviews/book/686fa492dca21dadb9ba8db2
2025-07-10T21:05:40.785Z [info]: GET /api/reviews/book/686fa492dca21dadb9ba8db3
2025-07-10T21:05:40.796Z [info]: GET /api/reviews/book/686fa492dca21dadb9ba8dac
2025-07-10T21:05:40.810Z [info]: GET /api/reviews/book/686fa492dca21dadb9ba8db6
2025-07-10T21:05:40.816Z [info]: GET /api/reviews/book/686fa492dca21dadb9ba8db7
2025-07-10T21:05:40.823Z [info]: GET /api/reviews/book/686fa492dca21dadb9ba8db8
2025-07-10T21:05:40.826Z [info]: GET /api/reviews/book/686fa492dca21dadb9ba8db9
2025-07-10T21:05:40.837Z [info]: GET /api/reviews/book/686fa492dca21dadb9ba8dba
2025-07-10T21:05:40.849Z [info]: GET /api/reviews/book/686fa492dca21dadb9ba8dad
2025-07-10T21:05:40.854Z [info]: GET /api/reviews/book/686fa492dca21dadb9ba8dbb
2025-07-10T21:05:40.857Z [info]: GET /api/reviews/book/686fa492dca21dadb9ba8dbc
2025-07-10T21:05:40.864Z [info]: GET /api/reviews/book/686fa492dca21dadb9ba8dae
2025-07-10T21:05:40.869Z [info]: GET /api/reviews/book/686fa492dca21dadb9ba8db1
2025-07-10T21:05:40.883Z [info]: GET /api/reviews/book/686fa492dca21dadb9ba8dbd
2025-07-10T21:05:40.904Z [info]: GET /api/reviews/book/686fa492dca21dadb9ba8dbe
2025-07-10T21:05:40.911Z [info]: GET /api/reviews/book/686fa492dca21dadb9ba8dbf
2025-07-10T21:05:40.915Z [info]: GET /api/reviews/book/686fa492dca21dadb9ba8dc0
2025-07-10T21:05:40.918Z [info]: GET /api/reviews/book/686fa492dca21dadb9ba8dc1
2025-07-10T21:05:40.923Z [info]: GET /api/reviews/book/686fa492dca21dadb9ba8dc2
2025-07-10T21:05:40.931Z [info]: GET /api/reviews/book/686fa492dca21dadb9ba8dc3
2025-07-10T21:05:40.936Z [info]: GET /api/reviews/book/686fa492dca21dadb9ba8dc4
2025-07-10T21:05:40.941Z [info]: GET /api/reviews/book/686fa492dca21dadb9ba8dc5
2025-07-10T21:05:40.944Z [info]: GET /api/reviews/book/686fa492dca21dadb9ba8dc6
2025-07-10T21:05:40.947Z [info]: GET /api/reviews/book/686fa492dca21dadb9ba8dc7
2025-07-10T21:05:40.949Z [info]: GET /api/reviews/book/686fa492dca21dadb9ba8dc8
2025-07-10T21:05:40.957Z [info]: GET /api/reviews/book/686fa492dca21dadb9ba8dc9
2025-07-10T21:05:40.964Z [info]: GET /api/reviews/book/686fa492dca21dadb9ba8dca
2025-07-10T21:05:40.967Z [info]: GET /api/reviews/book/686fa492dca21dadb9ba8dcb
2025-07-10T21:05:40.970Z [info]: GET /api/reviews/book/686fa492dca21dadb9ba8dcc
2025-07-10T21:05:40.975Z [info]: GET /api/reviews/book/686fa492dca21dadb9ba8dcd
2025-07-10T21:05:40.978Z [info]: GET /api/reviews/book/686fa492dca21dadb9ba8dce
2025-07-10T21:05:40.985Z [info]: GET /api/reviews/book/686fa492dca21dadb9ba8dcf
2025-07-10T21:05:40.993Z [info]: GET /api/reviews/book/686fa492dca21dadb9ba8dd0
2025-07-10T21:05:40.995Z [info]: GET /api/reviews/book/686fa492dca21dadb9ba8dd1
2025-07-10T21:05:40.997Z [info]: GET /api/reviews/book/686fa492dca21dadb9ba8dd2
2025-07-10T21:05:41.001Z [info]: GET /api/reviews/book/686fa492dca21dadb9ba8dd3
2025-07-10T21:05:41.005Z [info]: GET /api/reviews/book/686fa492dca21dadb9ba8dd4
2025-07-10T21:05:41.013Z [info]: GET /api/reviews/book/686fa492dca21dadb9ba8dd5
2025-07-10T21:05:41.023Z [info]: GET /api/reviews/book/686fa492dca21dadb9ba8dd6
2025-07-10T21:05:41.026Z [info]: GET /api/reviews/book/686fa492dca21dadb9ba8dd7
2025-07-10T21:05:41.028Z [info]: GET /api/reviews/book/686fa492dca21dadb9ba8dd8
2025-07-10T21:05:41.032Z [info]: GET /api/reviews/book/686fa492dca21dadb9ba8dd9
2025-07-10T21:05:41.035Z [info]: GET /api/reviews/book/686fa492dca21dadb9ba8dda
2025-07-10T21:05:41.041Z [info]: GET /api/reviews/book/686fa492dca21dadb9ba8ddb
2025-07-10T21:05:41.048Z [info]: GET /api/reviews/book/686fa492dca21dadb9ba8ddc
2025-07-10T21:05:41.051Z [info]: GET /api/reviews/book/686fa492dca21dadb9ba8ddd
2025-07-10T21:05:41.053Z [info]: GET /api/reviews/book/686fa492dca21dadb9ba8dde
2025-07-10T21:05:41.061Z [info]: GET /api/reviews/book/686fa492dca21dadb9ba8ddf
2025-07-10T21:05:41.066Z [info]: GET /api/reviews/book/686fa492dca21dadb9ba8de0
2025-07-10T21:05:41.077Z [info]: GET /api/reviews/book/686fa492dca21dadb9ba8db5
2025-07-10T21:05:41.083Z [info]: GET /api/reviews/book/686fa492dca21dadb9ba8db4
2025-07-10T21:05:41.087Z [info]: GET /api/reviews/book/686fa492dca21dadb9ba8de3
2025-07-10T21:05:41.090Z [info]: GET /api/reviews/book/686fa492dca21dadb9ba8de4
2025-07-10T21:05:41.095Z [info]: GET /api/reviews/book/686fa492dca21dadb9ba8de5
2025-07-10T21:05:41.098Z [info]: GET /api/reviews/book/686fa492dca21dadb9ba8de6
2025-07-10T21:05:41.104Z [info]: GET /api/reviews/book/686fa492dca21dadb9ba8de7
2025-07-10T21:05:41.113Z [info]: GET /api/reviews/book/686fa492dca21dadb9ba8de8
2025-07-10T21:05:41.118Z [info]: GET /api/reviews/book/686fa492dca21dadb9ba8de9
2025-07-10T21:05:41.122Z [info]: GET /api/reviews/book/686fa492dca21dadb9ba8dea
2025-07-10T21:05:41.126Z [info]: GET /api/reviews/book/686fa492dca21dadb9ba8deb
2025-07-10T21:05:41.131Z [info]: GET /api/reviews/book/686fa492dca21dadb9ba8dec
2025-07-10T21:05:41.138Z [info]: GET /api/reviews/book/686fa492dca21dadb9ba8ded
2025-07-10T21:05:41.145Z [info]: GET /api/reviews/book/686fa492dca21dadb9ba8dee
2025-07-10T21:05:41.148Z [info]: GET /api/reviews/book/686fa492dca21dadb9ba8def
2025-07-10T21:05:41.151Z [info]: GET /api/reviews/book/686fa492dca21dadb9ba8df0
2025-07-10T21:05:41.155Z [info]: GET /api/reviews/book/686fa492dca21dadb9ba8df1
2025-07-10T21:05:41.161Z [info]: GET /api/reviews/book/686fa492dca21dadb9ba8df2
2025-07-10T21:05:41.169Z [info]: GET /api/reviews/book/686fa492dca21dadb9ba8df3
2025-07-10T21:05:41.197Z [info]: GET /api/reviews/book/686fa492dca21dadb9ba8df4
2025-07-10T21:05:41.201Z [info]: GET /api/reviews/book/686fa492dca21dadb9ba8df5
2025-07-10T21:05:41.208Z [info]: GET /api/reviews/book/686fa492dca21dadb9ba8df6
2025-07-10T21:05:41.214Z [info]: GET /api/reviews/book/686fa492dca21dadb9ba8df7
2025-07-10T21:05:41.218Z [info]: GET /api/reviews/book/686fa492dca21dadb9ba8df8
2025-07-10T21:05:41.226Z [info]: GET /api/reviews/book/686fa492dca21dadb9ba8df9
2025-07-10T21:05:41.231Z [info]: GET /api/reviews/book/686fa492dca21dadb9ba8dfa
2025-07-10T21:05:41.233Z [info]: GET /api/reviews/book/686fa492dca21dadb9ba8dfb
2025-07-10T21:05:41.235Z [info]: GET /api/reviews/book/686fa492dca21dadb9ba8dfc
2025-07-10T21:05:41.238Z [info]: GET /api/reviews/book/686fa492dca21dadb9ba8dfd
2025-07-10T21:05:41.241Z [info]: GET /api/reviews/book/686fa492dca21dadb9ba8dfe
2025-07-10T21:05:41.246Z [info]: GET /api/reviews/book/686fa492dca21dadb9ba8dff
2025-07-10T21:05:41.252Z [info]: GET /api/reviews/book/686fa492dca21dadb9ba8e00
2025-07-10T21:05:41.254Z [info]: GET /api/reviews/book/686fa492dca21dadb9ba8e01
2025-07-10T21:05:41.257Z [info]: GET /api/reviews/book/686fa492dca21dadb9ba8e02
2025-07-10T21:05:41.259Z [info]: GET /api/reviews/book/686fa492dca21dadb9ba8e03
2025-07-10T21:05:41.262Z [info]: GET /api/reviews/book/686fa492dca21dadb9ba8e04
2025-07-10T21:05:41.267Z [info]: GET /api/reviews/book/686fa492dca21dadb9ba8e05
2025-07-10T21:05:41.273Z [info]: GET /api/reviews/book/686fa492dca21dadb9ba8e06
2025-07-10T21:05:41.276Z [info]: GET /api/reviews/book/686fa492dca21dadb9ba8e07
2025-07-10T21:05:41.278Z [info]: GET /api/reviews/book/686fa492dca21dadb9ba8e08
2025-07-10T21:05:41.281Z [info]: GET /api/reviews/book/686fa492dca21dadb9ba8e09
2025-07-10T21:05:41.284Z [info]: GET /api/reviews/book/686fa492dca21dadb9ba8e0a
2025-07-10T21:05:41.295Z [info]: GET /api/reviews/book/686fa492dca21dadb9ba8e0b
2025-07-10T21:05:41.302Z [info]: GET /api/reviews/book/686fa492dca21dadb9ba8e0c
2025-07-10T21:05:41.305Z [info]: GET /api/reviews/book/686fa492dca21dadb9ba8de1
2025-07-10T21:05:41.307Z [info]: GET /api/reviews/book/686fa492dca21dadb9ba8de2
2025-07-10T21:06:00.385Z [info]: GET /api/reviews/book/1
2025-07-10T21:06:00.387Z [error]: Error fetching reviews:
2025-07-10T21:06:00.390Z [info]: GET /api/reviews/book/2
2025-07-10T21:06:00.392Z [error]: Error fetching reviews:
2025-07-10T21:06:00.394Z [info]: GET /api/reviews/book/3
2025-07-10T21:06:00.396Z [error]: Error fetching reviews:
2025-07-10T21:06:00.397Z [info]: GET /api/reviews/book/4
2025-07-10T21:06:00.399Z [error]: Error fetching reviews:
2025-07-10T21:06:05.214Z [info]: GET /api/reviews/book/686fa492dca21dadb9ba8da9
2025-07-10T21:06:05.218Z [info]: GET /api/reviews/book/686fa492dca21dadb9ba8daa
2025-07-10T21:06:05.221Z [info]: GET /api/reviews/book/686fa492dca21dadb9ba8dab
2025-07-10T21:06:05.224Z [info]: GET /api/reviews/book/686fa492dca21dadb9ba8daf
2025-07-10T21:06:05.229Z [info]: GET /api/reviews/book/686fa492dca21dadb9ba8db0
2025-07-10T21:06:05.234Z [info]: GET /api/reviews/book/686fa492dca21dadb9ba8db2
2025-07-10T21:06:05.243Z [info]: GET /api/reviews/book/686fa492dca21dadb9ba8db6
2025-07-10T21:06:05.249Z [info]: GET /api/reviews/book/686fa492dca21dadb9ba8db3
2025-07-10T21:06:05.259Z [info]: GET /api/reviews/book/686fa492dca21dadb9ba8dac
2025-07-10T21:06:05.262Z [info]: GET /api/reviews/book/686fa492dca21dadb9ba8db8
2025-07-10T21:06:05.265Z [info]: GET /api/reviews/book/686fa492dca21dadb9ba8db9
2025-07-10T21:06:05.268Z [info]: GET /api/reviews/book/686fa492dca21dadb9ba8db7
2025-07-10T21:06:05.279Z [info]: GET /api/reviews/book/686fa492dca21dadb9ba8dba
2025-07-10T21:06:05.282Z [info]: GET /api/reviews/book/686fa492dca21dadb9ba8dad
2025-07-10T21:06:05.285Z [info]: GET /api/reviews/book/686fa492dca21dadb9ba8dbb
2025-07-10T21:06:05.287Z [info]: GET /api/reviews/book/686fa492dca21dadb9ba8dbc
2025-07-10T21:06:05.289Z [info]: GET /api/reviews/book/686fa492dca21dadb9ba8dae
2025-07-10T21:06:05.292Z [info]: GET /api/reviews/book/686fa492dca21dadb9ba8db1
2025-07-10T21:06:05.299Z [info]: GET /api/reviews/book/686fa492dca21dadb9ba8dbd
2025-07-10T21:06:05.304Z [info]: GET /api/reviews/book/686fa492dca21dadb9ba8dbe
2025-07-10T21:06:05.306Z [info]: GET /api/reviews/book/686fa492dca21dadb9ba8dbf
2025-07-10T21:06:05.308Z [info]: GET /api/reviews/book/686fa492dca21dadb9ba8dc0
2025-07-10T21:06:05.310Z [info]: GET /api/reviews/book/686fa492dca21dadb9ba8dc1
2025-07-10T21:06:05.313Z [info]: GET /api/reviews/book/686fa492dca21dadb9ba8dc2
2025-07-10T21:06:05.322Z [info]: GET /api/reviews/book/686fa492dca21dadb9ba8dc3
2025-07-10T21:06:05.325Z [info]: GET /api/reviews/book/686fa492dca21dadb9ba8dc4
2025-07-10T21:06:05.327Z [info]: GET /api/reviews/book/686fa492dca21dadb9ba8dc5
2025-07-10T21:06:05.328Z [info]: GET /api/reviews/book/686fa492dca21dadb9ba8dc6
2025-07-10T21:06:05.330Z [info]: GET /api/reviews/book/686fa492dca21dadb9ba8dc7
2025-07-10T21:06:05.333Z [info]: GET /api/reviews/book/686fa492dca21dadb9ba8dc8
2025-07-10T21:06:05.339Z [info]: GET /api/reviews/book/686fa492dca21dadb9ba8dc9
2025-07-10T21:06:05.342Z [info]: GET /api/reviews/book/686fa492dca21dadb9ba8dca
2025-07-10T21:06:05.344Z [info]: GET /api/reviews/book/686fa492dca21dadb9ba8dcb
2025-07-10T21:06:05.346Z [info]: GET /api/reviews/book/686fa492dca21dadb9ba8dcc
2025-07-10T21:06:05.349Z [info]: GET /api/reviews/book/686fa492dca21dadb9ba8dcd
2025-07-10T21:06:05.361Z [info]: GET /api/reviews/book/686fa492dca21dadb9ba8dce
2025-07-10T21:06:05.369Z [info]: GET /api/reviews/book/686fa492dca21dadb9ba8dcf
2025-07-10T21:06:05.380Z [info]: GET /api/reviews/book/686fa492dca21dadb9ba8dd0
2025-07-10T21:06:05.390Z [info]: GET /api/reviews/book/686fa492dca21dadb9ba8dd1
2025-07-10T21:06:05.394Z [info]: GET /api/reviews/book/686fa492dca21dadb9ba8dd2
2025-07-10T21:06:05.396Z [info]: GET /api/reviews/book/686fa492dca21dadb9ba8dd3
2025-07-10T21:06:05.406Z [info]: GET /api/reviews/book/686fa492dca21dadb9ba8dd4
2025-07-10T21:06:05.415Z [info]: GET /api/reviews/book/686fa492dca21dadb9ba8dd5
2025-07-10T21:06:05.420Z [info]: GET /api/reviews/book/686fa492dca21dadb9ba8dd6
2025-07-10T21:06:05.422Z [info]: GET /api/reviews/book/686fa492dca21dadb9ba8dd7
2025-07-10T21:06:05.424Z [info]: GET /api/reviews/book/686fa492dca21dadb9ba8dd8
2025-07-10T21:06:05.425Z [info]: GET /api/reviews/book/686fa492dca21dadb9ba8dd9
2025-07-10T21:06:05.427Z [info]: GET /api/reviews/book/686fa492dca21dadb9ba8dda
2025-07-10T21:06:05.433Z [info]: GET /api/reviews/book/686fa492dca21dadb9ba8ddb
2025-07-10T21:06:05.437Z [info]: GET /api/reviews/book/686fa492dca21dadb9ba8ddc
2025-07-10T21:06:05.439Z [info]: GET /api/reviews/book/686fa492dca21dadb9ba8ddd
2025-07-10T21:06:05.441Z [info]: GET /api/reviews/book/686fa492dca21dadb9ba8dde
2025-07-10T21:06:05.442Z [info]: GET /api/reviews/book/686fa492dca21dadb9ba8ddf
2025-07-10T21:06:05.445Z [info]: GET /api/reviews/book/686fa492dca21dadb9ba8de0
2025-07-10T21:06:05.455Z [info]: GET /api/reviews/book/686fa492dca21dadb9ba8db5
2025-07-10T21:06:05.459Z [info]: GET /api/reviews/book/686fa492dca21dadb9ba8db4
2025-07-10T21:06:05.462Z [info]: GET /api/reviews/book/686fa492dca21dadb9ba8de3
2025-07-10T21:06:05.466Z [info]: GET /api/reviews/book/686fa492dca21dadb9ba8de4
2025-07-10T21:06:05.471Z [info]: GET /api/reviews/book/686fa492dca21dadb9ba8de5
2025-07-10T21:06:05.480Z [info]: GET /api/reviews/book/686fa492dca21dadb9ba8de6
2025-07-10T21:06:05.490Z [info]: GET /api/reviews/book/686fa492dca21dadb9ba8de7
2025-07-10T21:06:05.493Z [info]: GET /api/reviews/book/686fa492dca21dadb9ba8de8
2025-07-10T21:06:05.495Z [info]: GET /api/reviews/book/686fa492dca21dadb9ba8de9
2025-07-10T21:06:05.497Z [info]: GET /api/reviews/book/686fa492dca21dadb9ba8dea
2025-07-10T21:06:05.499Z [info]: GET /api/reviews/book/686fa492dca21dadb9ba8deb
2025-07-10T21:06:05.504Z [info]: GET /api/reviews/book/686fa492dca21dadb9ba8dec
2025-07-10T21:06:05.509Z [info]: GET /api/reviews/book/686fa492dca21dadb9ba8ded
2025-07-10T21:06:05.512Z [info]: GET /api/reviews/book/686fa492dca21dadb9ba8dee
2025-07-10T21:06:05.515Z [info]: GET /api/reviews/book/686fa492dca21dadb9ba8def
2025-07-10T21:06:05.519Z [info]: GET /api/reviews/book/686fa492dca21dadb9ba8df0
2025-07-10T21:06:05.521Z [info]: GET /api/reviews/book/686fa492dca21dadb9ba8df1
2025-07-10T21:06:05.525Z [info]: GET /api/reviews/book/686fa492dca21dadb9ba8df2
2025-07-10T21:06:05.532Z [info]: GET /api/reviews/book/686fa492dca21dadb9ba8df3
2025-07-10T21:06:05.538Z [info]: GET /api/reviews/book/686fa492dca21dadb9ba8df4
2025-07-10T21:06:05.541Z [info]: GET /api/reviews/book/686fa492dca21dadb9ba8df5
2025-07-10T21:06:05.544Z [info]: GET /api/reviews/book/686fa492dca21dadb9ba8df6
2025-07-10T21:06:05.552Z [info]: GET /api/reviews/book/686fa492dca21dadb9ba8df7
2025-07-10T21:06:05.554Z [info]: GET /api/reviews/book/686fa492dca21dadb9ba8df8
2025-07-10T21:06:05.558Z [info]: GET /api/reviews/book/686fa492dca21dadb9ba8df9
2025-07-10T21:06:05.561Z [info]: GET /api/reviews/book/686fa492dca21dadb9ba8dfa
2025-07-10T21:06:05.563Z [info]: GET /api/reviews/book/686fa492dca21dadb9ba8dfb
2025-07-10T21:06:05.564Z [info]: GET /api/reviews/book/686fa492dca21dadb9ba8dfc
2025-07-10T21:06:05.566Z [info]: GET /api/reviews/book/686fa492dca21dadb9ba8dfd
2025-07-10T21:06:05.571Z [info]: GET /api/reviews/book/686fa492dca21dadb9ba8dfe
2025-07-10T21:06:05.575Z [info]: GET /api/reviews/book/686fa492dca21dadb9ba8dff
2025-07-10T21:06:05.578Z [info]: GET /api/reviews/book/686fa492dca21dadb9ba8e00
2025-07-10T21:06:05.579Z [info]: GET /api/reviews/book/686fa492dca21dadb9ba8e01
2025-07-10T21:06:05.580Z [info]: GET /api/reviews/book/686fa492dca21dadb9ba8e02
2025-07-10T21:06:05.582Z [info]: GET /api/reviews/book/686fa492dca21dadb9ba8e03
2025-07-10T21:06:05.586Z [info]: GET /api/reviews/book/686fa492dca21dadb9ba8e04
2025-07-10T21:06:05.591Z [info]: GET /api/reviews/book/686fa492dca21dadb9ba8e05
2025-07-10T21:06:05.593Z [info]: GET /api/reviews/book/686fa492dca21dadb9ba8e06
2025-07-10T21:06:05.595Z [info]: GET /api/reviews/book/686fa492dca21dadb9ba8e07
2025-07-10T21:06:05.596Z [info]: GET /api/reviews/book/686fa492dca21dadb9ba8e08
2025-07-10T21:06:05.598Z [info]: GET /api/reviews/book/686fa492dca21dadb9ba8e09
2025-07-10T21:06:05.602Z [info]: GET /api/reviews/book/686fa492dca21dadb9ba8e0a
2025-07-10T21:06:05.608Z [info]: GET /api/reviews/book/686fa492dca21dadb9ba8e0b
2025-07-10T21:06:05.610Z [info]: GET /api/reviews/book/686fa492dca21dadb9ba8e0c
2025-07-10T21:06:05.612Z [info]: GET /api/reviews/book/686fa492dca21dadb9ba8de1
2025-07-10T21:06:05.613Z [info]: GET /api/reviews/book/686fa492dca21dadb9ba8de2
2025-07-10T21:07:13.256Z [info]: GET /api/reviews/book/686fa492dca21dadb9ba8db9
2025-07-10T21:07:13.258Z [info]: GET /api/reviews/book/686fa492dca21dadb9ba8dcb
2025-07-10T21:07:13.259Z [info]: GET /api/reviews/book/686fa492dca21dadb9ba8dd1
2025-07-10T21:07:13.262Z [info]: GET /api/reviews/book/686fa492dca21dadb9ba8daa
2025-07-10T21:07:13.265Z [info]: GET /api/reviews/book/686fa492dca21dadb9ba8e01
2025-07-10T21:07:15.677Z [info]: GET /api/reviews/book/686fa492dca21dadb9ba8dda
2025-07-10T21:07:15.681Z [info]: GET /api/reviews/book/686fa492dca21dadb9ba8dcf
2025-07-10T21:07:15.683Z [info]: GET /api/reviews/book/686fa492dca21dadb9ba8da9
2025-07-10T21:07:30.480Z [info]: GET /api/reviews/book/1
2025-07-10T21:07:30.482Z [error]: Error fetching reviews:
2025-07-10T21:07:30.484Z [info]: GET /api/reviews/book/2
2025-07-10T21:07:30.486Z [error]: Error fetching reviews:
2025-07-10T21:07:30.489Z [info]: GET /api/reviews/book/3
2025-07-10T21:07:30.491Z [error]: Error fetching reviews:
2025-07-10T21:07:30.494Z [info]: GET /api/reviews/book/4
2025-07-10T21:07:30.496Z [error]: Error fetching reviews:
2025-07-10T21:07:56.959Z [info]: GET /api/reviews/book/686fa492dca21dadb9ba8dd0
2025-07-10T21:07:56.963Z [info]: GET /api/reviews/book/686fa492dca21dadb9ba8df2
2025-07-10T21:07:56.965Z [info]: GET /api/reviews/book/686fa492dca21dadb9ba8dfe
2025-07-10T21:07:56.967Z [info]: GET /api/reviews/book/686fa492dca21dadb9ba8dbf
2025-07-10T21:07:56.970Z [info]: GET /api/reviews/book/686fa492dca21dadb9ba8e03
2025-07-10T21:07:56.974Z [info]: GET /api/reviews/book/686fa492dca21dadb9ba8de0
2025-07-10T21:07:56.977Z [info]: GET /api/reviews/book/686fa492dca21dadb9ba8ddf
2025-07-10T21:07:56.985Z [info]: GET /api/reviews/book/686fa492dca21dadb9ba8dbb
2025-07-10T21:07:56.994Z [info]: GET /api/reviews/book/686fa492dca21dadb9ba8dd8
2025-07-10T21:07:56.999Z [info]: GET /api/reviews/book/686fa492dca21dadb9ba8db9
2025-07-10T21:07:57.008Z [info]: GET /api/reviews/book/686fa492dca21dadb9ba8dfa
2025-07-10T21:07:57.012Z [info]: GET /api/reviews/book/686fa492dca21dadb9ba8dc1
2025-07-10T21:07:57.015Z [info]: GET /api/reviews/book/686fa492dca21dadb9ba8dad
2025-07-10T21:07:57.016Z [info]: GET /api/reviews/book/686fa492dca21dadb9ba8e08
2025-07-10T21:07:57.019Z [info]: GET /api/reviews/book/686fa492dca21dadb9ba8dce
2025-07-10T21:07:57.021Z [info]: GET /api/reviews/book/686fa492dca21dadb9ba8db4
2025-07-10T21:07:57.036Z [info]: GET /api/reviews/book/686fa492dca21dadb9ba8dbd
2025-07-10T21:07:57.038Z [info]: GET /api/reviews/book/686fa492dca21dadb9ba8ddd
2025-07-10T21:07:57.040Z [info]: GET /api/reviews/book/686fa492dca21dadb9ba8db3
2025-07-10T21:07:57.042Z [info]: GET /api/reviews/book/686fa492dca21dadb9ba8df0
2025-07-10T21:07:57.044Z [info]: GET /api/reviews/book/686fa492dca21dadb9ba8dcb
2025-07-10T21:07:57.047Z [info]: GET /api/reviews/book/686fa492dca21dadb9ba8dd1
2025-07-10T21:07:57.053Z [info]: GET /api/reviews/book/686fa492dca21dadb9ba8dac
2025-07-10T21:07:57.054Z [info]: GET /api/reviews/book/686fa492dca21dadb9ba8dbe
2025-07-10T21:07:57.056Z [info]: GET /api/reviews/book/686fa492dca21dadb9ba8dd3
2025-07-10T21:07:57.057Z [info]: GET /api/reviews/book/686fa492dca21dadb9ba8de6
2025-07-10T21:07:57.059Z [info]: GET /api/reviews/book/686fa492dca21dadb9ba8ddb
2025-07-10T21:07:57.060Z [info]: GET /api/reviews/book/686fa492dca21dadb9ba8de4
2025-07-10T21:07:57.067Z [info]: GET /api/reviews/book/686fa492dca21dadb9ba8e00
2025-07-10T21:07:57.069Z [info]: GET /api/reviews/book/686fa492dca21dadb9ba8e0a
2025-07-10T21:07:57.070Z [info]: GET /api/reviews/book/686fa492dca21dadb9ba8de8
2025-07-10T21:07:57.072Z [info]: GET /api/reviews/book/686fa492dca21dadb9ba8df1
2025-07-10T21:07:57.074Z [info]: GET /api/reviews/book/686fa492dca21dadb9ba8dfc
2025-07-10T21:07:57.075Z [info]: GET /api/reviews/book/686fa492dca21dadb9ba8db1
2025-07-10T21:07:57.082Z [info]: GET /api/reviews/book/686fa492dca21dadb9ba8dc0
2025-07-10T21:07:57.084Z [info]: GET /api/reviews/book/686fa492dca21dadb9ba8dc7
2025-07-10T21:07:57.085Z [info]: GET /api/reviews/book/686fa492dca21dadb9ba8de9
2025-07-10T21:07:57.087Z [info]: GET /api/reviews/book/686fa492dca21dadb9ba8df4
2025-07-10T21:07:57.089Z [info]: GET /api/reviews/book/686fa492dca21dadb9ba8df7
2025-07-10T21:07:57.090Z [info]: GET /api/reviews/book/686fa492dca21dadb9ba8e07
2025-07-10T21:07:57.097Z [info]: GET /api/reviews/book/686fa492dca21dadb9ba8df8
2025-07-10T21:07:57.099Z [info]: GET /api/reviews/book/686fa492dca21dadb9ba8ddc
2025-07-10T21:07:57.102Z [info]: GET /api/reviews/book/686fa492dca21dadb9ba8de1
2025-07-10T21:07:57.104Z [info]: GET /api/reviews/book/686fa492dca21dadb9ba8de3
2025-07-10T21:07:57.107Z [info]: GET /api/reviews/book/686fa492dca21dadb9ba8db6
2025-07-10T21:07:57.109Z [info]: GET /api/reviews/book/686fa492dca21dadb9ba8dba
2025-07-10T21:07:57.115Z [info]: GET /api/reviews/book/686fa492dca21dadb9ba8db0
2025-07-10T21:07:57.117Z [info]: GET /api/reviews/book/686fa492dca21dadb9ba8daf
2025-07-10T21:07:57.119Z [info]: GET /api/reviews/book/686fa492dca21dadb9ba8db2
2025-07-10T21:07:57.120Z [info]: GET /api/reviews/book/686fa492dca21dadb9ba8daa
2025-07-10T21:07:57.121Z [info]: GET /api/reviews/book/686fa492dca21dadb9ba8dc6
2025-07-10T21:07:57.122Z [info]: GET /api/reviews/book/686fa492dca21dadb9ba8dfd
2025-07-10T21:07:57.132Z [info]: GET /api/reviews/book/686fa492dca21dadb9ba8dab
2025-07-10T21:07:57.134Z [info]: GET /api/reviews/book/686fa492dca21dadb9ba8e05
2025-07-10T21:07:57.135Z [info]: GET /api/reviews/book/686fa492dca21dadb9ba8e04
2025-07-10T21:07:57.136Z [info]: GET /api/reviews/book/686fa492dca21dadb9ba8dd5
2025-07-10T21:07:57.137Z [info]: GET /api/reviews/book/686fa492dca21dadb9ba8dd9
2025-07-10T21:07:57.139Z [info]: GET /api/reviews/book/686fa492dca21dadb9ba8dae
2025-07-10T21:07:57.145Z [info]: GET /api/reviews/book/686fa492dca21dadb9ba8dc4
2025-07-10T21:07:57.148Z [info]: GET /api/reviews/book/686fa492dca21dadb9ba8db8
2025-07-10T21:07:57.150Z [info]: GET /api/reviews/book/686fa492dca21dadb9ba8e06
2025-07-10T21:07:57.152Z [info]: GET /api/reviews/book/686fa492dca21dadb9ba8def
2025-07-10T21:07:57.154Z [info]: GET /api/reviews/book/686fa492dca21dadb9ba8e01
2025-07-10T21:07:57.160Z [info]: GET /api/reviews/book/686fa492dca21dadb9ba8dd4
2025-07-10T21:07:57.171Z [info]: GET /api/reviews/book/686fa492dca21dadb9ba8df9
2025-07-10T21:07:57.174Z [info]: GET /api/reviews/book/686fa492dca21dadb9ba8dd2
2025-07-10T21:07:57.175Z [info]: GET /api/reviews/book/686fa492dca21dadb9ba8de5
2025-07-10T21:07:57.177Z [info]: GET /api/reviews/book/686fa492dca21dadb9ba8db5
2025-07-10T21:07:57.180Z [info]: GET /api/reviews/book/686fa492dca21dadb9ba8dec
2025-07-10T21:07:57.183Z [info]: GET /api/reviews/book/686fa492dca21dadb9ba8db7
2025-07-10T21:07:57.189Z [info]: GET /api/reviews/book/686fa492dca21dadb9ba8dbc
2025-07-10T21:07:57.191Z [info]: GET /api/reviews/book/686fa492dca21dadb9ba8ded
2025-07-10T21:07:57.193Z [info]: GET /api/reviews/book/686fa492dca21dadb9ba8dea
2025-07-10T21:07:57.195Z [info]: GET /api/reviews/book/686fa492dca21dadb9ba8dc9
2025-07-10T21:07:57.198Z [info]: GET /api/reviews/book/686fa492dca21dadb9ba8e0b
2025-07-10T21:07:57.202Z [info]: GET /api/reviews/book/686fa492dca21dadb9ba8dca
2025-07-10T21:07:57.207Z [info]: GET /api/reviews/book/686fa492dca21dadb9ba8dc3
2025-07-10T21:07:57.210Z [info]: GET /api/reviews/book/686fa492dca21dadb9ba8df6
2025-07-10T21:07:57.211Z [info]: GET /api/reviews/book/686fa492dca21dadb9ba8dc2
2025-07-10T21:07:57.212Z [info]: GET /api/reviews/book/686fa492dca21dadb9ba8deb
2025-07-10T21:07:57.214Z [info]: GET /api/reviews/book/686fa492dca21dadb9ba8df3
2025-07-10T21:07:57.216Z [info]: GET /api/reviews/book/686fa492dca21dadb9ba8dfb
2025-07-10T21:07:57.223Z [info]: GET /api/reviews/book/686fa492dca21dadb9ba8dee
2025-07-10T21:07:57.225Z [info]: GET /api/reviews/book/686fa492dca21dadb9ba8de2
2025-07-10T21:07:57.227Z [info]: GET /api/reviews/book/686fa492dca21dadb9ba8dff
2025-07-10T21:07:57.228Z [info]: GET /api/reviews/book/686fa492dca21dadb9ba8de7
2025-07-10T21:07:57.229Z [info]: GET /api/reviews/book/686fa492dca21dadb9ba8dcc
2025-07-10T21:07:57.231Z [info]: GET /api/reviews/book/686fa492dca21dadb9ba8dd6
2025-07-10T21:07:57.239Z [info]: GET /api/reviews/book/686fa492dca21dadb9ba8dc5
2025-07-10T21:07:57.241Z [info]: GET /api/reviews/book/686fa492dca21dadb9ba8e0c
2025-07-10T21:07:57.242Z [info]: GET /api/reviews/book/686fa492dca21dadb9ba8e09
2025-07-10T21:07:57.243Z [info]: GET /api/reviews/book/686fa492dca21dadb9ba8dc8
2025-07-10T21:07:57.245Z [info]: GET /api/reviews/book/686fa492dca21dadb9ba8df5
2025-07-10T21:07:57.248Z [info]: GET /api/reviews/book/686fa492dca21dadb9ba8dde
2025-07-10T21:07:57.260Z [info]: GET /api/reviews/book/686fa492dca21dadb9ba8e02
2025-07-10T21:07:57.262Z [info]: GET /api/reviews/book/686fa492dca21dadb9ba8dcd
2025-07-10T21:07:57.264Z [info]: GET /api/reviews/book/686fa492dca21dadb9ba8dd7
2025-07-10T21:08:07.114Z [info]: GET /api/reviews/book/1
2025-07-10T21:08:07.115Z [error]: Error fetching reviews:
2025-07-10T21:08:07.116Z [info]: GET /api/reviews/book/2
2025-07-10T21:08:07.117Z [error]: Error fetching reviews:
2025-07-10T21:08:07.118Z [info]: GET /api/reviews/book/3
2025-07-10T21:08:07.119Z [error]: Error fetching reviews:
2025-07-10T21:08:07.120Z [info]: GET /api/reviews/book/4
2025-07-10T21:08:07.121Z [error]: Error fetching reviews:
2025-07-10T21:08:16.895Z [info]: GET /api/reviews/book/1
2025-07-10T21:08:16.897Z [error]: Error fetching reviews:
2025-07-10T21:08:16.899Z [info]: GET /api/reviews/book/2
2025-07-10T21:08:16.900Z [error]: Error fetching reviews:
2025-07-10T21:08:16.903Z [info]: GET /api/reviews/book/3
2025-07-10T21:08:16.905Z [error]: Error fetching reviews:
2025-07-10T21:08:16.906Z [info]: GET /api/reviews/book/4
2025-07-10T21:08:16.908Z [error]: Error fetching reviews:
2025-07-10T21:08:32.347Z [info]: GET /api/reviews/book/686fa492dca21dadb9ba8da9
2025-07-10T21:08:32.355Z [info]: GET /api/reviews/book/686fa492dca21dadb9ba8daa
2025-07-10T21:08:32.358Z [info]: GET /api/reviews/book/686fa492dca21dadb9ba8dab
2025-07-10T21:08:32.363Z [info]: GET /api/reviews/book/686fa492dca21dadb9ba8daf
2025-07-10T21:08:32.366Z [info]: GET /api/reviews/book/686fa492dca21dadb9ba8db0
2025-07-10T21:08:32.375Z [info]: GET /api/reviews/book/686fa492dca21dadb9ba8db2
2025-07-10T21:08:32.378Z [info]: GET /api/reviews/book/686fa492dca21dadb9ba8db3
2025-07-10T21:08:32.380Z [info]: GET /api/reviews/book/686fa492dca21dadb9ba8dac
2025-07-10T21:08:32.384Z [info]: GET /api/reviews/book/686fa492dca21dadb9ba8db6
2025-07-10T21:08:32.388Z [info]: GET /api/reviews/book/686fa492dca21dadb9ba8db7
2025-07-10T21:08:32.391Z [info]: GET /api/reviews/book/686fa492dca21dadb9ba8db8
2025-07-10T21:08:32.394Z [info]: GET /api/reviews/book/686fa492dca21dadb9ba8db9
2025-07-10T21:08:32.400Z [info]: GET /api/reviews/book/686fa492dca21dadb9ba8dba
2025-07-10T21:08:32.405Z [info]: GET /api/reviews/book/686fa492dca21dadb9ba8dad
2025-07-10T21:08:32.409Z [info]: GET /api/reviews/book/686fa492dca21dadb9ba8dbb
2025-07-10T21:08:32.412Z [info]: GET /api/reviews/book/686fa492dca21dadb9ba8dbc
2025-07-10T21:08:32.414Z [info]: GET /api/reviews/book/686fa492dca21dadb9ba8dae
2025-07-10T21:08:32.419Z [info]: GET /api/reviews/book/686fa492dca21dadb9ba8db1
2025-07-10T21:08:32.423Z [info]: GET /api/reviews/book/686fa492dca21dadb9ba8dbd
2025-07-10T21:08:32.427Z [info]: GET /api/reviews/book/686fa492dca21dadb9ba8dbe
2025-07-10T21:08:32.435Z [info]: GET /api/reviews/book/686fa492dca21dadb9ba8dbf
2025-07-10T21:08:32.439Z [info]: GET /api/reviews/book/686fa492dca21dadb9ba8dc0
2025-07-10T21:08:32.442Z [info]: GET /api/reviews/book/686fa492dca21dadb9ba8dc1
2025-07-10T21:08:32.446Z [info]: GET /api/reviews/book/686fa492dca21dadb9ba8dc2
2025-07-10T21:08:32.450Z [info]: GET /api/reviews/book/686fa492dca21dadb9ba8dc3
2025-07-10T21:08:32.455Z [info]: GET /api/reviews/book/686fa492dca21dadb9ba8dc4
2025-07-10T21:08:32.458Z [info]: GET /api/reviews/book/686fa492dca21dadb9ba8dc5
2025-07-10T21:08:32.462Z [info]: GET /api/reviews/book/686fa492dca21dadb9ba8dc6
2025-07-10T21:08:32.465Z [info]: GET /api/reviews/book/686fa492dca21dadb9ba8dc7
2025-07-10T21:08:32.469Z [info]: GET /api/reviews/book/686fa492dca21dadb9ba8dc8
2025-07-10T21:08:32.473Z [info]: GET /api/reviews/book/686fa492dca21dadb9ba8dc9
2025-07-10T21:08:32.478Z [info]: GET /api/reviews/book/686fa492dca21dadb9ba8dca
2025-07-10T21:08:32.482Z [info]: GET /api/reviews/book/686fa492dca21dadb9ba8dcb
2025-07-10T21:08:32.488Z [info]: GET /api/reviews/book/686fa492dca21dadb9ba8dcc
2025-07-10T21:08:32.491Z [info]: GET /api/reviews/book/686fa492dca21dadb9ba8dcd
2025-07-10T21:08:32.495Z [info]: GET /api/reviews/book/686fa492dca21dadb9ba8dce
2025-07-10T21:08:32.502Z [info]: GET /api/reviews/book/686fa492dca21dadb9ba8dcf
2025-07-10T21:08:32.509Z [info]: GET /api/reviews/book/686fa492dca21dadb9ba8dd0
2025-07-10T21:08:32.512Z [info]: GET /api/reviews/book/686fa492dca21dadb9ba8dd1
2025-07-10T21:08:32.517Z [info]: GET /api/reviews/book/686fa492dca21dadb9ba8dd2
2025-07-10T21:08:32.520Z [info]: GET /api/reviews/book/686fa492dca21dadb9ba8dd3
2025-07-10T21:08:32.523Z [info]: GET /api/reviews/book/686fa492dca21dadb9ba8dd4
2025-07-10T21:08:32.537Z [info]: GET /api/reviews/book/686fa492dca21dadb9ba8dd5
2025-07-10T21:08:32.544Z [info]: GET /api/reviews/book/686fa492dca21dadb9ba8dd6
2025-07-10T21:08:32.548Z [info]: GET /api/reviews/book/686fa492dca21dadb9ba8dd7
2025-07-10T21:08:32.554Z [info]: GET /api/reviews/book/686fa492dca21dadb9ba8dd8
2025-07-10T21:08:32.556Z [info]: GET /api/reviews/book/686fa492dca21dadb9ba8dd9
2025-07-10T21:08:32.559Z [info]: GET /api/reviews/book/686fa492dca21dadb9ba8dda
2025-07-10T21:08:32.561Z [info]: GET /api/reviews/book/686fa492dca21dadb9ba8ddb
2025-07-10T21:08:32.563Z [info]: GET /api/reviews/book/686fa492dca21dadb9ba8ddc
2025-07-10T21:08:32.568Z [info]: GET /api/reviews/book/686fa492dca21dadb9ba8ddd
2025-07-10T21:08:32.576Z [info]: GET /api/reviews/book/686fa492dca21dadb9ba8dde
2025-07-10T21:08:32.579Z [info]: GET /api/reviews/book/686fa492dca21dadb9ba8ddf
2025-07-10T21:08:32.583Z [info]: GET /api/reviews/book/686fa492dca21dadb9ba8de0
2025-07-10T21:08:32.586Z [info]: GET /api/reviews/book/686fa492dca21dadb9ba8db5
2025-07-10T21:08:32.588Z [info]: GET /api/reviews/book/686fa492dca21dadb9ba8db4
2025-07-10T21:08:32.592Z [info]: GET /api/reviews/book/686fa492dca21dadb9ba8de3
2025-07-10T21:08:32.598Z [info]: GET /api/reviews/book/686fa492dca21dadb9ba8de4
2025-07-10T21:08:32.600Z [info]: GET /api/reviews/book/686fa492dca21dadb9ba8de5
2025-07-10T21:08:32.603Z [info]: GET /api/reviews/book/686fa492dca21dadb9ba8de6
2025-07-10T21:08:32.606Z [info]: GET /api/reviews/book/686fa492dca21dadb9ba8de7
2025-07-10T21:08:32.608Z [info]: GET /api/reviews/book/686fa492dca21dadb9ba8de8
2025-07-10T21:08:32.614Z [info]: GET /api/reviews/book/686fa492dca21dadb9ba8de9
2025-07-10T21:08:32.622Z [info]: GET /api/reviews/book/686fa492dca21dadb9ba8dea
2025-07-10T21:08:32.626Z [info]: GET /api/reviews/book/686fa492dca21dadb9ba8deb
2025-07-10T21:08:32.631Z [info]: GET /api/reviews/book/686fa492dca21dadb9ba8dec
2025-07-10T21:08:32.635Z [info]: GET /api/reviews/book/686fa492dca21dadb9ba8ded
2025-07-10T21:08:32.638Z [info]: GET /api/reviews/book/686fa492dca21dadb9ba8dee
2025-07-10T21:08:32.643Z [info]: GET /api/reviews/book/686fa492dca21dadb9ba8def
2025-07-10T21:08:32.651Z [info]: GET /api/reviews/book/686fa492dca21dadb9ba8df0
2025-07-10T21:08:32.654Z [info]: GET /api/reviews/book/686fa492dca21dadb9ba8df1
2025-07-10T21:08:32.657Z [info]: GET /api/reviews/book/686fa492dca21dadb9ba8df2
2025-07-10T21:08:32.660Z [info]: GET /api/reviews/book/686fa492dca21dadb9ba8df3
2025-07-10T21:08:32.662Z [info]: GET /api/reviews/book/686fa492dca21dadb9ba8df4
2025-07-10T21:08:32.667Z [info]: GET /api/reviews/book/686fa492dca21dadb9ba8df5
2025-07-10T21:08:32.673Z [info]: GET /api/reviews/book/686fa492dca21dadb9ba8df6
2025-07-10T21:08:32.676Z [info]: GET /api/reviews/book/686fa492dca21dadb9ba8df7
2025-07-10T21:08:32.679Z [info]: GET /api/reviews/book/686fa492dca21dadb9ba8df8
2025-07-10T21:08:32.681Z [info]: GET /api/reviews/book/686fa492dca21dadb9ba8df9
2025-07-10T21:08:32.684Z [info]: GET /api/reviews/book/686fa492dca21dadb9ba8dfa
2025-07-10T21:08:32.761Z [info]: GET /api/reviews/book/686fa492dca21dadb9ba8dfb
2025-07-10T21:08:32.773Z [info]: GET /api/reviews/book/686fa492dca21dadb9ba8dfc
2025-07-10T21:08:32.781Z [info]: GET /api/reviews/book/686fa492dca21dadb9ba8dfd
2025-07-10T21:08:32.789Z [info]: GET /api/reviews/book/686fa492dca21dadb9ba8dfe
2025-07-10T21:08:32.800Z [info]: GET /api/reviews/book/686fa492dca21dadb9ba8dff
2025-07-10T21:08:32.806Z [info]: GET /api/reviews/book/686fa492dca21dadb9ba8e00
2025-07-10T21:08:32.820Z [info]: GET /api/reviews/book/686fa492dca21dadb9ba8e01
2025-07-10T21:08:32.836Z [info]: GET /api/reviews/book/686fa492dca21dadb9ba8e02
2025-07-10T21:08:32.842Z [info]: GET /api/reviews/book/686fa492dca21dadb9ba8e03
2025-07-10T21:08:32.849Z [info]: GET /api/reviews/book/686fa492dca21dadb9ba8e04
2025-07-10T21:08:32.853Z [info]: GET /api/reviews/book/686fa492dca21dadb9ba8e05
2025-07-10T21:08:32.856Z [info]: GET /api/reviews/book/686fa492dca21dadb9ba8e06
2025-07-10T21:08:32.879Z [info]: GET /api/reviews/book/686fa492dca21dadb9ba8e07
2025-07-10T21:08:32.889Z [info]: GET /api/reviews/book/686fa492dca21dadb9ba8e08
2025-07-10T21:08:32.895Z [info]: GET /api/reviews/book/686fa492dca21dadb9ba8e09
2025-07-10T21:08:32.901Z [info]: GET /api/reviews/book/686fa492dca21dadb9ba8e0a
2025-07-10T21:08:32.906Z [info]: GET /api/reviews/book/686fa492dca21dadb9ba8e0b
2025-07-10T21:08:32.909Z [info]: GET /api/reviews/book/686fa492dca21dadb9ba8e0c
2025-07-10T21:08:32.919Z [info]: GET /api/reviews/book/686fa492dca21dadb9ba8de1
2025-07-10T21:08:32.926Z [info]: GET /api/reviews/book/686fa492dca21dadb9ba8de2
2025-07-10T21:13:56.884Z [info]: GET /api/reviews/book/686fa492dca21dadb9ba8daa
2025-07-10T21:13:56.908Z [info]: GET /api/reviews/book/686fa492dca21dadb9ba8dab
2025-07-10T21:13:56.911Z [info]: GET /api/reviews/book/686fa492dca21dadb9ba8db0
2025-07-10T21:13:56.913Z [info]: GET /api/reviews/book/686fa492dca21dadb9ba8db2
2025-07-10T21:13:56.916Z [info]: GET /api/reviews/book/686fa492dca21dadb9ba8db3
2025-07-10T21:13:56.922Z [info]: GET /api/reviews/book/686fa492dca21dadb9ba8dac
2025-07-10T21:13:56.930Z [info]: GET /api/reviews/book/686fa492dca21dadb9ba8db6
2025-07-10T21:13:56.933Z [info]: GET /api/reviews/book/686fa492dca21dadb9ba8db7
2025-07-10T21:13:56.935Z [info]: GET /api/reviews/book/686fa492dca21dadb9ba8db8
2025-07-10T21:13:56.937Z [info]: GET /api/reviews/book/686fa492dca21dadb9ba8db9
2025-07-10T21:13:56.939Z [info]: GET /api/reviews/book/686fa492dca21dadb9ba8dba
2025-07-10T21:13:56.941Z [info]: GET /api/reviews/book/686fa492dca21dadb9ba8dad
2025-07-10T21:13:56.949Z [info]: GET /api/reviews/book/686fa492dca21dadb9ba8dbc
2025-07-10T21:13:56.953Z [info]: GET /api/reviews/book/686fa492dca21dadb9ba8dae
2025-07-10T21:13:56.955Z [info]: GET /api/reviews/book/686fa492dca21dadb9ba8db1
2025-07-10T21:13:56.957Z [info]: GET /api/reviews/book/686fa492dca21dadb9ba8dbd
2025-07-10T21:13:56.958Z [info]: GET /api/reviews/book/686fa492dca21dadb9ba8dbe
2025-07-10T21:13:56.960Z [info]: GET /api/reviews/book/686fa492dca21dadb9ba8dbf
2025-07-10T21:13:56.967Z [info]: GET /api/reviews/book/686fa492dca21dadb9ba8dc0
2025-07-10T21:13:56.969Z [info]: GET /api/reviews/book/686fa492dca21dadb9ba8dc1
2025-07-10T21:13:56.971Z [info]: GET /api/reviews/book/686fa492dca21dadb9ba8dc2
2025-07-10T21:13:56.973Z [info]: GET /api/reviews/book/686fa492dca21dadb9ba8dc3
2025-07-10T21:13:56.975Z [info]: GET /api/reviews/book/686fa492dca21dadb9ba8dc4
2025-07-10T21:13:56.977Z [info]: GET /api/reviews/book/686fa492dca21dadb9ba8dc5
2025-07-10T21:13:56.987Z [info]: GET /api/reviews/book/686fa492dca21dadb9ba8dc6
2025-07-10T21:13:56.990Z [info]: GET /api/reviews/book/686fa492dca21dadb9ba8dc7
2025-07-10T21:13:56.992Z [info]: GET /api/reviews/book/686fa492dca21dadb9ba8dc8
2025-07-10T21:13:56.993Z [info]: GET /api/reviews/book/686fa492dca21dadb9ba8dc9
2025-07-10T21:13:56.994Z [info]: GET /api/reviews/book/686fa492dca21dadb9ba8dca
2025-07-10T21:13:56.996Z [info]: GET /api/reviews/book/686fa492dca21dadb9ba8dcb
2025-07-10T21:13:57.000Z [info]: GET /api/reviews/book/686fa492dca21dadb9ba8dcc
2025-07-10T21:13:57.003Z [info]: GET /api/reviews/book/686fa492dca21dadb9ba8dcd
2025-07-10T21:13:57.006Z [info]: GET /api/reviews/book/686fa492dca21dadb9ba8dce
2025-07-10T21:13:57.009Z [info]: GET /api/reviews/book/686fa492dca21dadb9ba8dcf
2025-07-10T21:13:57.011Z [info]: GET /api/reviews/book/686fa492dca21dadb9ba8dd0
2025-07-10T21:13:57.014Z [info]: GET /api/reviews/book/686fa492dca21dadb9ba8dd1
2025-07-10T21:13:57.021Z [info]: GET /api/reviews/book/686fa492dca21dadb9ba8dd2
2025-07-10T21:13:57.024Z [info]: GET /api/reviews/book/686fa492dca21dadb9ba8dd3
2025-07-10T21:13:57.026Z [info]: GET /api/reviews/book/686fa492dca21dadb9ba8dd4
2025-07-10T21:13:57.029Z [info]: GET /api/reviews/book/686fa492dca21dadb9ba8dd5
2025-07-10T21:13:57.031Z [info]: GET /api/reviews/book/686fa492dca21dadb9ba8dd6
2025-07-10T21:13:57.033Z [info]: GET /api/reviews/book/686fa492dca21dadb9ba8dd7
2025-07-10T21:13:57.045Z [info]: GET /api/reviews/book/686fa492dca21dadb9ba8dd8
2025-07-10T21:13:57.048Z [info]: GET /api/reviews/book/686fa492dca21dadb9ba8dd9
2025-07-10T21:13:57.049Z [info]: GET /api/reviews/book/686fa492dca21dadb9ba8dda
2025-07-10T21:13:57.051Z [info]: GET /api/reviews/book/686fa492dca21dadb9ba8ddb
2025-07-10T21:13:57.053Z [info]: GET /api/reviews/book/686fa492dca21dadb9ba8ddc
2025-07-10T21:13:57.054Z [info]: GET /api/reviews/book/686fa492dca21dadb9ba8ddd
2025-07-10T21:13:57.063Z [info]: GET /api/reviews/book/686fa492dca21dadb9ba8dde
2025-07-10T21:13:57.065Z [info]: GET /api/reviews/book/686fa492dca21dadb9ba8ddf
2025-07-10T21:13:57.067Z [info]: GET /api/reviews/book/686fa492dca21dadb9ba8de0
2025-07-10T21:13:57.069Z [info]: GET /api/reviews/book/686fa492dca21dadb9ba8db5
2025-07-10T21:13:57.071Z [info]: GET /api/reviews/book/686fa492dca21dadb9ba8db4
2025-07-10T21:13:57.073Z [info]: GET /api/reviews/book/686fa492dca21dadb9ba8de3
2025-07-10T21:13:57.085Z [info]: GET /api/reviews/book/686fa492dca21dadb9ba8de4
2025-07-10T21:13:57.088Z [info]: GET /api/reviews/book/686fa492dca21dadb9ba8de5
2025-07-10T21:13:57.090Z [info]: GET /api/reviews/book/686fa492dca21dadb9ba8de6
2025-07-10T21:13:57.091Z [info]: GET /api/reviews/book/686fa492dca21dadb9ba8de7
2025-07-10T21:13:57.093Z [info]: GET /api/reviews/book/686fa492dca21dadb9ba8de8
2025-07-10T21:13:57.094Z [info]: GET /api/reviews/book/686fa492dca21dadb9ba8de9
2025-07-10T21:13:57.099Z [info]: GET /api/reviews/book/686fa492dca21dadb9ba8dea
2025-07-10T21:13:57.102Z [info]: GET /api/reviews/book/686fa492dca21dadb9ba8deb
2025-07-10T21:13:57.103Z [info]: GET /api/reviews/book/686fa492dca21dadb9ba8dec
2025-07-10T21:13:57.105Z [info]: GET /api/reviews/book/686fa492dca21dadb9ba8ded
2025-07-10T21:13:57.107Z [info]: GET /api/reviews/book/686fa492dca21dadb9ba8def
2025-07-10T21:13:57.108Z [info]: GET /api/reviews/book/686fa492dca21dadb9ba8df0
2025-07-10T21:13:57.114Z [info]: GET /api/reviews/book/686fa492dca21dadb9ba8df1
2025-07-10T21:13:57.118Z [info]: GET /api/reviews/book/686fa492dca21dadb9ba8df2
2025-07-10T21:13:57.120Z [info]: GET /api/reviews/book/686fa492dca21dadb9ba8df3
2025-07-10T21:13:57.122Z [info]: GET /api/reviews/book/686fa492dca21dadb9ba8df4
2025-07-10T21:13:57.124Z [info]: GET /api/reviews/book/686fa492dca21dadb9ba8df5
2025-07-10T21:13:57.126Z [info]: GET /api/reviews/book/686fa492dca21dadb9ba8df6
2025-07-10T21:13:57.135Z [info]: GET /api/reviews/book/686fa492dca21dadb9ba8df7
2025-07-10T21:13:57.137Z [info]: GET /api/reviews/book/686fa492dca21dadb9ba8df8
2025-07-10T21:13:57.139Z [info]: GET /api/reviews/book/686fa492dca21dadb9ba8df9
2025-07-10T21:13:57.142Z [info]: GET /api/reviews/book/686fa492dca21dadb9ba8dfa
2025-07-10T21:13:57.144Z [info]: GET /api/reviews/book/686fa492dca21dadb9ba8dfb
2025-07-10T21:13:57.146Z [info]: GET /api/reviews/book/686fa492dca21dadb9ba8dfc
2025-07-10T21:13:57.158Z [info]: GET /api/reviews/book/686fa492dca21dadb9ba8dfd
2025-07-10T21:13:57.160Z [info]: GET /api/reviews/book/686fa492dca21dadb9ba8dfe
2025-07-10T21:13:57.162Z [info]: GET /api/reviews/book/686fa492dca21dadb9ba8e00
2025-07-10T21:13:57.164Z [info]: GET /api/reviews/book/686fa492dca21dadb9ba8e01
2025-07-10T21:13:57.166Z [info]: GET /api/reviews/book/686fa492dca21dadb9ba8e02
2025-07-10T21:13:57.168Z [info]: GET /api/reviews/book/686fa492dca21dadb9ba8e03
2025-07-10T21:13:57.177Z [info]: GET /api/reviews/book/686fa492dca21dadb9ba8e04
2025-07-10T21:13:57.180Z [info]: GET /api/reviews/book/686fa492dca21dadb9ba8e05
2025-07-10T21:13:57.182Z [info]: GET /api/reviews/book/686fa492dca21dadb9ba8e06
2025-07-10T21:13:57.185Z [info]: GET /api/reviews/book/686fa492dca21dadb9ba8e07
2025-07-10T21:13:57.187Z [info]: GET /api/reviews/book/686fa492dca21dadb9ba8e08
2025-07-10T21:13:57.189Z [info]: GET /api/reviews/book/686fa492dca21dadb9ba8e09
2025-07-10T21:13:57.197Z [info]: GET /api/reviews/book/686fa492dca21dadb9ba8e0b
2025-07-10T21:13:57.200Z [info]: GET /api/reviews/book/686fa492dca21dadb9ba8e0c
2025-07-10T21:13:57.203Z [info]: GET /api/reviews/book/686fa492dca21dadb9ba8de1
2025-07-10T21:13:57.206Z [info]: GET /api/reviews/book/686fa492dca21dadb9ba8de2
2025-07-10T21:15:04.652Z [info]: GET /api/reviews/book/1
2025-07-10T21:15:04.656Z [error]: Error fetching reviews:
2025-07-10T21:15:04.660Z [info]: GET /api/reviews/book/2
2025-07-10T21:15:04.662Z [error]: Error fetching reviews:
2025-07-10T21:15:04.664Z [info]: GET /api/reviews/book/3
2025-07-10T21:15:04.665Z [error]: Error fetching reviews:
2025-07-10T21:15:04.667Z [info]: GET /api/reviews/book/4
2025-07-10T21:15:04.669Z [error]: Error fetching reviews:
2025-07-10T21:15:09.341Z [info]: GET /api/reviews/book/686fa492dca21dadb9ba8da9
2025-07-10T21:15:09.345Z [info]: GET /api/reviews/book/686fa492dca21dadb9ba8daa
2025-07-10T21:15:09.349Z [info]: GET /api/reviews/book/686fa492dca21dadb9ba8dab
2025-07-10T21:15:09.353Z [info]: GET /api/reviews/book/686fa492dca21dadb9ba8daf
2025-07-10T21:15:09.365Z [info]: GET /api/reviews/book/686fa492dca21dadb9ba8db3
2025-07-10T21:15:09.368Z [info]: GET /api/reviews/book/686fa492dca21dadb9ba8dac
2025-07-10T21:15:09.371Z [info]: GET /api/reviews/book/686fa492dca21dadb9ba8db0
2025-07-10T21:15:09.372Z [info]: GET /api/reviews/book/686fa492dca21dadb9ba8db2
2025-07-10T21:15:09.376Z [info]: GET /api/reviews/book/686fa492dca21dadb9ba8db6
2025-07-10T21:15:09.383Z [info]: GET /api/reviews/book/686fa492dca21dadb9ba8db7
2025-07-10T21:15:09.385Z [info]: GET /api/reviews/book/686fa492dca21dadb9ba8db8
2025-07-10T21:15:09.387Z [info]: GET /api/reviews/book/686fa492dca21dadb9ba8db9
2025-07-10T21:15:09.390Z [info]: GET /api/reviews/book/686fa492dca21dadb9ba8dba
2025-07-10T21:15:09.392Z [info]: GET /api/reviews/book/686fa492dca21dadb9ba8dad
2025-07-10T21:15:09.395Z [info]: GET /api/reviews/book/686fa492dca21dadb9ba8dbb
2025-07-10T21:15:09.409Z [info]: GET /api/reviews/book/686fa492dca21dadb9ba8dbc
2025-07-10T21:15:09.413Z [info]: GET /api/reviews/book/686fa492dca21dadb9ba8dae
2025-07-10T21:15:09.414Z [info]: GET /api/reviews/book/686fa492dca21dadb9ba8db1
2025-07-10T21:15:09.415Z [info]: GET /api/reviews/book/686fa492dca21dadb9ba8dbd
2025-07-10T21:15:09.417Z [info]: GET /api/reviews/book/686fa492dca21dadb9ba8dbe
2025-07-10T21:15:09.419Z [info]: GET /api/reviews/book/686fa492dca21dadb9ba8dbf
2025-07-10T21:15:09.425Z [info]: GET /api/reviews/book/686fa492dca21dadb9ba8dc0
2025-07-10T21:15:09.427Z [info]: GET /api/reviews/book/686fa492dca21dadb9ba8dc1
2025-07-10T21:15:09.429Z [info]: GET /api/reviews/book/686fa492dca21dadb9ba8dc2
2025-07-10T21:15:09.431Z [info]: GET /api/reviews/book/686fa492dca21dadb9ba8dc3
2025-07-10T21:15:09.435Z [info]: GET /api/reviews/book/686fa492dca21dadb9ba8dc4
2025-07-10T21:15:09.442Z [info]: GET /api/reviews/book/686fa492dca21dadb9ba8dc5
2025-07-10T21:15:09.447Z [info]: GET /api/reviews/book/686fa492dca21dadb9ba8dc6
2025-07-10T21:15:09.450Z [info]: GET /api/reviews/book/686fa492dca21dadb9ba8dc7
2025-07-10T21:15:09.452Z [info]: GET /api/reviews/book/686fa492dca21dadb9ba8dc8
2025-07-10T21:15:09.453Z [info]: GET /api/reviews/book/686fa492dca21dadb9ba8dc9
2025-07-10T21:15:09.455Z [info]: GET /api/reviews/book/686fa492dca21dadb9ba8dca
2025-07-10T21:15:09.458Z [info]: GET /api/reviews/book/686fa492dca21dadb9ba8dcb
2025-07-10T21:15:09.463Z [info]: GET /api/reviews/book/686fa492dca21dadb9ba8dcc
2025-07-10T21:15:09.466Z [info]: GET /api/reviews/book/686fa492dca21dadb9ba8dcd
2025-07-10T21:15:09.468Z [info]: GET /api/reviews/book/686fa492dca21dadb9ba8dce
2025-07-10T21:15:09.470Z [info]: GET /api/reviews/book/686fa492dca21dadb9ba8dcf
2025-07-10T21:15:09.475Z [info]: GET /api/reviews/book/686fa492dca21dadb9ba8dd0
2025-07-10T21:15:09.477Z [info]: GET /api/reviews/book/686fa492dca21dadb9ba8dd1
2025-07-10T21:15:09.484Z [info]: GET /api/reviews/book/686fa492dca21dadb9ba8dd2
2025-07-10T21:15:09.487Z [info]: GET /api/reviews/book/686fa492dca21dadb9ba8dd3
2025-07-10T21:15:09.489Z [info]: GET /api/reviews/book/686fa492dca21dadb9ba8dd4
2025-07-10T21:15:09.491Z [info]: GET /api/reviews/book/686fa492dca21dadb9ba8dd5
2025-07-10T21:15:09.492Z [info]: GET /api/reviews/book/686fa492dca21dadb9ba8dd6
2025-07-10T21:15:09.494Z [info]: GET /api/reviews/book/686fa492dca21dadb9ba8dd7
2025-07-10T21:15:09.499Z [info]: GET /api/reviews/book/686fa492dca21dadb9ba8dd8
2025-07-10T21:15:09.503Z [info]: GET /api/reviews/book/686fa492dca21dadb9ba8dd9
2025-07-10T21:15:09.505Z [info]: GET /api/reviews/book/686fa492dca21dadb9ba8dda
2025-07-10T21:15:09.507Z [info]: GET /api/reviews/book/686fa492dca21dadb9ba8ddb
2025-07-10T21:15:09.508Z [info]: GET /api/reviews/book/686fa492dca21dadb9ba8ddc
2025-07-10T21:15:09.510Z [info]: GET /api/reviews/book/686fa492dca21dadb9ba8ddd
2025-07-10T21:15:09.517Z [info]: GET /api/reviews/book/686fa492dca21dadb9ba8dde
2025-07-10T21:15:09.520Z [info]: GET /api/reviews/book/686fa492dca21dadb9ba8ddf
2025-07-10T21:15:09.523Z [info]: GET /api/reviews/book/686fa492dca21dadb9ba8de0
2025-07-10T21:15:09.526Z [info]: GET /api/reviews/book/686fa492dca21dadb9ba8db5
2025-07-10T21:15:09.528Z [info]: GET /api/reviews/book/686fa492dca21dadb9ba8db4
2025-07-10T21:15:09.531Z [info]: GET /api/reviews/book/686fa492dca21dadb9ba8de3
2025-07-10T21:15:09.540Z [info]: GET /api/reviews/book/686fa492dca21dadb9ba8de4
2025-07-10T21:15:09.543Z [info]: GET /api/reviews/book/686fa492dca21dadb9ba8de5
2025-07-10T21:15:09.546Z [info]: GET /api/reviews/book/686fa492dca21dadb9ba8de6
2025-07-10T21:15:09.548Z [info]: GET /api/reviews/book/686fa492dca21dadb9ba8de7
2025-07-10T21:15:09.550Z [info]: GET /api/reviews/book/686fa492dca21dadb9ba8de8
2025-07-10T21:15:09.552Z [info]: GET /api/reviews/book/686fa492dca21dadb9ba8de9
2025-07-10T21:15:09.559Z [info]: GET /api/reviews/book/686fa492dca21dadb9ba8dea
2025-07-10T21:15:09.561Z [info]: GET /api/reviews/book/686fa492dca21dadb9ba8deb
2025-07-10T21:15:09.562Z [info]: GET /api/reviews/book/686fa492dca21dadb9ba8dec
2025-07-10T21:15:09.564Z [info]: GET /api/reviews/book/686fa492dca21dadb9ba8ded
2025-07-10T21:15:09.565Z [info]: GET /api/reviews/book/686fa492dca21dadb9ba8dee
2025-07-10T21:15:09.567Z [info]: GET /api/reviews/book/686fa492dca21dadb9ba8def
2025-07-10T21:15:09.573Z [info]: GET /api/reviews/book/686fa492dca21dadb9ba8df0
2025-07-10T21:15:09.576Z [info]: GET /api/reviews/book/686fa492dca21dadb9ba8df1
2025-07-10T21:15:09.578Z [info]: GET /api/reviews/book/686fa492dca21dadb9ba8df2
2025-07-10T21:15:09.580Z [info]: GET /api/reviews/book/686fa492dca21dadb9ba8df3
2025-07-10T21:15:09.581Z [info]: GET /api/reviews/book/686fa492dca21dadb9ba8df4
2025-07-10T21:15:09.583Z [info]: GET /api/reviews/book/686fa492dca21dadb9ba8df5
2025-07-10T21:15:09.590Z [info]: GET /api/reviews/book/686fa492dca21dadb9ba8df6
2025-07-10T21:15:09.592Z [info]: GET /api/reviews/book/686fa492dca21dadb9ba8df7
2025-07-10T21:15:09.594Z [info]: GET /api/reviews/book/686fa492dca21dadb9ba8df8
2025-07-10T21:15:09.597Z [info]: GET /api/reviews/book/686fa492dca21dadb9ba8df9
2025-07-10T21:15:09.600Z [info]: GET /api/reviews/book/686fa492dca21dadb9ba8dfa
2025-07-10T21:15:09.603Z [info]: GET /api/reviews/book/686fa492dca21dadb9ba8dfb
2025-07-10T21:15:09.610Z [info]: GET /api/reviews/book/686fa492dca21dadb9ba8dfc
2025-07-10T21:15:09.613Z [info]: GET /api/reviews/book/686fa492dca21dadb9ba8dfd
2025-07-10T21:15:09.616Z [info]: GET /api/reviews/book/686fa492dca21dadb9ba8dfe
2025-07-10T21:15:09.620Z [info]: GET /api/reviews/book/686fa492dca21dadb9ba8dff
2025-07-10T21:15:09.622Z [info]: GET /api/reviews/book/686fa492dca21dadb9ba8e00
2025-07-10T21:15:09.627Z [info]: GET /api/reviews/book/686fa492dca21dadb9ba8e01
2025-07-10T21:15:09.637Z [info]: GET /api/reviews/book/686fa492dca21dadb9ba8e02
2025-07-10T21:15:09.643Z [info]: GET /api/reviews/book/686fa492dca21dadb9ba8e03
2025-07-10T21:15:09.646Z [info]: GET /api/reviews/book/686fa492dca21dadb9ba8e04
2025-07-10T21:15:09.647Z [info]: GET /api/reviews/book/686fa492dca21dadb9ba8e05
2025-07-10T21:15:09.649Z [info]: GET /api/reviews/book/686fa492dca21dadb9ba8e06
2025-07-10T21:15:09.651Z [info]: GET /api/reviews/book/686fa492dca21dadb9ba8e07
2025-07-10T21:15:09.660Z [info]: GET /api/reviews/book/686fa492dca21dadb9ba8e08
2025-07-10T21:15:09.664Z [info]: GET /api/reviews/book/686fa492dca21dadb9ba8e09
2025-07-10T21:15:09.666Z [info]: GET /api/reviews/book/686fa492dca21dadb9ba8e0a
2025-07-10T21:15:09.669Z [info]: GET /api/reviews/book/686fa492dca21dadb9ba8e0b
2025-07-10T21:15:09.691Z [info]: GET /api/reviews/book/686fa492dca21dadb9ba8e0c
2025-07-10T21:15:09.698Z [info]: GET /api/reviews/book/686fa492dca21dadb9ba8de1
2025-07-10T21:15:09.711Z [info]: GET /api/reviews/book/686fa492dca21dadb9ba8de2
2025-07-10T21:15:15.636Z [info]: GET /api/reviews/book/1
2025-07-10T21:15:15.637Z [error]: Error fetching reviews:
2025-07-10T21:15:15.639Z [info]: GET /api/reviews/book/2
2025-07-10T21:15:15.640Z [error]: Error fetching reviews:
2025-07-10T21:15:15.642Z [info]: GET /api/reviews/book/3
2025-07-10T21:15:15.644Z [error]: Error fetching reviews:
2025-07-10T21:15:15.645Z [info]: GET /api/reviews/book/4
2025-07-10T21:15:15.646Z [error]: Error fetching reviews:
2025-07-11T05:36:35.740Z [info]: GET /api/reviews/book/686fa492dca21dadb9ba8da9
2025-07-11T05:36:35.921Z [info]: GET /api/reviews/book/686fa492dca21dadb9ba8daa
2025-07-11T05:36:35.932Z [info]: GET /api/reviews/book/686fa492dca21dadb9ba8dab
2025-07-11T05:36:35.940Z [info]: GET /api/reviews/book/686fa492dca21dadb9ba8daf
2025-07-11T05:36:35.950Z [info]: GET /api/reviews/book/686fa492dca21dadb9ba8db0
2025-07-11T05:36:36.011Z [info]: GET /api/reviews/book/686fa492dca21dadb9ba8db2
2025-07-11T05:36:36.073Z [info]: GET /api/reviews/book/686fa492dca21dadb9ba8db3
2025-07-11T05:36:36.083Z [info]: GET /api/reviews/book/686fa492dca21dadb9ba8dac
2025-07-11T05:36:36.088Z [info]: GET /api/reviews/book/686fa492dca21dadb9ba8db6
2025-07-11T05:36:36.097Z [info]: GET /api/reviews/book/686fa492dca21dadb9ba8db7
2025-07-11T05:36:36.103Z [info]: GET /api/reviews/book/686fa492dca21dadb9ba8db8
2025-07-11T05:36:36.113Z [info]: GET /api/reviews/book/686fa492dca21dadb9ba8db9
2025-07-11T05:36:36.155Z [info]: GET /api/reviews/book/686fa492dca21dadb9ba8dba
2025-07-11T05:36:36.160Z [info]: GET /api/reviews/book/686fa492dca21dadb9ba8dad
2025-07-11T05:36:36.165Z [info]: GET /api/reviews/book/686fa492dca21dadb9ba8dbb
2025-07-11T05:36:36.172Z [info]: GET /api/reviews/book/686fa492dca21dadb9ba8dbc
2025-07-11T05:36:36.174Z [info]: GET /api/reviews/book/686fa492dca21dadb9ba8dae
2025-07-11T05:36:36.180Z [info]: GET /api/reviews/book/686fa492dca21dadb9ba8db1
2025-07-11T05:36:36.197Z [info]: GET /api/reviews/book/686fa492dca21dadb9ba8dbd
2025-07-11T05:36:36.200Z [info]: GET /api/reviews/book/686fa492dca21dadb9ba8dbe
2025-07-11T05:36:36.203Z [info]: GET /api/reviews/book/686fa492dca21dadb9ba8dbf
2025-07-11T05:36:36.206Z [info]: GET /api/reviews/book/686fa492dca21dadb9ba8dc0
2025-07-11T05:36:36.210Z [info]: GET /api/reviews/book/686fa492dca21dadb9ba8dc1
2025-07-11T05:36:36.212Z [info]: GET /api/reviews/book/686fa492dca21dadb9ba8dc2
2025-07-11T05:36:36.236Z [info]: GET /api/reviews/book/686fa492dca21dadb9ba8dc3
2025-07-11T05:36:36.245Z [info]: GET /api/reviews/book/686fa492dca21dadb9ba8dc4
2025-07-11T05:36:36.251Z [info]: GET /api/reviews/book/686fa492dca21dadb9ba8dc5
2025-07-11T05:36:36.255Z [info]: GET /api/reviews/book/686fa492dca21dadb9ba8dc6
2025-07-11T05:36:36.258Z [info]: GET /api/reviews/book/686fa492dca21dadb9ba8dc7
2025-07-11T05:36:36.261Z [info]: GET /api/reviews/book/686fa492dca21dadb9ba8dc8
2025-07-11T05:36:36.276Z [info]: GET /api/reviews/book/686fa492dca21dadb9ba8dc9
2025-07-11T05:36:36.280Z [info]: GET /api/reviews/book/686fa492dca21dadb9ba8dca
2025-07-11T05:36:36.282Z [info]: GET /api/reviews/book/686fa492dca21dadb9ba8dcb
2025-07-11T05:36:36.285Z [info]: GET /api/reviews/book/686fa492dca21dadb9ba8dcc
2025-07-11T05:36:36.288Z [info]: GET /api/reviews/book/686fa492dca21dadb9ba8dcd
2025-07-11T05:36:36.292Z [info]: GET /api/reviews/book/686fa492dca21dadb9ba8dce
2025-07-11T05:36:36.314Z [info]: GET /api/reviews/book/686fa492dca21dadb9ba8dcf
2025-07-11T05:36:36.318Z [info]: GET /api/reviews/book/686fa492dca21dadb9ba8dd0
2025-07-11T05:36:36.320Z [info]: GET /api/reviews/book/686fa492dca21dadb9ba8dd1
2025-07-11T05:36:36.323Z [info]: GET /api/reviews/book/686fa492dca21dadb9ba8dd2
2025-07-11T05:36:36.332Z [info]: GET /api/reviews/book/686fa492dca21dadb9ba8dd3
2025-07-11T05:36:36.336Z [info]: GET /api/reviews/book/686fa492dca21dadb9ba8dd4
2025-07-11T05:36:36.360Z [info]: GET /api/reviews/book/686fa492dca21dadb9ba8dd5
2025-07-11T05:36:36.369Z [info]: GET /api/reviews/book/686fa492dca21dadb9ba8dd6
2025-07-11T05:36:36.375Z [info]: GET /api/reviews/book/686fa492dca21dadb9ba8dd7
2025-07-11T05:36:36.383Z [info]: GET /api/reviews/book/686fa492dca21dadb9ba8dd8
2025-07-11T05:36:36.393Z [info]: GET /api/reviews/book/686fa492dca21dadb9ba8dd9
2025-07-11T05:36:36.422Z [info]: GET /api/reviews/book/686fa492dca21dadb9ba8dda
2025-07-11T05:36:36.454Z [info]: GET /api/reviews/book/686fa492dca21dadb9ba8ddb
2025-07-11T05:36:36.468Z [info]: GET /api/reviews/book/686fa492dca21dadb9ba8ddc
2025-07-11T05:36:36.487Z [info]: GET /api/reviews/book/686fa492dca21dadb9ba8ddd
2025-07-11T05:36:36.492Z [info]: GET /api/reviews/book/686fa492dca21dadb9ba8dde
2025-07-11T05:36:36.500Z [info]: GET /api/reviews/book/686fa492dca21dadb9ba8ddf
2025-07-11T05:36:36.504Z [info]: GET /api/reviews/book/686fa492dca21dadb9ba8de0
2025-07-11T05:36:36.536Z [info]: GET /api/reviews/book/686fa492dca21dadb9ba8db5
2025-07-11T05:36:36.542Z [info]: GET /api/reviews/book/686fa492dca21dadb9ba8db4
2025-07-11T05:36:36.555Z [info]: GET /api/reviews/book/686fa492dca21dadb9ba8de3
2025-07-11T05:36:36.566Z [info]: GET /api/reviews/book/686fa492dca21dadb9ba8de4
2025-07-11T05:36:36.574Z [info]: GET /api/reviews/book/686fa492dca21dadb9ba8de5
2025-07-11T05:36:36.581Z [info]: GET /api/reviews/book/686fa492dca21dadb9ba8de6
2025-07-11T05:36:36.615Z [info]: GET /api/reviews/book/686fa492dca21dadb9ba8de7
2025-07-11T05:36:36.619Z [info]: GET /api/reviews/book/686fa492dca21dadb9ba8de8
2025-07-11T05:36:36.625Z [info]: GET /api/reviews/book/686fa492dca21dadb9ba8de9
2025-07-11T05:36:36.632Z [info]: GET /api/reviews/book/686fa492dca21dadb9ba8dea
2025-07-11T05:36:36.637Z [info]: GET /api/reviews/book/686fa492dca21dadb9ba8deb
2025-07-11T05:36:36.641Z [info]: GET /api/reviews/book/686fa492dca21dadb9ba8dec
2025-07-11T05:36:36.665Z [info]: GET /api/reviews/book/686fa492dca21dadb9ba8ded
2025-07-11T05:36:36.669Z [info]: GET /api/reviews/book/686fa492dca21dadb9ba8dee
2025-07-11T05:36:36.673Z [info]: GET /api/reviews/book/686fa492dca21dadb9ba8def
2025-07-11T05:36:36.677Z [info]: GET /api/reviews/book/686fa492dca21dadb9ba8df0
2025-07-11T05:36:36.681Z [info]: GET /api/reviews/book/686fa492dca21dadb9ba8df1
2025-07-11T05:36:36.685Z [info]: GET /api/reviews/book/686fa492dca21dadb9ba8df2
2025-07-11T05:36:36.702Z [info]: GET /api/reviews/book/686fa492dca21dadb9ba8df3
2025-07-11T05:36:36.706Z [info]: GET /api/reviews/book/686fa492dca21dadb9ba8df4
2025-07-11T05:36:36.711Z [info]: GET /api/reviews/book/686fa492dca21dadb9ba8df5
2025-07-11T05:36:36.714Z [info]: GET /api/reviews/book/686fa492dca21dadb9ba8df6
2025-07-11T05:36:36.717Z [info]: GET /api/reviews/book/686fa492dca21dadb9ba8df7
2025-07-11T05:36:36.720Z [info]: GET /api/reviews/book/686fa492dca21dadb9ba8df8
2025-07-11T05:36:36.738Z [info]: GET /api/reviews/book/686fa492dca21dadb9ba8df9
2025-07-11T05:36:36.742Z [info]: GET /api/reviews/book/686fa492dca21dadb9ba8dfa
2025-07-11T05:36:36.746Z [info]: GET /api/reviews/book/686fa492dca21dadb9ba8dfb
2025-07-11T05:36:36.748Z [info]: GET /api/reviews/book/686fa492dca21dadb9ba8dfc
2025-07-11T05:36:36.750Z [info]: GET /api/reviews/book/686fa492dca21dadb9ba8dfd
2025-07-11T05:36:36.752Z [info]: GET /api/reviews/book/686fa492dca21dadb9ba8dfe
2025-07-11T05:36:36.767Z [info]: GET /api/reviews/book/686fa492dca21dadb9ba8dff
2025-07-11T05:36:36.771Z [info]: GET /api/reviews/book/686fa492dca21dadb9ba8e00
2025-07-11T05:36:36.773Z [info]: GET /api/reviews/book/686fa492dca21dadb9ba8e01
2025-07-11T05:36:36.777Z [info]: GET /api/reviews/book/686fa492dca21dadb9ba8e02
2025-07-11T05:36:36.780Z [info]: GET /api/reviews/book/686fa492dca21dadb9ba8e03
2025-07-11T05:36:36.783Z [info]: GET /api/reviews/book/686fa492dca21dadb9ba8e04
2025-07-11T05:36:36.811Z [info]: GET /api/reviews/book/686fa492dca21dadb9ba8e05
2025-07-11T05:36:36.817Z [info]: GET /api/reviews/book/686fa492dca21dadb9ba8e06
2025-07-11T05:36:36.820Z [info]: GET /api/reviews/book/686fa492dca21dadb9ba8e07
2025-07-11T05:36:36.823Z [info]: GET /api/reviews/book/686fa492dca21dadb9ba8e08
2025-07-11T05:36:36.825Z [info]: GET /api/reviews/book/686fa492dca21dadb9ba8e09
2025-07-11T05:36:36.828Z [info]: GET /api/reviews/book/686fa492dca21dadb9ba8e0a
2025-07-11T05:36:36.837Z [info]: GET /api/reviews/book/686fa492dca21dadb9ba8e0b
2025-07-11T05:36:36.840Z [info]: GET /api/reviews/book/686fa492dca21dadb9ba8e0c
2025-07-11T05:36:36.842Z [info]: GET /api/reviews/book/686fa492dca21dadb9ba8de1
2025-07-11T05:36:36.844Z [info]: GET /api/reviews/book/686fa492dca21dadb9ba8de2
2025-07-11T05:36:44.263Z [info]: GET /api/reviews/book/686fa492dca21dadb9ba8db9
2025-07-11T05:36:44.265Z [info]: GET /api/reviews/book/686fa492dca21dadb9ba8dcb
2025-07-11T05:36:44.269Z [info]: GET /api/reviews/book/686fa492dca21dadb9ba8dd1
2025-07-11T05:36:44.272Z [info]: GET /api/reviews/book/686fa492dca21dadb9ba8daa
2025-07-11T05:36:44.275Z [info]: GET /api/reviews/book/686fa492dca21dadb9ba8e01
2025-07-11T05:40:58.507Z [info]: Redis connected
2025-07-11T05:40:58.532Z [info]: MongoDB connected
2025-07-11T05:40:58.540Z [info]: Review Service running on port 3002
2025-07-11T05:40:59.389Z [info]: GET /api/reviews/book/686fa492dca21dadb9ba8dbf
2025-07-11T05:40:59.403Z [info]: GET /api/reviews/book/686fa492dca21dadb9ba8dfe
2025-07-11T05:40:59.409Z [info]: GET /api/reviews/book/686fa492dca21dadb9ba8e03
2025-07-11T05:40:59.427Z [info]: GET /api/reviews/book/686fa492dca21dadb9ba8dd1
2025-07-11T05:40:59.431Z [info]: GET /api/reviews/book/686fa492dca21dadb9ba8dda
2025-07-11T05:40:59.434Z [info]: GET /api/reviews/book/686fa492dca21dadb9ba8df2
2025-07-11T05:40:59.443Z [info]: GET /api/reviews/book/686fa492dca21dadb9ba8dac
2025-07-11T05:40:59.479Z [info]: GET /api/reviews/book/686fa492dca21dadb9ba8dfc
2025-07-11T05:40:59.485Z [info]: GET /api/reviews/book/686fa492dca21dadb9ba8dad
2025-07-11T05:40:59.494Z [info]: GET /api/reviews/book/686fa492dca21dadb9ba8de0
2025-07-11T05:40:59.498Z [info]: GET /api/reviews/book/686fa492dca21dadb9ba8db4
2025-07-11T05:40:59.527Z [info]: GET /api/reviews/book/686fa492dca21dadb9ba8de4
2025-07-11T05:42:21.955Z [info]: GET /api/reviews/book/686fa492dca21dadb9ba8e0b
2025-07-11T05:42:21.959Z [info]: GET /api/reviews/book/686fa492dca21dadb9ba8e07
2025-07-11T05:42:21.963Z [info]: GET /api/reviews/book/686fa492dca21dadb9ba8e08
2025-07-11T05:42:21.967Z [info]: GET /api/reviews/book/686fa492dca21dadb9ba8e09
2025-07-11T05:42:21.970Z [info]: GET /api/reviews/book/686fa492dca21dadb9ba8e0a
2025-07-11T05:42:26.197Z [info]: GET /api/reviews/book/686fa492dca21dadb9ba8e07
2025-07-11T05:42:26.199Z [info]: GET /api/reviews/book/686fa492dca21dadb9ba8e08
2025-07-11T05:42:26.202Z [info]: GET /api/reviews/book/686fa492dca21dadb9ba8e09
2025-07-11T05:42:26.204Z [info]: GET /api/reviews/book/686fa492dca21dadb9ba8e0a
2025-07-11T05:42:26.208Z [info]: GET /api/reviews/book/686fa492dca21dadb9ba8e0b
2025-07-11T05:42:44.552Z [info]: GET /api/reviews/book/686fa492dca21dadb9ba8dbf
2025-07-11T05:42:44.556Z [info]: GET /api/reviews/book/686fa492dca21dadb9ba8dfe
2025-07-11T05:42:44.560Z [info]: GET /api/reviews/book/686fa492dca21dadb9ba8e03
2025-07-11T05:42:44.571Z [info]: GET /api/reviews/book/686fa492dca21dadb9ba8dd1
2025-07-11T05:42:44.575Z [info]: GET /api/reviews/book/686fa492dca21dadb9ba8dda
2025-07-11T05:42:44.579Z [info]: GET /api/reviews/book/686fa492dca21dadb9ba8df2
2025-07-11T05:42:44.587Z [info]: GET /api/reviews/book/686fa492dca21dadb9ba8dac
2025-07-11T05:42:44.601Z [info]: GET /api/reviews/book/686fa492dca21dadb9ba8dfc
2025-07-11T05:42:44.604Z [info]: GET /api/reviews/book/686fa492dca21dadb9ba8dad
2025-07-11T05:42:44.613Z [info]: GET /api/reviews/book/686fa492dca21dadb9ba8de0
2025-07-11T05:42:44.617Z [info]: GET /api/reviews/book/686fa492dca21dadb9ba8db4
2025-07-11T05:42:44.620Z [info]: GET /api/reviews/book/686fa492dca21dadb9ba8de4
2025-07-11T05:44:55.088Z [info]: GET /api/reviews/book/686fa492dca21dadb9ba8da9
2025-07-11T05:44:55.099Z [info]: GET /api/reviews/book/686fa492dca21dadb9ba8daa
2025-07-11T05:44:55.103Z [info]: GET /api/reviews/book/686fa492dca21dadb9ba8dab
2025-07-11T05:44:55.115Z [info]: GET /api/reviews/book/686fa492dca21dadb9ba8daf
2025-07-11T05:44:55.119Z [info]: GET /api/reviews/book/686fa492dca21dadb9ba8db0
2025-07-11T05:44:55.122Z [info]: GET /api/reviews/book/686fa492dca21dadb9ba8db3
2025-07-11T05:44:55.126Z [info]: GET /api/reviews/book/686fa492dca21dadb9ba8dac
2025-07-11T05:44:55.133Z [info]: GET /api/reviews/book/686fa492dca21dadb9ba8db2
2025-07-11T05:44:55.145Z [info]: GET /api/reviews/book/686fa492dca21dadb9ba8db6
2025-07-11T05:44:55.151Z [info]: GET /api/reviews/book/686fa492dca21dadb9ba8db7
2025-07-11T05:44:55.153Z [info]: GET /api/reviews/book/686fa492dca21dadb9ba8db8
2025-07-11T05:44:55.156Z [info]: GET /api/reviews/book/686fa492dca21dadb9ba8db9
2025-07-11T05:44:55.164Z [info]: GET /api/reviews/book/686fa492dca21dadb9ba8dba
2025-07-11T05:44:55.170Z [info]: GET /api/reviews/book/686fa492dca21dadb9ba8dad
2025-07-11T05:44:55.184Z [info]: GET /api/reviews/book/686fa492dca21dadb9ba8dbb
2025-07-11T05:44:55.188Z [info]: GET /api/reviews/book/686fa492dca21dadb9ba8dbc
2025-07-11T05:44:55.193Z [info]: GET /api/reviews/book/686fa492dca21dadb9ba8dae
2025-07-11T05:44:55.196Z [info]: GET /api/reviews/book/686fa492dca21dadb9ba8db1
2025-07-11T05:44:55.199Z [info]: GET /api/reviews/book/686fa492dca21dadb9ba8dbd
2025-07-11T05:44:55.203Z [info]: GET /api/reviews/book/686fa492dca21dadb9ba8dbe
2025-07-11T05:44:55.214Z [info]: GET /api/reviews/book/686fa492dca21dadb9ba8dbf
2025-07-11T05:44:55.220Z [info]: GET /api/reviews/book/686fa492dca21dadb9ba8dc0
2025-07-11T05:44:55.223Z [info]: GET /api/reviews/book/686fa492dca21dadb9ba8dc1
2025-07-11T05:44:55.226Z [info]: GET /api/reviews/book/686fa492dca21dadb9ba8dc2
2025-07-11T05:44:55.229Z [info]: GET /api/reviews/book/686fa492dca21dadb9ba8dc3
2025-07-11T05:44:55.233Z [info]: GET /api/reviews/book/686fa492dca21dadb9ba8dc4
2025-07-11T05:44:55.243Z [info]: GET /api/reviews/book/686fa492dca21dadb9ba8dc5
2025-07-11T05:44:55.249Z [info]: GET /api/reviews/book/686fa492dca21dadb9ba8dc6
2025-07-11T05:44:55.252Z [info]: GET /api/reviews/book/686fa492dca21dadb9ba8dc7
2025-07-11T05:44:55.255Z [info]: GET /api/reviews/book/686fa492dca21dadb9ba8dc8
2025-07-11T05:44:55.258Z [info]: GET /api/reviews/book/686fa492dca21dadb9ba8dc9
2025-07-11T05:44:55.268Z [info]: GET /api/reviews/book/686fa492dca21dadb9ba8dca
2025-07-11T05:44:55.281Z [info]: GET /api/reviews/book/686fa492dca21dadb9ba8dcb
2025-07-11T05:44:55.285Z [info]: GET /api/reviews/book/686fa492dca21dadb9ba8dcc
2025-07-11T05:44:55.288Z [info]: GET /api/reviews/book/686fa492dca21dadb9ba8dcd
2025-07-11T05:44:55.290Z [info]: GET /api/reviews/book/686fa492dca21dadb9ba8dce
2025-07-11T05:44:55.296Z [info]: GET /api/reviews/book/686fa492dca21dadb9ba8dcf
2025-07-11T05:44:55.300Z [info]: GET /api/reviews/book/686fa492dca21dadb9ba8dd0
2025-07-11T05:44:55.313Z [info]: GET /api/reviews/book/686fa492dca21dadb9ba8dd1
2025-07-11T05:44:55.329Z [info]: GET /api/reviews/book/686fa492dca21dadb9ba8dd2
2025-07-11T05:44:55.332Z [info]: GET /api/reviews/book/686fa492dca21dadb9ba8dd3
2025-07-11T05:44:55.334Z [info]: GET /api/reviews/book/686fa492dca21dadb9ba8dd4
2025-07-11T05:44:55.337Z [info]: GET /api/reviews/book/686fa492dca21dadb9ba8dd5
2025-07-11T05:44:55.345Z [info]: GET /api/reviews/book/686fa492dca21dadb9ba8dd6
2025-07-11T05:44:55.358Z [info]: GET /api/reviews/book/686fa492dca21dadb9ba8dd7
2025-07-11T05:44:55.365Z [info]: GET /api/reviews/book/686fa492dca21dadb9ba8dd8
2025-07-11T05:44:55.368Z [info]: GET /api/reviews/book/686fa492dca21dadb9ba8dd9
2025-07-11T05:44:55.371Z [info]: GET /api/reviews/book/686fa492dca21dadb9ba8dda
2025-07-11T05:44:55.375Z [info]: GET /api/reviews/book/686fa492dca21dadb9ba8ddb
2025-07-11T05:44:55.383Z [info]: GET /api/reviews/book/686fa492dca21dadb9ba8ddc
2025-07-11T05:44:55.396Z [info]: GET /api/reviews/book/686fa492dca21dadb9ba8ddd
2025-07-11T05:44:55.404Z [info]: GET /api/reviews/book/686fa492dca21dadb9ba8dde
2025-07-11T05:44:55.409Z [info]: GET /api/reviews/book/686fa492dca21dadb9ba8ddf
2025-07-11T05:44:55.415Z [info]: GET /api/reviews/book/686fa492dca21dadb9ba8de0
2025-07-11T05:44:55.419Z [info]: GET /api/reviews/book/686fa492dca21dadb9ba8db5
2025-07-11T05:44:55.423Z [info]: GET /api/reviews/book/686fa492dca21dadb9ba8db4
2025-07-11T05:44:55.448Z [info]: GET /api/reviews/book/686fa492dca21dadb9ba8de3
2025-07-11T05:44:55.454Z [info]: GET /api/reviews/book/686fa492dca21dadb9ba8de4
2025-07-11T05:44:55.460Z [info]: GET /api/reviews/book/686fa492dca21dadb9ba8de5
2025-07-11T05:44:55.465Z [info]: GET /api/reviews/book/686fa492dca21dadb9ba8de6
2025-07-11T05:44:55.468Z [info]: GET /api/reviews/book/686fa492dca21dadb9ba8de7
2025-07-11T05:44:55.476Z [info]: GET /api/reviews/book/686fa492dca21dadb9ba8de8
2025-07-11T05:44:55.489Z [info]: GET /api/reviews/book/686fa492dca21dadb9ba8de9
2025-07-11T05:44:55.500Z [info]: GET /api/reviews/book/686fa492dca21dadb9ba8dea
2025-07-11T05:44:55.505Z [info]: GET /api/reviews/book/686fa492dca21dadb9ba8deb
2025-07-11T05:44:55.510Z [info]: GET /api/reviews/book/686fa492dca21dadb9ba8dec
2025-07-11T05:44:55.517Z [info]: GET /api/reviews/book/686fa492dca21dadb9ba8ded
2025-07-11T05:44:55.523Z [info]: GET /api/reviews/book/686fa492dca21dadb9ba8dee
2025-07-11T05:44:55.536Z [info]: GET /api/reviews/book/686fa492dca21dadb9ba8def
2025-07-11T05:44:55.542Z [info]: GET /api/reviews/book/686fa492dca21dadb9ba8df0
2025-07-11T05:44:55.546Z [info]: GET /api/reviews/book/686fa492dca21dadb9ba8df1
2025-07-11T05:44:55.550Z [info]: GET /api/reviews/book/686fa492dca21dadb9ba8df2
2025-07-11T05:44:55.553Z [info]: GET /api/reviews/book/686fa492dca21dadb9ba8df3
2025-07-11T05:44:55.558Z [info]: GET /api/reviews/book/686fa492dca21dadb9ba8df4
2025-07-11T05:44:55.570Z [info]: GET /api/reviews/book/686fa492dca21dadb9ba8df5
2025-07-11T05:44:55.581Z [info]: GET /api/reviews/book/686fa492dca21dadb9ba8df6
2025-07-11T05:44:55.585Z [info]: GET /api/reviews/book/686fa492dca21dadb9ba8df7
2025-07-11T05:44:55.588Z [info]: GET /api/reviews/book/686fa492dca21dadb9ba8df8
2025-07-11T05:44:55.592Z [info]: GET /api/reviews/book/686fa492dca21dadb9ba8df9
2025-07-11T05:44:55.597Z [info]: GET /api/reviews/book/686fa492dca21dadb9ba8dfa
2025-07-11T05:44:55.607Z [info]: GET /api/reviews/book/686fa492dca21dadb9ba8dfe
2025-07-11T05:44:55.614Z [info]: GET /api/reviews/book/686fa492dca21dadb9ba8dfc
2025-07-11T05:44:55.617Z [info]: GET /api/reviews/book/686fa492dca21dadb9ba8dfb
2025-07-11T05:44:55.620Z [info]: GET /api/reviews/book/686fa492dca21dadb9ba8dfd
2025-07-11T05:44:55.626Z [info]: GET /api/reviews/book/686fa492dca21dadb9ba8dff
2025-07-11T05:44:55.633Z [info]: GET /api/reviews/book/686fa492dca21dadb9ba8e00
2025-07-11T05:44:55.646Z [info]: GET /api/reviews/book/686fa492dca21dadb9ba8e01
2025-07-11T05:44:55.652Z [info]: GET /api/reviews/book/686fa492dca21dadb9ba8e03
2025-07-11T05:44:55.665Z [info]: GET /api/reviews/book/686fa492dca21dadb9ba8e04
2025-07-11T05:44:55.669Z [info]: GET /api/reviews/book/686fa492dca21dadb9ba8e05
2025-07-11T05:44:55.671Z [info]: GET /api/reviews/book/686fa492dca21dadb9ba8e06
2025-07-11T05:44:55.677Z [info]: GET /api/reviews/book/686fa492dca21dadb9ba8e02
2025-07-11T05:44:55.691Z [info]: GET /api/reviews/book/686fa492dca21dadb9ba8e07
2025-07-11T05:44:55.698Z [info]: GET /api/reviews/book/686fa492dca21dadb9ba8e08
2025-07-11T05:44:55.702Z [info]: GET /api/reviews/book/686fa492dca21dadb9ba8e09
2025-07-11T05:44:55.705Z [info]: GET /api/reviews/book/686fa492dca21dadb9ba8e0a
2025-07-11T05:44:55.708Z [info]: GET /api/reviews/book/686fa492dca21dadb9ba8e0b
2025-07-11T05:44:55.716Z [info]: GET /api/reviews/book/686fa492dca21dadb9ba8e0c
2025-07-11T05:44:55.729Z [info]: GET /api/reviews/book/686fa492dca21dadb9ba8de1
2025-07-11T05:44:55.734Z [info]: GET /api/reviews/book/686fa492dca21dadb9ba8de2
2025-07-11T05:46:34.189Z [info]: GET /api/reviews/book/686fa492dca21dadb9ba8da9
2025-07-11T05:46:34.193Z [info]: GET /api/reviews/book/686fa492dca21dadb9ba8dda
2025-07-11T05:46:34.195Z [info]: GET /api/reviews/book/686fa492dca21dadb9ba8dcf
2025-07-11T05:49:33.862Z [info]: GET /api/reviews/book/686fa492dca21dadb9ba8da9
2025-07-11T05:49:33.893Z [info]: GET /api/reviews/book/686fa492dca21dadb9ba8daa
2025-07-11T05:49:33.896Z [info]: GET /api/reviews/book/686fa492dca21dadb9ba8dab
2025-07-11T05:49:33.902Z [info]: GET /api/reviews/book/686fa492dca21dadb9ba8daf
2025-07-11T05:49:33.906Z [info]: GET /api/reviews/book/686fa492dca21dadb9ba8db0
2025-07-11T05:49:33.910Z [info]: GET /api/reviews/book/686fa492dca21dadb9ba8db2
2025-07-11T05:49:33.954Z [info]: GET /api/reviews/book/686fa492dca21dadb9ba8db3
2025-07-11T05:49:33.961Z [info]: GET /api/reviews/book/686fa492dca21dadb9ba8dac
2025-07-11T05:49:33.964Z [info]: GET /api/reviews/book/686fa492dca21dadb9ba8db6
2025-07-11T05:49:33.967Z [info]: GET /api/reviews/book/686fa492dca21dadb9ba8db7
2025-07-11T05:49:33.969Z [info]: GET /api/reviews/book/686fa492dca21dadb9ba8db8
2025-07-11T05:49:33.987Z [info]: GET /api/reviews/book/686fa492dca21dadb9ba8db9
2025-07-11T05:49:33.993Z [info]: GET /api/reviews/book/686fa492dca21dadb9ba8dba
2025-07-11T05:49:33.996Z [info]: GET /api/reviews/book/686fa492dca21dadb9ba8dad
2025-07-11T05:49:33.998Z [info]: GET /api/reviews/book/686fa492dca21dadb9ba8dbb
2025-07-11T05:49:34.009Z [info]: GET /api/reviews/book/686fa492dca21dadb9ba8dbc
2025-07-11T05:49:34.020Z [info]: GET /api/reviews/book/686fa492dca21dadb9ba8dae
2025-07-11T05:49:34.029Z [info]: GET /api/reviews/book/686fa492dca21dadb9ba8db1
2025-07-11T05:49:34.032Z [info]: GET /api/reviews/book/686fa492dca21dadb9ba8dbd
2025-07-11T05:49:34.034Z [info]: GET /api/reviews/book/686fa492dca21dadb9ba8dbe
2025-07-11T05:49:34.037Z [info]: GET /api/reviews/book/686fa492dca21dadb9ba8dbf
2025-07-11T05:49:34.040Z [info]: GET /api/reviews/book/686fa492dca21dadb9ba8dc0
2025-07-11T05:49:34.053Z [info]: GET /api/reviews/book/686fa492dca21dadb9ba8dc1
2025-07-11T05:49:34.057Z [info]: GET /api/reviews/book/686fa492dca21dadb9ba8dc2
2025-07-11T05:49:34.059Z [info]: GET /api/reviews/book/686fa492dca21dadb9ba8dc3
2025-07-11T05:49:34.061Z [info]: GET /api/reviews/book/686fa492dca21dadb9ba8dc4
2025-07-11T05:49:34.063Z [info]: GET /api/reviews/book/686fa492dca21dadb9ba8dc5
2025-07-11T05:49:34.066Z [info]: GET /api/reviews/book/686fa492dca21dadb9ba8dc6
2025-07-11T05:49:34.079Z [info]: GET /api/reviews/book/686fa492dca21dadb9ba8dc7
2025-07-11T05:49:34.082Z [info]: GET /api/reviews/book/686fa492dca21dadb9ba8dc8
2025-07-11T05:49:34.084Z [info]: GET /api/reviews/book/686fa492dca21dadb9ba8dc9
2025-07-11T05:49:34.087Z [info]: GET /api/reviews/book/686fa492dca21dadb9ba8dca
2025-07-11T05:49:34.090Z [info]: GET /api/reviews/book/686fa492dca21dadb9ba8dcb
2025-07-11T05:49:34.093Z [info]: GET /api/reviews/book/686fa492dca21dadb9ba8dcc
2025-07-11T05:49:34.112Z [info]: GET /api/reviews/book/686fa492dca21dadb9ba8dcd
2025-07-11T05:49:34.117Z [info]: GET /api/reviews/book/686fa492dca21dadb9ba8dce
2025-07-11T05:49:34.123Z [info]: GET /api/reviews/book/686fa492dca21dadb9ba8dcf
2025-07-11T05:49:34.129Z [info]: GET /api/reviews/book/686fa492dca21dadb9ba8dd0
2025-07-11T05:49:34.132Z [info]: GET /api/reviews/book/686fa492dca21dadb9ba8dd1
2025-07-11T05:49:34.137Z [info]: GET /api/reviews/book/686fa492dca21dadb9ba8dd2
2025-07-11T05:49:34.160Z [info]: GET /api/reviews/book/686fa492dca21dadb9ba8dd3
2025-07-11T05:49:34.167Z [info]: GET /api/reviews/book/686fa492dca21dadb9ba8dd4
2025-07-11T05:49:34.171Z [info]: GET /api/reviews/book/686fa492dca21dadb9ba8dd5
2025-07-11T05:49:34.174Z [info]: GET /api/reviews/book/686fa492dca21dadb9ba8dd6
2025-07-11T05:49:34.178Z [info]: GET /api/reviews/book/686fa492dca21dadb9ba8dd7
2025-07-11T05:49:34.181Z [info]: GET /api/reviews/book/686fa492dca21dadb9ba8dd8
2025-07-11T05:49:34.198Z [info]: GET /api/reviews/book/686fa492dca21dadb9ba8dd9
2025-07-11T05:49:34.202Z [info]: GET /api/reviews/book/686fa492dca21dadb9ba8dda
2025-07-11T05:49:34.207Z [info]: GET /api/reviews/book/686fa492dca21dadb9ba8ddb
2025-07-11T05:49:34.213Z [info]: GET /api/reviews/book/686fa492dca21dadb9ba8ddc
2025-07-11T05:49:34.217Z [info]: GET /api/reviews/book/686fa492dca21dadb9ba8ddd
2025-07-11T05:49:34.222Z [info]: GET /api/reviews/book/686fa492dca21dadb9ba8dde
2025-07-11T05:49:34.244Z [info]: GET /api/reviews/book/686fa492dca21dadb9ba8ddf
2025-07-11T05:49:34.251Z [info]: GET /api/reviews/book/686fa492dca21dadb9ba8de0
2025-07-11T05:49:34.255Z [info]: GET /api/reviews/book/686fa492dca21dadb9ba8db5
2025-07-11T05:49:34.259Z [info]: GET /api/reviews/book/686fa492dca21dadb9ba8db4
2025-07-11T05:49:34.263Z [info]: GET /api/reviews/book/686fa492dca21dadb9ba8de3
2025-07-11T05:49:34.266Z [info]: GET /api/reviews/book/686fa492dca21dadb9ba8de4
2025-07-11T05:49:34.279Z [info]: GET /api/reviews/book/686fa492dca21dadb9ba8de5
2025-07-11T05:49:34.282Z [info]: GET /api/reviews/book/686fa492dca21dadb9ba8de6
2025-07-11T05:49:34.285Z [info]: GET /api/reviews/book/686fa492dca21dadb9ba8de7
2025-07-11T05:49:34.288Z [info]: GET /api/reviews/book/686fa492dca21dadb9ba8de8
2025-07-11T05:49:34.291Z [info]: GET /api/reviews/book/686fa492dca21dadb9ba8de9
2025-07-11T05:49:34.295Z [info]: GET /api/reviews/book/686fa492dca21dadb9ba8dea
2025-07-11T05:49:34.312Z [info]: GET /api/reviews/book/686fa492dca21dadb9ba8deb
2025-07-11T05:49:34.315Z [info]: GET /api/reviews/book/686fa492dca21dadb9ba8dec
2025-07-11T05:49:34.318Z [info]: GET /api/reviews/book/686fa492dca21dadb9ba8ded
2025-07-11T05:49:34.321Z [info]: GET /api/reviews/book/686fa492dca21dadb9ba8dee
2025-07-11T05:49:34.324Z [info]: GET /api/reviews/book/686fa492dca21dadb9ba8def
2025-07-11T05:49:34.326Z [info]: GET /api/reviews/book/686fa492dca21dadb9ba8df0
2025-07-11T05:49:34.351Z [info]: GET /api/reviews/book/686fa492dca21dadb9ba8df1
2025-07-11T05:49:34.355Z [info]: GET /api/reviews/book/686fa492dca21dadb9ba8df2
2025-07-11T05:49:34.358Z [info]: GET /api/reviews/book/686fa492dca21dadb9ba8df3
2025-07-11T05:49:34.361Z [info]: GET /api/reviews/book/686fa492dca21dadb9ba8df4
2025-07-11T05:49:34.364Z [info]: GET /api/reviews/book/686fa492dca21dadb9ba8df5
2025-07-11T05:49:34.369Z [info]: GET /api/reviews/book/686fa492dca21dadb9ba8df6
2025-07-11T05:49:34.386Z [info]: GET /api/reviews/book/686fa492dca21dadb9ba8df7
2025-07-11T05:49:34.390Z [info]: GET /api/reviews/book/686fa492dca21dadb9ba8df8
2025-07-11T05:49:34.393Z [info]: GET /api/reviews/book/686fa492dca21dadb9ba8df9
2025-07-11T05:49:34.396Z [info]: GET /api/reviews/book/686fa492dca21dadb9ba8dfa
2025-07-11T05:49:34.400Z [info]: GET /api/reviews/book/686fa492dca21dadb9ba8dfb
2025-07-11T05:49:34.403Z [info]: GET /api/reviews/book/686fa492dca21dadb9ba8dfc
2025-07-11T05:49:34.422Z [info]: GET /api/reviews/book/686fa492dca21dadb9ba8dfd
2025-07-11T05:49:34.427Z [info]: GET /api/reviews/book/686fa492dca21dadb9ba8dfe
2025-07-11T05:49:34.430Z [info]: GET /api/reviews/book/686fa492dca21dadb9ba8dff
2025-07-11T05:49:34.433Z [info]: GET /api/reviews/book/686fa492dca21dadb9ba8e00
2025-07-11T05:49:34.436Z [info]: GET /api/reviews/book/686fa492dca21dadb9ba8e01
2025-07-11T05:49:34.440Z [info]: GET /api/reviews/book/686fa492dca21dadb9ba8e02
2025-07-11T05:49:34.459Z [info]: GET /api/reviews/book/686fa492dca21dadb9ba8e03
2025-07-11T05:49:34.464Z [info]: GET /api/reviews/book/686fa492dca21dadb9ba8e04
2025-07-11T05:49:34.466Z [info]: GET /api/reviews/book/686fa492dca21dadb9ba8e05
2025-07-11T05:49:34.469Z [info]: GET /api/reviews/book/686fa492dca21dadb9ba8e06
2025-07-11T05:49:34.472Z [info]: GET /api/reviews/book/686fa492dca21dadb9ba8e07
2025-07-11T05:49:34.475Z [info]: GET /api/reviews/book/686fa492dca21dadb9ba8e08
2025-07-11T05:49:34.492Z [info]: GET /api/reviews/book/686fa492dca21dadb9ba8e09
2025-07-11T05:49:34.495Z [info]: GET /api/reviews/book/686fa492dca21dadb9ba8e0a
2025-07-11T05:49:34.498Z [info]: GET /api/reviews/book/686fa492dca21dadb9ba8e0b
2025-07-11T05:49:34.500Z [info]: GET /api/reviews/book/686fa492dca21dadb9ba8e0c
2025-07-11T05:49:34.502Z [info]: GET /api/reviews/book/686fa492dca21dadb9ba8de1
2025-07-11T05:49:34.504Z [info]: GET /api/reviews/book/686fa492dca21dadb9ba8de2
2025-07-11T05:49:56.421Z [info]: GET /api/reviews/book/686fa492dca21dadb9ba8dda
2025-07-11T05:49:56.427Z [info]: GET /api/reviews/book/686fa492dca21dadb9ba8dcf
2025-07-11T05:49:56.430Z [info]: GET /api/reviews/book/686fa492dca21dadb9ba8da9
2025-07-11T05:57:56.957Z [info]: GET /api/reviews/book/686fa492dca21dadb9ba8da9
2025-07-11T05:57:56.997Z [info]: GET /api/reviews/book/686fa492dca21dadb9ba8daa
2025-07-11T05:57:57.001Z [info]: GET /api/reviews/book/686fa492dca21dadb9ba8dab
2025-07-11T05:57:57.006Z [info]: GET /api/reviews/book/686fa492dca21dadb9ba8daf
2025-07-11T05:57:57.009Z [info]: GET /api/reviews/book/686fa492dca21dadb9ba8db0
2025-07-11T05:57:57.012Z [info]: GET /api/reviews/book/686fa492dca21dadb9ba8db2
2025-07-11T05:57:57.041Z [info]: GET /api/reviews/book/686fa492dca21dadb9ba8db3
2025-07-11T05:57:57.043Z [info]: GET /api/reviews/book/686fa492dca21dadb9ba8dac
2025-07-11T05:57:57.047Z [info]: GET /api/reviews/book/686fa492dca21dadb9ba8db6
2025-07-11T05:57:57.053Z [info]: GET /api/reviews/book/686fa492dca21dadb9ba8db7
2025-07-11T05:57:57.059Z [info]: GET /api/reviews/book/686fa492dca21dadb9ba8db8
2025-07-11T05:57:57.061Z [info]: GET /api/reviews/book/686fa492dca21dadb9ba8db9
2025-07-11T05:57:57.088Z [info]: GET /api/reviews/book/686fa492dca21dadb9ba8dba
2025-07-11T05:57:57.093Z [info]: GET /api/reviews/book/686fa492dca21dadb9ba8dad
2025-07-11T05:57:57.098Z [info]: GET /api/reviews/book/686fa492dca21dadb9ba8dbb
2025-07-11T05:57:57.104Z [info]: GET /api/reviews/book/686fa492dca21dadb9ba8dbc
2025-07-11T05:57:57.117Z [info]: GET /api/reviews/book/686fa492dca21dadb9ba8dae
2025-07-11T05:57:57.122Z [info]: GET /api/reviews/book/686fa492dca21dadb9ba8db1
2025-07-11T05:57:57.127Z [info]: GET /api/reviews/book/686fa492dca21dadb9ba8dbd
2025-07-11T05:57:57.132Z [info]: GET /api/reviews/book/686fa492dca21dadb9ba8dbe
2025-07-11T05:57:57.135Z [info]: GET /api/reviews/book/686fa492dca21dadb9ba8dbf
2025-07-11T05:57:57.141Z [info]: GET /api/reviews/book/686fa492dca21dadb9ba8dc0
2025-07-11T05:57:57.148Z [info]: GET /api/reviews/book/686fa492dca21dadb9ba8dc1
2025-07-11T05:57:57.152Z [info]: GET /api/reviews/book/686fa492dca21dadb9ba8dc2
2025-07-11T05:57:57.156Z [info]: GET /api/reviews/book/686fa492dca21dadb9ba8dc3
2025-07-11T05:57:57.159Z [info]: GET /api/reviews/book/686fa492dca21dadb9ba8dc4
2025-07-11T05:57:57.163Z [info]: GET /api/reviews/book/686fa492dca21dadb9ba8dc5
2025-07-11T05:57:57.169Z [info]: GET /api/reviews/book/686fa492dca21dadb9ba8dc6
2025-07-11T05:57:57.180Z [info]: GET /api/reviews/book/686fa492dca21dadb9ba8dc7
2025-07-11T05:57:57.183Z [info]: GET /api/reviews/book/686fa492dca21dadb9ba8dc8
2025-07-11T05:57:57.188Z [info]: GET /api/reviews/book/686fa492dca21dadb9ba8dc9
2025-07-11T05:57:57.191Z [info]: GET /api/reviews/book/686fa492dca21dadb9ba8dca
2025-07-11T05:57:57.194Z [info]: GET /api/reviews/book/686fa492dca21dadb9ba8dcb
2025-07-11T05:57:57.199Z [info]: GET /api/reviews/book/686fa492dca21dadb9ba8dcc
2025-07-11T05:57:57.210Z [info]: GET /api/reviews/book/686fa492dca21dadb9ba8dcd
2025-07-11T05:57:57.217Z [info]: GET /api/reviews/book/686fa492dca21dadb9ba8dce
2025-07-11T05:57:57.222Z [info]: GET /api/reviews/book/686fa492dca21dadb9ba8dcf
2025-07-11T05:57:57.226Z [info]: GET /api/reviews/book/686fa492dca21dadb9ba8dd0
2025-07-11T05:57:57.229Z [info]: GET /api/reviews/book/686fa492dca21dadb9ba8dd1
2025-07-11T05:57:57.237Z [info]: GET /api/reviews/book/686fa492dca21dadb9ba8dd2
2025-07-11T05:57:57.244Z [info]: GET /api/reviews/book/686fa492dca21dadb9ba8dd3
2025-07-11T05:57:57.247Z [info]: GET /api/reviews/book/686fa492dca21dadb9ba8dd4
2025-07-11T05:57:57.251Z [info]: GET /api/reviews/book/686fa492dca21dadb9ba8dd5
2025-07-11T05:57:57.255Z [info]: GET /api/reviews/book/686fa492dca21dadb9ba8dd6
2025-07-11T05:57:57.258Z [info]: GET /api/reviews/book/686fa492dca21dadb9ba8dd7
2025-07-11T05:57:57.262Z [info]: GET /api/reviews/book/686fa492dca21dadb9ba8dd8
2025-07-11T05:57:57.269Z [info]: GET /api/reviews/book/686fa492dca21dadb9ba8dd9
2025-07-11T05:57:57.272Z [info]: GET /api/reviews/book/686fa492dca21dadb9ba8dda
2025-07-11T05:57:57.276Z [info]: GET /api/reviews/book/686fa492dca21dadb9ba8ddb
2025-07-11T05:57:57.279Z [info]: GET /api/reviews/book/686fa492dca21dadb9ba8ddc
2025-07-11T05:57:57.285Z [info]: GET /api/reviews/book/686fa492dca21dadb9ba8ddd
2025-07-11T05:57:57.290Z [info]: GET /api/reviews/book/686fa492dca21dadb9ba8dde
2025-07-11T05:57:57.297Z [info]: GET /api/reviews/book/686fa492dca21dadb9ba8ddf
2025-07-11T05:57:57.301Z [info]: GET /api/reviews/book/686fa492dca21dadb9ba8de0
2025-07-11T05:57:57.312Z [info]: GET /api/reviews/book/686fa492dca21dadb9ba8db5
2025-07-11T05:57:57.318Z [info]: GET /api/reviews/book/686fa492dca21dadb9ba8db4
2025-07-11T05:57:57.321Z [info]: GET /api/reviews/book/686fa492dca21dadb9ba8de3
2025-07-11T05:57:57.327Z [info]: GET /api/reviews/book/686fa492dca21dadb9ba8de4
2025-07-11T05:57:57.336Z [info]: GET /api/reviews/book/686fa492dca21dadb9ba8de5
2025-07-11T05:57:57.344Z [info]: GET /api/reviews/book/686fa492dca21dadb9ba8de6
2025-07-11T05:57:57.351Z [info]: GET /api/reviews/book/686fa492dca21dadb9ba8de7
2025-07-11T05:57:57.356Z [info]: GET /api/reviews/book/686fa492dca21dadb9ba8de8
2025-07-11T05:57:57.360Z [info]: GET /api/reviews/book/686fa492dca21dadb9ba8de9
2025-07-11T05:57:57.364Z [info]: GET /api/reviews/book/686fa492dca21dadb9ba8dea
2025-07-11T05:57:57.374Z [info]: GET /api/reviews/book/686fa492dca21dadb9ba8deb
2025-07-11T05:57:57.382Z [info]: GET /api/reviews/book/686fa492dca21dadb9ba8dec
2025-07-11T05:57:57.389Z [info]: GET /api/reviews/book/686fa492dca21dadb9ba8ded
2025-07-11T05:57:57.394Z [info]: GET /api/reviews/book/686fa492dca21dadb9ba8dee
2025-07-11T05:57:57.401Z [info]: GET /api/reviews/book/686fa492dca21dadb9ba8def
2025-07-11T05:57:57.411Z [info]: GET /api/reviews/book/686fa492dca21dadb9ba8df0
2025-07-11T05:57:57.428Z [info]: GET /api/reviews/book/686fa492dca21dadb9ba8df1
2025-07-11T05:57:57.437Z [info]: GET /api/reviews/book/686fa492dca21dadb9ba8df2
2025-07-11T05:57:57.445Z [info]: GET /api/reviews/book/686fa492dca21dadb9ba8df3
2025-07-11T05:57:57.453Z [info]: GET /api/reviews/book/686fa492dca21dadb9ba8df4
2025-07-11T05:57:57.460Z [info]: GET /api/reviews/book/686fa492dca21dadb9ba8df5
2025-07-11T05:57:57.465Z [info]: GET /api/reviews/book/686fa492dca21dadb9ba8df6
2025-07-11T05:57:57.498Z [info]: GET /api/reviews/book/686fa492dca21dadb9ba8df7
2025-07-11T05:57:57.512Z [info]: GET /api/reviews/book/686fa492dca21dadb9ba8df8
2025-07-11T05:57:57.527Z [info]: GET /api/reviews/book/686fa492dca21dadb9ba8df9
2025-07-11T05:57:57.537Z [info]: GET /api/reviews/book/686fa492dca21dadb9ba8dfa
2025-07-11T05:57:57.552Z [info]: GET /api/reviews/book/686fa492dca21dadb9ba8dfb
2025-07-11T05:57:57.564Z [info]: GET /api/reviews/book/686fa492dca21dadb9ba8dfc
2025-07-11T05:57:57.678Z [info]: GET /api/reviews/book/686fa492dca21dadb9ba8dfd
2025-07-11T05:57:57.685Z [info]: GET /api/reviews/book/686fa492dca21dadb9ba8dfe
2025-07-11T05:57:57.692Z [info]: GET /api/reviews/book/686fa492dca21dadb9ba8dff
2025-07-11T05:57:57.700Z [info]: GET /api/reviews/book/686fa492dca21dadb9ba8e00
2025-07-11T05:57:57.705Z [info]: GET /api/reviews/book/686fa492dca21dadb9ba8e01
2025-07-11T05:57:57.710Z [info]: GET /api/reviews/book/686fa492dca21dadb9ba8e02
2025-07-11T05:57:57.724Z [info]: GET /api/reviews/book/686fa492dca21dadb9ba8e03
2025-07-11T05:57:57.742Z [info]: GET /api/reviews/book/686fa492dca21dadb9ba8e04
2025-07-11T05:57:57.748Z [info]: GET /api/reviews/book/686fa492dca21dadb9ba8e05
2025-07-11T05:57:57.758Z [info]: GET /api/reviews/book/686fa492dca21dadb9ba8e06
2025-07-11T05:57:57.764Z [info]: GET /api/reviews/book/686fa492dca21dadb9ba8e07
2025-07-11T05:57:57.773Z [info]: GET /api/reviews/book/686fa492dca21dadb9ba8e08
2025-07-11T05:57:57.790Z [info]: GET /api/reviews/book/686fa492dca21dadb9ba8e09
2025-07-11T05:57:57.802Z [info]: GET /api/reviews/book/686fa492dca21dadb9ba8e0a
2025-07-11T05:57:57.806Z [info]: GET /api/reviews/book/686fa492dca21dadb9ba8e0b
2025-07-11T05:57:57.812Z [info]: GET /api/reviews/book/686fa492dca21dadb9ba8e0c
2025-07-11T05:57:57.815Z [info]: GET /api/reviews/book/686fa492dca21dadb9ba8de1
2025-07-11T05:57:57.820Z [info]: GET /api/reviews/book/686fa492dca21dadb9ba8de2
2025-07-11T05:58:19.875Z [info]: GET /api/reviews/book/686fa492dca21dadb9ba8dbf
2025-07-11T05:58:19.879Z [info]: GET /api/reviews/book/686fa492dca21dadb9ba8dfe
2025-07-11T05:58:19.882Z [info]: GET /api/reviews/book/686fa492dca21dadb9ba8e03
2025-07-11T05:58:19.885Z [info]: GET /api/reviews/book/686fa492dca21dadb9ba8dd1
2025-07-11T05:58:19.887Z [info]: GET /api/reviews/book/686fa492dca21dadb9ba8dda
2025-07-11T05:58:19.890Z [info]: GET /api/reviews/book/686fa492dca21dadb9ba8df2
2025-07-11T05:58:19.910Z [info]: GET /api/reviews/book/686fa492dca21dadb9ba8dac
2025-07-11T05:58:19.914Z [info]: GET /api/reviews/book/686fa492dca21dadb9ba8dfc
2025-07-11T05:58:19.919Z [info]: GET /api/reviews/book/686fa492dca21dadb9ba8dad
2025-07-11T05:58:19.923Z [info]: GET /api/reviews/book/686fa492dca21dadb9ba8de0
2025-07-11T05:58:19.927Z [info]: GET /api/reviews/book/686fa492dca21dadb9ba8db4
2025-07-11T05:58:19.931Z [info]: GET /api/reviews/book/686fa492dca21dadb9ba8de4
2025-07-11T05:58:22.075Z [info]: GET /api/reviews/book/1
2025-07-11T05:58:22.100Z [error]: Error fetching reviews:
2025-07-11T05:58:22.102Z [info]: GET /api/reviews/book/2
2025-07-11T05:58:22.105Z [error]: Error fetching reviews:
2025-07-11T05:58:22.107Z [info]: GET /api/reviews/book/3
2025-07-11T05:58:22.108Z [error]: Error fetching reviews:
2025-07-11T05:58:22.109Z [info]: GET /api/reviews/book/4
2025-07-11T05:58:22.111Z [error]: Error fetching reviews:
2025-07-11T05:58:27.538Z [info]: GET /api/reviews/book/686fa492dca21dadb9ba8da9
2025-07-11T05:58:27.544Z [info]: GET /api/reviews/book/686fa492dca21dadb9ba8daa
2025-07-11T05:58:27.549Z [info]: GET /api/reviews/book/686fa492dca21dadb9ba8dab
2025-07-11T05:58:27.556Z [info]: GET /api/reviews/book/686fa492dca21dadb9ba8daf
2025-07-11T05:58:27.561Z [info]: GET /api/reviews/book/686fa492dca21dadb9ba8db0
2025-07-11T05:58:27.566Z [info]: GET /api/reviews/book/686fa492dca21dadb9ba8dac
2025-07-11T05:58:27.568Z [info]: GET /api/reviews/book/686fa492dca21dadb9ba8db2
2025-07-11T05:58:27.571Z [info]: GET /api/reviews/book/686fa492dca21dadb9ba8db3
2025-07-11T05:58:27.575Z [info]: GET /api/reviews/book/686fa492dca21dadb9ba8db7
2025-07-11T05:58:27.580Z [info]: GET /api/reviews/book/686fa492dca21dadb9ba8db6
2025-07-11T05:58:27.584Z [info]: GET /api/reviews/book/686fa492dca21dadb9ba8db8
2025-07-11T05:58:27.587Z [info]: GET /api/reviews/book/686fa492dca21dadb9ba8db9
2025-07-11T05:58:27.590Z [info]: GET /api/reviews/book/686fa492dca21dadb9ba8dba
2025-07-11T05:58:27.593Z [info]: GET /api/reviews/book/686fa492dca21dadb9ba8dad
2025-07-11T05:58:27.597Z [info]: GET /api/reviews/book/686fa492dca21dadb9ba8dbb
2025-07-11T05:58:27.601Z [info]: GET /api/reviews/book/686fa492dca21dadb9ba8dbc
2025-07-11T05:58:27.605Z [info]: GET /api/reviews/book/686fa492dca21dadb9ba8dae
2025-07-11T05:58:27.609Z [info]: GET /api/reviews/book/686fa492dca21dadb9ba8db1
2025-07-11T05:58:27.611Z [info]: GET /api/reviews/book/686fa492dca21dadb9ba8dbd
2025-07-11T05:58:27.614Z [info]: GET /api/reviews/book/686fa492dca21dadb9ba8dbe
2025-07-11T05:58:27.617Z [info]: GET /api/reviews/book/686fa492dca21dadb9ba8dbf
2025-07-11T05:58:27.621Z [info]: GET /api/reviews/book/686fa492dca21dadb9ba8dc0
2025-07-11T05:58:27.625Z [info]: GET /api/reviews/book/686fa492dca21dadb9ba8dc1
2025-07-11T05:58:27.629Z [info]: GET /api/reviews/book/686fa492dca21dadb9ba8dc2
2025-07-11T05:58:27.637Z [info]: GET /api/reviews/book/686fa492dca21dadb9ba8dc3
2025-07-11T05:58:27.645Z [info]: GET /api/reviews/book/686fa492dca21dadb9ba8dc4
2025-07-11T05:58:27.649Z [info]: GET /api/reviews/book/686fa492dca21dadb9ba8dc5
2025-07-11T05:58:27.653Z [info]: GET /api/reviews/book/686fa492dca21dadb9ba8dc6
2025-07-11T05:58:27.657Z [info]: GET /api/reviews/book/686fa492dca21dadb9ba8dc7
2025-07-11T05:58:27.661Z [info]: GET /api/reviews/book/686fa492dca21dadb9ba8dc8
2025-07-11T05:58:27.663Z [info]: GET /api/reviews/book/686fa492dca21dadb9ba8dc9
2025-07-11T05:58:27.666Z [info]: GET /api/reviews/book/686fa492dca21dadb9ba8dca
2025-07-11T05:58:27.670Z [info]: GET /api/reviews/book/686fa492dca21dadb9ba8dcb
2025-07-11T05:58:27.675Z [info]: GET /api/reviews/book/686fa492dca21dadb9ba8dcc
2025-07-11T05:58:27.681Z [info]: GET /api/reviews/book/686fa492dca21dadb9ba8dcd
2025-07-11T05:58:27.684Z [info]: GET /api/reviews/book/686fa492dca21dadb9ba8dce
2025-07-11T05:58:27.687Z [info]: GET /api/reviews/book/686fa492dca21dadb9ba8dcf
2025-07-11T05:58:27.691Z [info]: GET /api/reviews/book/686fa492dca21dadb9ba8dd0
2025-07-11T05:58:27.695Z [info]: GET /api/reviews/book/686fa492dca21dadb9ba8dd1
2025-07-11T05:58:27.701Z [info]: GET /api/reviews/book/686fa492dca21dadb9ba8dd2
2025-07-11T05:58:27.705Z [info]: GET /api/reviews/book/686fa492dca21dadb9ba8dd3
2025-07-11T05:58:27.709Z [info]: GET /api/reviews/book/686fa492dca21dadb9ba8dd4
2025-07-11T05:58:27.711Z [info]: GET /api/reviews/book/686fa492dca21dadb9ba8dd5
2025-07-11T05:58:27.714Z [info]: GET /api/reviews/book/686fa492dca21dadb9ba8dd6
2025-07-11T05:58:27.720Z [info]: GET /api/reviews/book/686fa492dca21dadb9ba8dd7
2025-07-11T05:58:27.725Z [info]: GET /api/reviews/book/686fa492dca21dadb9ba8dd8
2025-07-11T05:58:27.728Z [info]: GET /api/reviews/book/686fa492dca21dadb9ba8dd9
2025-07-11T05:58:27.731Z [info]: GET /api/reviews/book/686fa492dca21dadb9ba8dda
2025-07-11T05:58:27.734Z [info]: GET /api/reviews/book/686fa492dca21dadb9ba8ddb
2025-07-11T05:58:27.737Z [info]: GET /api/reviews/book/686fa492dca21dadb9ba8ddc
2025-07-11T05:58:27.741Z [info]: GET /api/reviews/book/686fa492dca21dadb9ba8ddd
2025-07-11T05:58:27.747Z [info]: GET /api/reviews/book/686fa492dca21dadb9ba8dde
2025-07-11T05:58:27.750Z [info]: GET /api/reviews/book/686fa492dca21dadb9ba8ddf
2025-07-11T05:58:27.753Z [info]: GET /api/reviews/book/686fa492dca21dadb9ba8de0
2025-07-11T05:58:27.757Z [info]: GET /api/reviews/book/686fa492dca21dadb9ba8db5
2025-07-11T05:58:27.760Z [info]: GET /api/reviews/book/686fa492dca21dadb9ba8db4
2025-07-11T05:58:27.764Z [info]: GET /api/reviews/book/686fa492dca21dadb9ba8de3
2025-07-11T05:58:27.768Z [info]: GET /api/reviews/book/686fa492dca21dadb9ba8de4
2025-07-11T05:58:27.771Z [info]: GET /api/reviews/book/686fa492dca21dadb9ba8de5
2025-07-11T05:58:27.775Z [info]: GET /api/reviews/book/686fa492dca21dadb9ba8de6
2025-07-11T05:58:27.777Z [info]: GET /api/reviews/book/686fa492dca21dadb9ba8de7
2025-07-11T05:58:27.782Z [info]: GET /api/reviews/book/686fa492dca21dadb9ba8de8
2025-07-11T05:58:27.788Z [info]: GET /api/reviews/book/686fa492dca21dadb9ba8de9
2025-07-11T05:58:27.795Z [info]: GET /api/reviews/book/686fa492dca21dadb9ba8dea
2025-07-11T05:58:27.800Z [info]: GET /api/reviews/book/686fa492dca21dadb9ba8deb
2025-07-11T05:58:27.803Z [info]: GET /api/reviews/book/686fa492dca21dadb9ba8dec
2025-07-11T05:58:27.805Z [info]: GET /api/reviews/book/686fa492dca21dadb9ba8ded
2025-07-11T05:58:27.809Z [info]: GET /api/reviews/book/686fa492dca21dadb9ba8dee
2025-07-11T05:58:27.813Z [info]: GET /api/reviews/book/686fa492dca21dadb9ba8def
2025-07-11T05:58:27.817Z [info]: GET /api/reviews/book/686fa492dca21dadb9ba8df0
2025-07-11T05:58:27.821Z [info]: GET /api/reviews/book/686fa492dca21dadb9ba8df1
2025-07-11T05:58:27.825Z [info]: GET /api/reviews/book/686fa492dca21dadb9ba8df2
2025-07-11T05:58:27.827Z [info]: GET /api/reviews/book/686fa492dca21dadb9ba8df3
2025-07-11T05:58:27.831Z [info]: GET /api/reviews/book/686fa492dca21dadb9ba8df4
2025-07-11T05:58:27.835Z [info]: GET /api/reviews/book/686fa492dca21dadb9ba8df5
2025-07-11T05:58:27.842Z [info]: GET /api/reviews/book/686fa492dca21dadb9ba8df6
2025-07-11T05:58:27.846Z [info]: GET /api/reviews/book/686fa492dca21dadb9ba8df7
2025-07-11T05:58:27.851Z [info]: GET /api/reviews/book/686fa492dca21dadb9ba8df8
2025-07-11T05:58:27.854Z [info]: GET /api/reviews/book/686fa492dca21dadb9ba8df9
2025-07-11T05:58:27.861Z [info]: GET /api/reviews/book/686fa492dca21dadb9ba8dfa
2025-07-11T05:58:27.865Z [info]: GET /api/reviews/book/686fa492dca21dadb9ba8dfb
2025-07-11T05:58:27.871Z [info]: GET /api/reviews/book/686fa492dca21dadb9ba8dfc
2025-07-11T05:58:27.876Z [info]: GET /api/reviews/book/686fa492dca21dadb9ba8dfd
2025-07-11T05:58:27.880Z [info]: GET /api/reviews/book/686fa492dca21dadb9ba8dfe
2025-07-11T05:58:27.882Z [info]: GET /api/reviews/book/686fa492dca21dadb9ba8dff
2025-07-11T05:58:27.887Z [info]: GET /api/reviews/book/686fa492dca21dadb9ba8e00
2025-07-11T05:58:27.891Z [info]: GET /api/reviews/book/686fa492dca21dadb9ba8e01
2025-07-11T05:58:27.894Z [info]: GET /api/reviews/book/686fa492dca21dadb9ba8e02
2025-07-11T05:58:27.898Z [info]: GET /api/reviews/book/686fa492dca21dadb9ba8e03
2025-07-11T05:58:27.901Z [info]: GET /api/reviews/book/686fa492dca21dadb9ba8e04
2025-07-11T05:58:27.903Z [info]: GET /api/reviews/book/686fa492dca21dadb9ba8e05
2025-07-11T05:58:27.906Z [info]: GET /api/reviews/book/686fa492dca21dadb9ba8e06
2025-07-11T05:58:27.909Z [info]: GET /api/reviews/book/686fa492dca21dadb9ba8e07
2025-07-11T05:58:27.913Z [info]: GET /api/reviews/book/686fa492dca21dadb9ba8e08
2025-07-11T05:58:27.917Z [info]: GET /api/reviews/book/686fa492dca21dadb9ba8e09
2025-07-11T05:58:27.921Z [info]: GET /api/reviews/book/686fa492dca21dadb9ba8e0a
2025-07-11T05:58:27.923Z [info]: GET /api/reviews/book/686fa492dca21dadb9ba8e0b
2025-07-11T05:58:27.926Z [info]: GET /api/reviews/book/686fa492dca21dadb9ba8e0c
2025-07-11T05:58:27.929Z [info]: GET /api/reviews/book/686fa492dca21dadb9ba8de1
2025-07-11T05:58:27.932Z [info]: GET /api/reviews/book/686fa492dca21dadb9ba8de2
2025-07-11T05:58:57.532Z [info]: GET /api/reviews/book/686fa492dca21dadb9ba8dd0
2025-07-11T05:58:57.536Z [info]: GET /api/reviews/book/686fa492dca21dadb9ba8df2
2025-07-11T05:58:57.541Z [info]: GET /api/reviews/book/686fa492dca21dadb9ba8dfe
2025-07-11T05:58:57.549Z [info]: GET /api/reviews/book/686fa492dca21dadb9ba8e03
2025-07-11T05:58:57.553Z [info]: GET /api/reviews/book/686fa492dca21dadb9ba8ddf
2025-07-11T05:58:57.560Z [info]: GET /api/reviews/book/686fa492dca21dadb9ba8dbb
2025-07-11T05:58:57.563Z [info]: GET /api/reviews/book/686fa492dca21dadb9ba8de0
2025-07-11T05:58:57.568Z [info]: GET /api/reviews/book/686fa492dca21dadb9ba8dd8
2025-07-11T05:58:57.575Z [info]: GET /api/reviews/book/686fa492dca21dadb9ba8db9
2025-07-11T05:58:57.579Z [info]: GET /api/reviews/book/686fa492dca21dadb9ba8dfa
2025-07-11T05:58:57.585Z [info]: GET /api/reviews/book/686fa492dca21dadb9ba8dc1
2025-07-11T05:58:57.591Z [info]: GET /api/reviews/book/686fa492dca21dadb9ba8dda
2025-07-11T05:58:57.602Z [info]: GET /api/reviews/book/686fa492dca21dadb9ba8dad
2025-07-11T05:58:57.607Z [info]: GET /api/reviews/book/686fa492dca21dadb9ba8e08
2025-07-11T05:58:57.612Z [info]: GET /api/reviews/book/686fa492dca21dadb9ba8dce
2025-07-11T05:58:57.618Z [info]: GET /api/reviews/book/686fa492dca21dadb9ba8db4
2025-07-11T05:58:57.620Z [info]: GET /api/reviews/book/686fa492dca21dadb9ba8dbd
2025-07-11T05:58:57.626Z [info]: GET /api/reviews/book/686fa492dca21dadb9ba8ddd
2025-07-11T05:58:57.631Z [info]: GET /api/reviews/book/686fa492dca21dadb9ba8db3
2025-07-11T05:58:57.636Z [info]: GET /api/reviews/book/686fa492dca21dadb9ba8df0
2025-07-11T05:58:57.643Z [info]: GET /api/reviews/book/686fa492dca21dadb9ba8dcb
2025-07-11T05:58:57.648Z [info]: GET /api/reviews/book/686fa492dca21dadb9ba8dd1
2025-07-11T05:58:57.651Z [info]: GET /api/reviews/book/686fa492dca21dadb9ba8dac
2025-07-11T05:58:57.657Z [info]: GET /api/reviews/book/686fa492dca21dadb9ba8dd3
2025-07-11T05:58:57.663Z [info]: GET /api/reviews/book/686fa492dca21dadb9ba8de6
2025-07-11T05:58:57.668Z [info]: GET /api/reviews/book/686fa492dca21dadb9ba8ddb
2025-07-11T05:58:57.674Z [info]: GET /api/reviews/book/686fa492dca21dadb9ba8de4
2025-07-11T05:58:57.680Z [info]: GET /api/reviews/book/686fa492dca21dadb9ba8e00
2025-07-11T05:58:57.684Z [info]: GET /api/reviews/book/686fa492dca21dadb9ba8e0a
2025-07-11T05:58:57.688Z [info]: GET /api/reviews/book/686fa492dca21dadb9ba8de8
2025-07-11T05:58:57.693Z [info]: GET /api/reviews/book/686fa492dca21dadb9ba8df1
2025-07-11T05:58:57.700Z [info]: GET /api/reviews/book/686fa492dca21dadb9ba8dfc
2025-07-11T05:58:57.704Z [info]: GET /api/reviews/book/686fa492dca21dadb9ba8db1
2025-07-11T05:58:57.709Z [info]: GET /api/reviews/book/686fa492dca21dadb9ba8dc0
2025-07-11T05:58:57.712Z [info]: GET /api/reviews/book/686fa492dca21dadb9ba8dc7
2025-07-11T05:58:57.716Z [info]: GET /api/reviews/book/686fa492dca21dadb9ba8de9
2025-07-11T05:58:57.720Z [info]: GET /api/reviews/book/686fa492dca21dadb9ba8df4
2025-07-11T05:58:57.726Z [info]: GET /api/reviews/book/686fa492dca21dadb9ba8df7
2025-07-11T05:58:57.731Z [info]: GET /api/reviews/book/686fa492dca21dadb9ba8e07
2025-07-11T05:58:57.736Z [info]: GET /api/reviews/book/686fa492dca21dadb9ba8df8
2025-07-11T05:58:57.739Z [info]: GET /api/reviews/book/686fa492dca21dadb9ba8ddc
2025-07-11T05:58:57.743Z [info]: GET /api/reviews/book/686fa492dca21dadb9ba8de1
2025-07-11T05:58:57.750Z [info]: GET /api/reviews/book/686fa492dca21dadb9ba8de3
2025-07-11T05:58:57.760Z [info]: GET /api/reviews/book/686fa492dca21dadb9ba8db6
2025-07-11T05:58:57.764Z [info]: GET /api/reviews/book/686fa492dca21dadb9ba8dba
2025-07-11T05:58:57.772Z [info]: GET /api/reviews/book/686fa492dca21dadb9ba8db0
2025-07-11T05:58:57.776Z [info]: GET /api/reviews/book/686fa492dca21dadb9ba8daf
2025-07-11T05:58:57.782Z [info]: GET /api/reviews/book/686fa492dca21dadb9ba8db2
2025-07-11T05:58:57.789Z [info]: GET /api/reviews/book/686fa492dca21dadb9ba8daa
2025-07-11T05:58:57.799Z [info]: GET /api/reviews/book/686fa492dca21dadb9ba8dc6
2025-07-11T05:58:57.805Z [info]: GET /api/reviews/book/686fa492dca21dadb9ba8dfd
2025-07-11T05:58:57.808Z [info]: GET /api/reviews/book/686fa492dca21dadb9ba8dab
2025-07-11T05:58:57.810Z [info]: GET /api/reviews/book/686fa492dca21dadb9ba8e05
2025-07-11T05:58:57.813Z [info]: GET /api/reviews/book/686fa492dca21dadb9ba8e04
2025-07-11T05:58:57.818Z [info]: GET /api/reviews/book/686fa492dca21dadb9ba8dd5
2025-07-11T05:58:57.828Z [info]: GET /api/reviews/book/686fa492dca21dadb9ba8dd9
2025-07-11T05:58:57.833Z [info]: GET /api/reviews/book/686fa492dca21dadb9ba8dcf
2025-07-11T05:58:57.837Z [info]: GET /api/reviews/book/686fa492dca21dadb9ba8dae
2025-07-11T05:58:57.839Z [info]: GET /api/reviews/book/686fa492dca21dadb9ba8dc4
2025-07-11T05:58:57.842Z [info]: GET /api/reviews/book/686fa492dca21dadb9ba8db8
2025-07-11T05:58:57.846Z [info]: GET /api/reviews/book/686fa492dca21dadb9ba8e06
2025-07-11T05:58:57.856Z [info]: GET /api/reviews/book/686fa492dca21dadb9ba8def
2025-07-11T05:58:57.861Z [info]: GET /api/reviews/book/686fa492dca21dadb9ba8e01
2025-07-11T05:58:57.864Z [info]: GET /api/reviews/book/686fa492dca21dadb9ba8dd4
2025-07-11T05:58:57.868Z [info]: GET /api/reviews/book/686fa492dca21dadb9ba8df9
2025-07-11T05:58:57.871Z [info]: GET /api/reviews/book/686fa492dca21dadb9ba8dd2
2025-07-11T05:58:57.875Z [info]: GET /api/reviews/book/686fa492dca21dadb9ba8de5
2025-07-11T05:58:57.886Z [info]: GET /api/reviews/book/686fa492dca21dadb9ba8db5
2025-07-11T05:58:57.891Z [info]: GET /api/reviews/book/686fa492dca21dadb9ba8dec
2025-07-11T05:58:57.894Z [info]: GET /api/reviews/book/686fa492dca21dadb9ba8db7
2025-07-11T05:58:57.903Z [info]: GET /api/reviews/book/686fa492dca21dadb9ba8dbc
2025-07-11T05:58:57.907Z [info]: GET /api/reviews/book/686fa492dca21dadb9ba8ded
2025-07-11T05:58:57.912Z [info]: GET /api/reviews/book/686fa492dca21dadb9ba8dc9
2025-07-11T05:58:57.925Z [info]: GET /api/reviews/book/686fa492dca21dadb9ba8dca
2025-07-11T05:58:57.932Z [info]: GET /api/reviews/book/686fa492dca21dadb9ba8dc3
2025-07-11T05:58:57.935Z [info]: GET /api/reviews/book/686fa492dca21dadb9ba8df6
2025-07-11T05:58:57.937Z [info]: GET /api/reviews/book/686fa492dca21dadb9ba8dc2
2025-07-11T05:58:57.939Z [info]: GET /api/reviews/book/686fa492dca21dadb9ba8deb
2025-07-11T05:58:57.944Z [info]: GET /api/reviews/book/686fa492dca21dadb9ba8df3
2025-07-11T05:58:57.954Z [info]: GET /api/reviews/book/686fa492dca21dadb9ba8dfb
2025-07-11T05:58:57.958Z [info]: GET /api/reviews/book/686fa492dca21dadb9ba8dee
2025-07-11T05:58:57.963Z [info]: GET /api/reviews/book/686fa492dca21dadb9ba8de2
2025-07-11T05:58:57.966Z [info]: GET /api/reviews/book/686fa492dca21dadb9ba8dff
2025-07-11T05:58:57.968Z [info]: GET /api/reviews/book/686fa492dca21dadb9ba8de7
2025-07-11T05:58:57.972Z [info]: GET /api/reviews/book/686fa492dca21dadb9ba8dcc
2025-07-11T05:58:57.990Z [info]: GET /api/reviews/book/686fa492dca21dadb9ba8dd6
2025-07-11T05:58:57.997Z [info]: GET /api/reviews/book/686fa492dca21dadb9ba8dc5
2025-07-11T05:58:58.002Z [info]: GET /api/reviews/book/686fa492dca21dadb9ba8e0c
2025-07-11T05:58:58.005Z [info]: GET /api/reviews/book/686fa492dca21dadb9ba8e09
2025-07-11T05:58:58.008Z [info]: GET /api/reviews/book/686fa492dca21dadb9ba8dc8
2025-07-11T05:58:58.012Z [info]: GET /api/reviews/book/686fa492dca21dadb9ba8df5
2025-07-11T05:58:58.023Z [info]: GET /api/reviews/book/686fa492dca21dadb9ba8dde
2025-07-11T05:58:58.028Z [info]: GET /api/reviews/book/686fa492dca21dadb9ba8e02
2025-07-11T05:58:58.031Z [info]: GET /api/reviews/book/686fa492dca21dadb9ba8dcd
2025-07-11T05:58:58.034Z [info]: GET /api/reviews/book/686fa492dca21dadb9ba8da9
2025-07-11T05:58:58.036Z [info]: GET /api/reviews/book/686fa492dca21dadb9ba8dd7
2025-07-11T05:58:59.109Z [info]: GET /api/reviews/book/686fa492dca21dadb9ba8db9
2025-07-11T05:58:59.112Z [info]: GET /api/reviews/book/686fa492dca21dadb9ba8def
2025-07-11T05:58:59.115Z [info]: GET /api/reviews/book/686fa492dca21dadb9ba8dca
2025-07-11T05:58:59.118Z [info]: GET /api/reviews/book/686fa492dca21dadb9ba8dc3
2025-07-11T05:58:59.539Z [info]: GET /api/reviews/book/686fa492dca21dadb9ba8dd0
2025-07-11T05:58:59.542Z [info]: GET /api/reviews/book/686fa492dca21dadb9ba8df2
2025-07-11T05:58:59.545Z [info]: GET /api/reviews/book/686fa492dca21dadb9ba8dfe
2025-07-11T05:58:59.551Z [info]: GET /api/reviews/book/686fa492dca21dadb9ba8dbf
2025-07-11T05:58:59.554Z [info]: GET /api/reviews/book/686fa492dca21dadb9ba8e03
2025-07-11T05:58:59.557Z [info]: GET /api/reviews/book/686fa492dca21dadb9ba8ddf
2025-07-11T05:58:59.570Z [info]: GET /api/reviews/book/686fa492dca21dadb9ba8de0
2025-07-11T05:58:59.576Z [info]: GET /api/reviews/book/686fa492dca21dadb9ba8dbb
2025-07-11T05:58:59.580Z [info]: GET /api/reviews/book/686fa492dca21dadb9ba8dd8
2025-07-11T05:58:59.587Z [info]: GET /api/reviews/book/686fa492dca21dadb9ba8dfa
2025-07-11T05:58:59.593Z [info]: GET /api/reviews/book/686fa492dca21dadb9ba8dc1
2025-07-11T05:58:59.599Z [info]: GET /api/reviews/book/686fa492dca21dadb9ba8dda
2025-07-11T05:58:59.607Z [info]: GET /api/reviews/book/686fa492dca21dadb9ba8dad
2025-07-11T05:58:59.613Z [info]: GET /api/reviews/book/686fa492dca21dadb9ba8e08
2025-07-11T05:58:59.622Z [info]: GET /api/reviews/book/686fa492dca21dadb9ba8dce
2025-07-11T05:58:59.627Z [info]: GET /api/reviews/book/686fa492dca21dadb9ba8db4
2025-07-11T05:58:59.632Z [info]: GET /api/reviews/book/686fa492dca21dadb9ba8dbd
2025-07-11T05:58:59.639Z [info]: GET /api/reviews/book/686fa492dca21dadb9ba8ddd
2025-07-11T05:58:59.642Z [info]: GET /api/reviews/book/686fa492dca21dadb9ba8db3
2025-07-11T05:58:59.647Z [info]: GET /api/reviews/book/686fa492dca21dadb9ba8df0
2025-07-11T05:58:59.649Z [info]: GET /api/reviews/book/686fa492dca21dadb9ba8dcb
2025-07-11T05:58:59.653Z [info]: GET /api/reviews/book/686fa492dca21dadb9ba8dd1
2025-07-11T05:58:59.657Z [info]: GET /api/reviews/book/686fa492dca21dadb9ba8dac
2025-07-11T05:58:59.664Z [info]: GET /api/reviews/book/686fa492dca21dadb9ba8dbe
2025-07-11T05:58:59.666Z [info]: GET /api/reviews/book/686fa492dca21dadb9ba8dd3
2025-07-11T05:58:59.672Z [info]: GET /api/reviews/book/686fa492dca21dadb9ba8de6
2025-07-11T05:58:59.675Z [info]: GET /api/reviews/book/686fa492dca21dadb9ba8ddb
2025-07-11T05:58:59.678Z [info]: GET /api/reviews/book/686fa492dca21dadb9ba8de4
2025-07-11T05:58:59.682Z [info]: GET /api/reviews/book/686fa492dca21dadb9ba8e00
2025-07-11T05:58:59.687Z [info]: GET /api/reviews/book/686fa492dca21dadb9ba8e0a
2025-07-11T05:58:59.692Z [info]: GET /api/reviews/book/686fa492dca21dadb9ba8de8
2025-07-11T05:58:59.695Z [info]: GET /api/reviews/book/686fa492dca21dadb9ba8df1
2025-07-11T05:58:59.698Z [info]: GET /api/reviews/book/686fa492dca21dadb9ba8dfc
2025-07-11T05:58:59.701Z [info]: GET /api/reviews/book/686fa492dca21dadb9ba8db1
2025-07-11T05:58:59.705Z [info]: GET /api/reviews/book/686fa492dca21dadb9ba8dc0
2025-07-11T05:58:59.714Z [info]: GET /api/reviews/book/686fa492dca21dadb9ba8dc7
2025-07-11T05:58:59.718Z [info]: GET /api/reviews/book/686fa492dca21dadb9ba8de9
2025-07-11T05:58:59.722Z [info]: GET /api/reviews/book/686fa492dca21dadb9ba8df4
2025-07-11T05:58:59.724Z [info]: GET /api/reviews/book/686fa492dca21dadb9ba8df7
2025-07-11T05:58:59.728Z [info]: GET /api/reviews/book/686fa492dca21dadb9ba8e07
2025-07-11T05:58:59.732Z [info]: GET /api/reviews/book/686fa492dca21dadb9ba8df8
2025-07-11T05:58:59.738Z [info]: GET /api/reviews/book/686fa492dca21dadb9ba8ddc
2025-07-11T05:58:59.741Z [info]: GET /api/reviews/book/686fa492dca21dadb9ba8de1
2025-07-11T05:58:59.746Z [info]: GET /api/reviews/book/686fa492dca21dadb9ba8de3
2025-07-11T05:58:59.750Z [info]: GET /api/reviews/book/686fa492dca21dadb9ba8db6
2025-07-11T05:58:59.755Z [info]: GET /api/reviews/book/686fa492dca21dadb9ba8dba
2025-07-11T05:58:59.761Z [info]: GET /api/reviews/book/686fa492dca21dadb9ba8db0
2025-07-11T05:58:59.770Z [info]: GET /api/reviews/book/686fa492dca21dadb9ba8daf
2025-07-11T05:58:59.785Z [info]: GET /api/reviews/book/686fa492dca21dadb9ba8db2
2025-07-11T05:58:59.789Z [info]: GET /api/reviews/book/686fa492dca21dadb9ba8daa
2025-07-11T05:58:59.792Z [info]: GET /api/reviews/book/686fa492dca21dadb9ba8dc6
2025-07-11T05:58:59.795Z [info]: GET /api/reviews/book/686fa492dca21dadb9ba8dfd
2025-07-11T05:58:59.799Z [info]: GET /api/reviews/book/686fa492dca21dadb9ba8dab
2025-07-11T05:58:59.805Z [info]: GET /api/reviews/book/686fa492dca21dadb9ba8e05
2025-07-11T05:58:59.810Z [info]: GET /api/reviews/book/686fa492dca21dadb9ba8e04
2025-07-11T05:58:59.814Z [info]: GET /api/reviews/book/686fa492dca21dadb9ba8dd5
2025-07-11T05:58:59.817Z [info]: GET /api/reviews/book/686fa492dca21dadb9ba8dd9
2025-07-11T05:58:59.820Z [info]: GET /api/reviews/book/686fa492dca21dadb9ba8dcf
2025-07-11T05:58:59.826Z [info]: GET /api/reviews/book/686fa492dca21dadb9ba8dae
2025-07-11T05:58:59.832Z [info]: GET /api/reviews/book/686fa492dca21dadb9ba8dc4
2025-07-11T05:58:59.837Z [info]: GET /api/reviews/book/686fa492dca21dadb9ba8db8
2025-07-11T05:58:59.842Z [info]: GET /api/reviews/book/686fa492dca21dadb9ba8e06
2025-07-11T05:58:59.846Z [info]: GET /api/reviews/book/686fa492dca21dadb9ba8e01
2025-07-11T05:58:59.851Z [info]: GET /api/reviews/book/686fa492dca21dadb9ba8dd4
2025-07-11T05:58:59.856Z [info]: GET /api/reviews/book/686fa492dca21dadb9ba8df9
2025-07-11T05:58:59.865Z [info]: GET /api/reviews/book/686fa492dca21dadb9ba8dd2
2025-07-11T05:58:59.869Z [info]: GET /api/reviews/book/686fa492dca21dadb9ba8de5
2025-07-11T05:58:59.873Z [info]: GET /api/reviews/book/686fa492dca21dadb9ba8db5
2025-07-11T05:58:59.876Z [info]: GET /api/reviews/book/686fa492dca21dadb9ba8dec
2025-07-11T05:58:59.880Z [info]: GET /api/reviews/book/686fa492dca21dadb9ba8db7
2025-07-11T05:58:59.884Z [info]: GET /api/reviews/book/686fa492dca21dadb9ba8dbc
2025-07-11T05:59:00.016Z [info]: GET /api/reviews/book/686fa492dca21dadb9ba8ded
2025-07-11T05:59:00.032Z [info]: GET /api/reviews/book/686fa492dca21dadb9ba8dc9
2025-07-11T05:59:00.054Z [info]: GET /api/reviews/book/686fa492dca21dadb9ba8df6
2025-07-11T05:59:00.069Z [info]: GET /api/reviews/book/686fa492dca21dadb9ba8dc2
2025-07-11T05:59:00.080Z [info]: GET /api/reviews/book/686fa492dca21dadb9ba8deb
2025-07-11T05:59:00.093Z [info]: GET /api/reviews/book/686fa492dca21dadb9ba8df3
2025-07-11T05:59:00.110Z [info]: GET /api/reviews/book/686fa492dca21dadb9ba8dfb
2025-07-11T05:59:00.118Z [info]: GET /api/reviews/book/686fa492dca21dadb9ba8dee
2025-07-11T05:59:00.128Z [info]: GET /api/reviews/book/686fa492dca21dadb9ba8de2
2025-07-11T05:59:00.134Z [info]: GET /api/reviews/book/686fa492dca21dadb9ba8dff
2025-07-11T05:59:00.140Z [info]: GET /api/reviews/book/686fa492dca21dadb9ba8de7
2025-07-11T05:59:00.149Z [info]: GET /api/reviews/book/686fa492dca21dadb9ba8dcc
2025-07-11T05:59:00.162Z [info]: GET /api/reviews/book/686fa492dca21dadb9ba8dd6
2025-07-11T05:59:00.180Z [info]: GET /api/reviews/book/686fa492dca21dadb9ba8dc5
2025-07-11T05:59:00.186Z [info]: GET /api/reviews/book/686fa492dca21dadb9ba8e0c
2025-07-11T05:59:00.189Z [info]: GET /api/reviews/book/686fa492dca21dadb9ba8e09
2025-07-11T05:59:00.195Z [info]: GET /api/reviews/book/686fa492dca21dadb9ba8dc8
2025-07-11T05:59:00.201Z [info]: GET /api/reviews/book/686fa492dca21dadb9ba8df5
2025-07-11T05:59:00.208Z [info]: GET /api/reviews/book/686fa492dca21dadb9ba8dde
2025-07-11T05:59:00.215Z [info]: GET /api/reviews/book/686fa492dca21dadb9ba8e02
2025-07-11T05:59:00.220Z [info]: GET /api/reviews/book/686fa492dca21dadb9ba8dcd
2025-07-11T05:59:00.251Z [info]: GET /api/reviews/book/686fa492dca21dadb9ba8da9
2025-07-11T05:59:00.258Z [info]: GET /api/reviews/book/686fa492dca21dadb9ba8dd7
2025-07-11T05:59:06.762Z [info]: GET /api/reviews/book/686fa492dca21dadb9ba8dfe
2025-07-11T05:59:06.764Z [info]: GET /api/reviews/book/686fa492dca21dadb9ba8e03
2025-07-11T05:59:06.767Z [info]: GET /api/reviews/book/686fa492dca21dadb9ba8dd1
2025-07-11T05:59:06.769Z [info]: GET /api/reviews/book/686fa492dca21dadb9ba8db2
2025-07-11T05:59:06.777Z [info]: GET /api/reviews/book/686fa492dca21dadb9ba8dc6
2025-07-11T05:59:06.780Z [info]: GET /api/reviews/book/686fa492dca21dadb9ba8e04
2025-07-11T05:59:06.784Z [info]: GET /api/reviews/book/686fa492dca21dadb9ba8db7
2025-07-11T05:59:06.787Z [info]: GET /api/reviews/book/686fa492dca21dadb9ba8ded
2025-07-11T05:59:06.789Z [info]: GET /api/reviews/book/686fa492dca21dadb9ba8dc2
2025-07-11T05:59:06.792Z [info]: GET /api/reviews/book/686fa492dca21dadb9ba8dcc
2025-07-11T05:59:08.781Z [info]: GET /api/reviews/book/686fa492dca21dadb9ba8dd0
2025-07-11T05:59:08.785Z [info]: GET /api/reviews/book/686fa492dca21dadb9ba8df2
2025-07-11T05:59:08.790Z [info]: GET /api/reviews/book/686fa492dca21dadb9ba8dbf
2025-07-11T05:59:08.795Z [info]: GET /api/reviews/book/686fa492dca21dadb9ba8ddf
2025-07-11T05:59:08.798Z [info]: GET /api/reviews/book/686fa492dca21dadb9ba8de0
2025-07-11T05:59:08.801Z [info]: GET /api/reviews/book/686fa492dca21dadb9ba8dbb
2025-07-11T05:59:08.807Z [info]: GET /api/reviews/book/686fa492dca21dadb9ba8dd8
2025-07-11T05:59:08.815Z [info]: GET /api/reviews/book/686fa492dca21dadb9ba8db9
2025-07-11T05:59:08.823Z [info]: GET /api/reviews/book/686fa492dca21dadb9ba8dfa
2025-07-11T05:59:08.826Z [info]: GET /api/reviews/book/686fa492dca21dadb9ba8dc1
2025-07-11T05:59:08.829Z [info]: GET /api/reviews/book/686fa492dca21dadb9ba8dda
2025-07-11T05:59:08.836Z [info]: GET /api/reviews/book/686fa492dca21dadb9ba8dad
2025-07-11T05:59:08.843Z [info]: GET /api/reviews/book/686fa492dca21dadb9ba8e08
2025-07-11T05:59:08.846Z [info]: GET /api/reviews/book/686fa492dca21dadb9ba8dce
2025-07-11T05:59:08.851Z [info]: GET /api/reviews/book/686fa492dca21dadb9ba8db4
2025-07-11T05:59:08.854Z [info]: GET /api/reviews/book/686fa492dca21dadb9ba8dbd
2025-07-11T05:59:08.858Z [info]: GET /api/reviews/book/686fa492dca21dadb9ba8ddd
2025-07-11T05:59:08.860Z [info]: GET /api/reviews/book/686fa492dca21dadb9ba8db3
2025-07-11T05:59:08.863Z [info]: GET /api/reviews/book/686fa492dca21dadb9ba8df0
2025-07-11T05:59:08.867Z [info]: GET /api/reviews/book/686fa492dca21dadb9ba8dcb
2025-07-11T05:59:08.874Z [info]: GET /api/reviews/book/686fa492dca21dadb9ba8dac
2025-07-11T05:59:08.876Z [info]: GET /api/reviews/book/686fa492dca21dadb9ba8dbe
2025-07-11T05:59:08.881Z [info]: GET /api/reviews/book/686fa492dca21dadb9ba8dd3
2025-07-11T05:59:08.884Z [info]: GET /api/reviews/book/686fa492dca21dadb9ba8de6
2025-07-11T05:59:08.887Z [info]: GET /api/reviews/book/686fa492dca21dadb9ba8ddb
2025-07-11T05:59:08.892Z [info]: GET /api/reviews/book/686fa492dca21dadb9ba8de4
2025-07-11T05:59:08.899Z [info]: GET /api/reviews/book/686fa492dca21dadb9ba8e00
2025-07-11T05:59:08.904Z [info]: GET /api/reviews/book/686fa492dca21dadb9ba8e0a
2025-07-11T05:59:08.909Z [info]: GET /api/reviews/book/686fa492dca21dadb9ba8de8
2025-07-11T05:59:08.912Z [info]: GET /api/reviews/book/686fa492dca21dadb9ba8df1
2025-07-11T05:59:08.915Z [info]: GET /api/reviews/book/686fa492dca21dadb9ba8dfc
2025-07-11T05:59:08.920Z [info]: GET /api/reviews/book/686fa492dca21dadb9ba8db1
2025-07-11T05:59:08.925Z [info]: GET /api/reviews/book/686fa492dca21dadb9ba8dc0
2025-07-11T05:59:08.929Z [info]: GET /api/reviews/book/686fa492dca21dadb9ba8dc7
2025-07-11T05:59:08.935Z [info]: GET /api/reviews/book/686fa492dca21dadb9ba8de9
2025-07-11T05:59:08.943Z [info]: GET /api/reviews/book/686fa492dca21dadb9ba8df4
2025-07-11T05:59:08.948Z [info]: GET /api/reviews/book/686fa492dca21dadb9ba8df7
2025-07-11T05:59:08.953Z [info]: GET /api/reviews/book/686fa492dca21dadb9ba8e07
2025-07-11T05:59:08.959Z [info]: GET /api/reviews/book/686fa492dca21dadb9ba8df8
2025-07-11T05:59:08.963Z [info]: GET /api/reviews/book/686fa492dca21dadb9ba8ddc
2025-07-11T05:59:08.968Z [info]: GET /api/reviews/book/686fa492dca21dadb9ba8de1
2025-07-11T05:59:08.971Z [info]: GET /api/reviews/book/686fa492dca21dadb9ba8de3
2025-07-11T05:59:08.974Z [info]: GET /api/reviews/book/686fa492dca21dadb9ba8db6
2025-07-11T05:59:08.978Z [info]: GET /api/reviews/book/686fa492dca21dadb9ba8dba
2025-07-11T05:59:08.983Z [info]: GET /api/reviews/book/686fa492dca21dadb9ba8db0
2025-07-11T05:59:08.987Z [info]: GET /api/reviews/book/686fa492dca21dadb9ba8daf
2025-07-11T05:59:08.991Z [info]: GET /api/reviews/book/686fa492dca21dadb9ba8daa
2025-07-11T05:59:08.994Z [info]: GET /api/reviews/book/686fa492dca21dadb9ba8dfd
2025-07-11T05:59:08.998Z [info]: GET /api/reviews/book/686fa492dca21dadb9ba8dab
2025-07-11T05:59:09.002Z [info]: GET /api/reviews/book/686fa492dca21dadb9ba8e05
2025-07-11T05:59:09.009Z [info]: GET /api/reviews/book/686fa492dca21dadb9ba8dd5
2025-07-11T05:59:09.014Z [info]: GET /api/reviews/book/686fa492dca21dadb9ba8dd9
2025-07-11T05:59:09.019Z [info]: GET /api/reviews/book/686fa492dca21dadb9ba8dcf
2025-07-11T05:59:09.021Z [info]: GET /api/reviews/book/686fa492dca21dadb9ba8dae
2025-07-11T05:59:09.025Z [info]: GET /api/reviews/book/686fa492dca21dadb9ba8dc4
2025-07-11T05:59:09.029Z [info]: GET /api/reviews/book/686fa492dca21dadb9ba8db8
2025-07-11T05:59:09.036Z [info]: GET /api/reviews/book/686fa492dca21dadb9ba8e06
2025-07-11T05:59:09.041Z [info]: GET /api/reviews/book/686fa492dca21dadb9ba8def
2025-07-11T05:59:09.047Z [info]: GET /api/reviews/book/686fa492dca21dadb9ba8e01
2025-07-11T05:59:09.050Z [info]: GET /api/reviews/book/686fa492dca21dadb9ba8dd4
2025-07-11T05:59:09.057Z [info]: GET /api/reviews/book/686fa492dca21dadb9ba8df9
2025-07-11T05:59:09.062Z [info]: GET /api/reviews/book/686fa492dca21dadb9ba8dd2
2025-07-11T05:59:09.069Z [info]: GET /api/reviews/book/686fa492dca21dadb9ba8de5
2025-07-11T05:59:09.076Z [info]: GET /api/reviews/book/686fa492dca21dadb9ba8db5
2025-07-11T05:59:09.080Z [info]: GET /api/reviews/book/686fa492dca21dadb9ba8dec
2025-07-11T05:59:09.085Z [info]: GET /api/reviews/book/686fa492dca21dadb9ba8dbc
2025-07-11T05:59:09.089Z [info]: GET /api/reviews/book/686fa492dca21dadb9ba8dea
2025-07-11T05:59:09.093Z [info]: GET /api/reviews/book/686fa492dca21dadb9ba8dc9
2025-07-11T05:59:09.099Z [info]: GET /api/reviews/book/686fa492dca21dadb9ba8e0b
2025-07-11T05:59:09.105Z [info]: GET /api/reviews/book/686fa492dca21dadb9ba8dca
2025-07-11T05:59:09.112Z [info]: GET /api/reviews/book/686fa492dca21dadb9ba8dc3
2025-07-11T05:59:09.115Z [info]: GET /api/reviews/book/686fa492dca21dadb9ba8df6
2025-07-11T05:59:09.120Z [info]: GET /api/reviews/book/686fa492dca21dadb9ba8deb
2025-07-11T05:59:09.125Z [info]: GET /api/reviews/book/686fa492dca21dadb9ba8df3
2025-07-11T05:59:09.130Z [info]: GET /api/reviews/book/686fa492dca21dadb9ba8dfb
2025-07-11T05:59:09.136Z [info]: GET /api/reviews/book/686fa492dca21dadb9ba8dee
2025-07-11T05:59:09.141Z [info]: GET /api/reviews/book/686fa492dca21dadb9ba8de2
2025-07-11T05:59:09.145Z [info]: GET /api/reviews/book/686fa492dca21dadb9ba8dff
2025-07-11T05:59:09.150Z [info]: GET /api/reviews/book/686fa492dca21dadb9ba8de7
2025-07-11T05:59:09.155Z [info]: GET /api/reviews/book/686fa492dca21dadb9ba8dd6
2025-07-11T05:59:09.164Z [info]: GET /api/reviews/book/686fa492dca21dadb9ba8dc5
2025-07-11T05:59:09.172Z [info]: GET /api/reviews/book/686fa492dca21dadb9ba8e0c
2025-07-11T05:59:09.177Z [info]: GET /api/reviews/book/686fa492dca21dadb9ba8e09
2025-07-11T05:59:09.182Z [info]: GET /api/reviews/book/686fa492dca21dadb9ba8dc8
2025-07-11T05:59:09.186Z [info]: GET /api/reviews/book/686fa492dca21dadb9ba8df5
2025-07-11T05:59:09.190Z [info]: GET /api/reviews/book/686fa492dca21dadb9ba8dde
2025-07-11T05:59:09.199Z [info]: GET /api/reviews/book/686fa492dca21dadb9ba8e02
2025-07-11T05:59:09.205Z [info]: GET /api/reviews/book/686fa492dca21dadb9ba8dcd
2025-07-11T05:59:09.211Z [info]: GET /api/reviews/book/686fa492dca21dadb9ba8da9
2025-07-11T05:59:09.215Z [info]: GET /api/reviews/book/686fa492dca21dadb9ba8dd7
2025-07-11T05:59:11.599Z [info]: GET /api/reviews/book/686fa492dca21dadb9ba8dfe
2025-07-11T05:59:11.602Z [info]: GET /api/reviews/book/686fa492dca21dadb9ba8e03
2025-07-11T05:59:11.604Z [info]: GET /api/reviews/book/686fa492dca21dadb9ba8ddf
2025-07-11T05:59:11.608Z [info]: GET /api/reviews/book/686fa492dca21dadb9ba8de0
2025-07-11T05:59:11.612Z [info]: GET /api/reviews/book/686fa492dca21dadb9ba8dc1
2025-07-11T05:59:11.616Z [info]: GET /api/reviews/book/686fa492dca21dadb9ba8dad
2025-07-11T05:59:11.625Z [info]: GET /api/reviews/book/686fa492dca21dadb9ba8e08
2025-07-11T05:59:11.631Z [info]: GET /api/reviews/book/686fa492dca21dadb9ba8dce
2025-07-11T05:59:11.636Z [info]: GET /api/reviews/book/686fa492dca21dadb9ba8ddd
2025-07-11T05:59:11.638Z [info]: GET /api/reviews/book/686fa492dca21dadb9ba8df0
2025-07-11T05:59:11.640Z [info]: GET /api/reviews/book/686fa492dca21dadb9ba8dcb
2025-07-11T05:59:11.645Z [info]: GET /api/reviews/book/686fa492dca21dadb9ba8dd1
2025-07-11T05:59:11.647Z [info]: GET /api/reviews/book/686fa492dca21dadb9ba8dac
2025-07-11T05:59:11.652Z [info]: GET /api/reviews/book/686fa492dca21dadb9ba8dd3
2025-07-11T05:59:11.659Z [info]: GET /api/reviews/book/686fa492dca21dadb9ba8ddb
2025-07-11T05:59:11.661Z [info]: GET /api/reviews/book/686fa492dca21dadb9ba8de4
2025-07-11T05:59:11.663Z [info]: GET /api/reviews/book/686fa492dca21dadb9ba8e00
2025-07-11T05:59:11.666Z [info]: GET /api/reviews/book/686fa492dca21dadb9ba8db1
2025-07-11T05:59:11.669Z [info]: GET /api/reviews/book/686fa492dca21dadb9ba8dc0
2025-07-11T05:59:11.674Z [info]: GET /api/reviews/book/686fa492dca21dadb9ba8de9
2025-07-11T05:59:11.680Z [info]: GET /api/reviews/book/686fa492dca21dadb9ba8df4
2025-07-11T05:59:11.682Z [info]: GET /api/reviews/book/686fa492dca21dadb9ba8df8
2025-07-11T05:59:11.684Z [info]: GET /api/reviews/book/686fa492dca21dadb9ba8de3
2025-07-11T05:59:11.687Z [info]: GET /api/reviews/book/686fa492dca21dadb9ba8db6
2025-07-11T05:59:11.690Z [info]: GET /api/reviews/book/686fa492dca21dadb9ba8db0
2025-07-11T05:59:11.695Z [info]: GET /api/reviews/book/686fa492dca21dadb9ba8db2
2025-07-11T05:59:11.701Z [info]: GET /api/reviews/book/686fa492dca21dadb9ba8daa
2025-07-11T05:59:11.704Z [info]: GET /api/reviews/book/686fa492dca21dadb9ba8dc6
2025-07-11T05:59:11.707Z [info]: GET /api/reviews/book/686fa492dca21dadb9ba8dfd
2025-07-11T05:59:11.711Z [info]: GET /api/reviews/book/686fa492dca21dadb9ba8e05
2025-07-11T05:59:11.714Z [info]: GET /api/reviews/book/686fa492dca21dadb9ba8e04
2025-07-11T05:59:11.724Z [info]: GET /api/reviews/book/686fa492dca21dadb9ba8dcf
2025-07-11T05:59:11.735Z [info]: GET /api/reviews/book/686fa492dca21dadb9ba8dc4
2025-07-11T05:59:11.739Z [info]: GET /api/reviews/book/686fa492dca21dadb9ba8e06
2025-07-11T05:59:11.743Z [info]: GET /api/reviews/book/686fa492dca21dadb9ba8e01
2025-07-11T05:59:11.748Z [info]: GET /api/reviews/book/686fa492dca21dadb9ba8dd2
2025-07-11T05:59:11.754Z [info]: GET /api/reviews/book/686fa492dca21dadb9ba8de5
2025-07-11T05:59:11.774Z [info]: GET /api/reviews/book/686fa492dca21dadb9ba8db5
2025-07-11T05:59:11.780Z [info]: GET /api/reviews/book/686fa492dca21dadb9ba8dec
2025-07-11T05:59:11.784Z [info]: GET /api/reviews/book/686fa492dca21dadb9ba8db7
2025-07-11T05:59:11.787Z [info]: GET /api/reviews/book/686fa492dca21dadb9ba8ded
2025-07-11T05:59:11.790Z [info]: GET /api/reviews/book/686fa492dca21dadb9ba8dc9
2025-07-11T05:59:11.793Z [info]: GET /api/reviews/book/686fa492dca21dadb9ba8dc2
2025-07-11T05:59:11.801Z [info]: GET /api/reviews/book/686fa492dca21dadb9ba8deb
2025-07-11T05:59:11.807Z [info]: GET /api/reviews/book/686fa492dca21dadb9ba8dfb
2025-07-11T05:59:11.810Z [info]: GET /api/reviews/book/686fa492dca21dadb9ba8de2
2025-07-11T05:59:11.813Z [info]: GET /api/reviews/book/686fa492dca21dadb9ba8de7
2025-07-11T05:59:11.818Z [info]: GET /api/reviews/book/686fa492dca21dadb9ba8dcc
2025-07-11T05:59:11.821Z [info]: GET /api/reviews/book/686fa492dca21dadb9ba8dd6
2025-07-11T05:59:11.828Z [info]: GET /api/reviews/book/686fa492dca21dadb9ba8df5
2025-07-11T05:59:11.834Z [info]: GET /api/reviews/book/686fa492dca21dadb9ba8e02
2025-07-11T05:59:12.959Z [info]: GET /api/reviews/book/686fa492dca21dadb9ba8dbf
2025-07-11T05:59:12.961Z [info]: GET /api/reviews/book/686fa492dca21dadb9ba8dbb
2025-07-11T05:59:12.965Z [info]: GET /api/reviews/book/686fa492dca21dadb9ba8dc1
2025-07-11T05:59:12.970Z [info]: GET /api/reviews/book/686fa492dca21dadb9ba8dbe
2025-07-11T05:59:12.973Z [info]: GET /api/reviews/book/686fa492dca21dadb9ba8de4
2025-07-11T05:59:12.977Z [info]: GET /api/reviews/book/686fa492dca21dadb9ba8e0a
2025-07-11T05:59:12.981Z [info]: GET /api/reviews/book/686fa492dca21dadb9ba8de8
2025-07-11T05:59:12.987Z [info]: GET /api/reviews/book/686fa492dca21dadb9ba8dc7
2025-07-11T05:59:12.992Z [info]: GET /api/reviews/book/686fa492dca21dadb9ba8de1
2025-07-11T05:59:12.994Z [info]: GET /api/reviews/book/686fa492dca21dadb9ba8dba
2025-07-11T05:59:12.997Z [info]: GET /api/reviews/book/686fa492dca21dadb9ba8daf
2025-07-11T05:59:13.000Z [info]: GET /api/reviews/book/686fa492dca21dadb9ba8dae
2025-07-11T05:59:13.006Z [info]: GET /api/reviews/book/686fa492dca21dadb9ba8dd4
2025-07-11T05:59:13.015Z [info]: GET /api/reviews/book/686fa492dca21dadb9ba8dee
2025-07-11T05:59:13.018Z [info]: GET /api/reviews/book/686fa492dca21dadb9ba8dff
2025-07-11T05:59:13.022Z [info]: GET /api/reviews/book/686fa492dca21dadb9ba8dc5
2025-07-11T05:59:13.024Z [info]: GET /api/reviews/book/686fa492dca21dadb9ba8da9
2025-07-11T05:59:15.660Z [info]: GET /api/reviews/book/686fa492dca21dadb9ba8dbf
2025-07-11T05:59:15.662Z [info]: GET /api/reviews/book/686fa492dca21dadb9ba8dbe
2025-07-11T05:59:57.172Z [info]: GET /api/reviews/book/1
2025-07-11T05:59:57.174Z [error]: Error fetching reviews:
2025-07-11T05:59:57.175Z [info]: GET /api/reviews/book/2
2025-07-11T05:59:57.176Z [error]: Error fetching reviews:
2025-07-11T05:59:57.178Z [info]: GET /api/reviews/book/3
2025-07-11T05:59:57.179Z [error]: Error fetching reviews:
2025-07-11T05:59:57.181Z [info]: GET /api/reviews/book/4
2025-07-11T05:59:57.183Z [error]: Error fetching reviews:
2025-07-11T06:00:10.666Z [info]: GET /api/reviews/book/686fa492dca21dadb9ba8da9
2025-07-11T06:00:10.670Z [info]: GET /api/reviews/book/686fa492dca21dadb9ba8daa
2025-07-11T06:00:10.676Z [info]: GET /api/reviews/book/686fa492dca21dadb9ba8dab
2025-07-11T06:00:10.681Z [info]: GET /api/reviews/book/686fa492dca21dadb9ba8daf
2025-07-11T06:00:10.683Z [info]: GET /api/reviews/book/686fa492dca21dadb9ba8db0
2025-07-11T06:00:10.690Z [info]: GET /api/reviews/book/686fa492dca21dadb9ba8db2
2025-07-11T06:00:10.695Z [info]: GET /api/reviews/book/686fa492dca21dadb9ba8db3
2025-07-11T06:00:10.698Z [info]: GET /api/reviews/book/686fa492dca21dadb9ba8dac
2025-07-11T06:00:10.700Z [info]: GET /api/reviews/book/686fa492dca21dadb9ba8db6
2025-07-11T06:00:10.704Z [info]: GET /api/reviews/book/686fa492dca21dadb9ba8db7
2025-07-11T06:00:10.707Z [info]: GET /api/reviews/book/686fa492dca21dadb9ba8db8
2025-07-11T06:00:10.710Z [info]: GET /api/reviews/book/686fa492dca21dadb9ba8db9
2025-07-11T06:00:10.714Z [info]: GET /api/reviews/book/686fa492dca21dadb9ba8dba
2025-07-11T06:00:10.716Z [info]: GET /api/reviews/book/686fa492dca21dadb9ba8dad
2025-07-11T06:00:10.720Z [info]: GET /api/reviews/book/686fa492dca21dadb9ba8dbb
2025-07-11T06:00:10.737Z [info]: GET /api/reviews/book/686fa492dca21dadb9ba8dbc
2025-07-11T06:00:10.740Z [info]: GET /api/reviews/book/686fa492dca21dadb9ba8dae
2025-07-11T06:00:10.742Z [info]: GET /api/reviews/book/686fa492dca21dadb9ba8db1
2025-07-11T06:00:10.744Z [info]: GET /api/reviews/book/686fa492dca21dadb9ba8dbd
2025-07-11T06:00:10.746Z [info]: GET /api/reviews/book/686fa492dca21dadb9ba8dbe
2025-07-11T06:00:10.749Z [info]: GET /api/reviews/book/686fa492dca21dadb9ba8dbf
2025-07-11T06:00:10.757Z [info]: GET /api/reviews/book/686fa492dca21dadb9ba8dc0
2025-07-11T06:00:10.761Z [info]: GET /api/reviews/book/686fa492dca21dadb9ba8dc1
2025-07-11T06:00:10.765Z [info]: GET /api/reviews/book/686fa492dca21dadb9ba8dc2
2025-07-11T06:00:10.768Z [info]: GET /api/reviews/book/686fa492dca21dadb9ba8dc3
2025-07-11T06:00:10.788Z [info]: GET /api/reviews/book/686fa492dca21dadb9ba8dc4
2025-07-11T06:00:10.794Z [info]: GET /api/reviews/book/686fa492dca21dadb9ba8dc5
2025-07-11T06:00:10.809Z [info]: GET /api/reviews/book/686fa492dca21dadb9ba8dc6
2025-07-11T06:00:10.814Z [info]: GET /api/reviews/book/686fa492dca21dadb9ba8dc7
2025-07-11T06:00:10.816Z [info]: GET /api/reviews/book/686fa492dca21dadb9ba8dc8
2025-07-11T06:00:10.818Z [info]: GET /api/reviews/book/686fa492dca21dadb9ba8dc9
2025-07-11T06:00:10.820Z [info]: GET /api/reviews/book/686fa492dca21dadb9ba8dca
2025-07-11T06:00:10.823Z [info]: GET /api/reviews/book/686fa492dca21dadb9ba8dcb
2025-07-11T06:00:10.830Z [info]: GET /api/reviews/book/686fa492dca21dadb9ba8dcc
2025-07-11T06:00:10.834Z [info]: GET /api/reviews/book/686fa492dca21dadb9ba8dcd
2025-07-11T06:00:10.836Z [info]: GET /api/reviews/book/686fa492dca21dadb9ba8dce
2025-07-11T06:00:10.839Z [info]: GET /api/reviews/book/686fa492dca21dadb9ba8dcf
2025-07-11T06:00:10.842Z [info]: GET /api/reviews/book/686fa492dca21dadb9ba8dd0
2025-07-11T06:00:10.846Z [info]: GET /api/reviews/book/686fa492dca21dadb9ba8dd1
2025-07-11T06:00:10.853Z [info]: GET /api/reviews/book/686fa492dca21dadb9ba8dd2
2025-07-11T06:00:10.856Z [info]: GET /api/reviews/book/686fa492dca21dadb9ba8dd3
2025-07-11T06:00:10.858Z [info]: GET /api/reviews/book/686fa492dca21dadb9ba8dd4
2025-07-11T06:00:10.860Z [info]: GET /api/reviews/book/686fa492dca21dadb9ba8dd5
2025-07-11T06:00:10.863Z [info]: GET /api/reviews/book/686fa492dca21dadb9ba8dd6
2025-07-11T06:00:10.865Z [info]: GET /api/reviews/book/686fa492dca21dadb9ba8dd7
2025-07-11T06:00:10.873Z [info]: GET /api/reviews/book/686fa492dca21dadb9ba8dd8
2025-07-11T06:00:10.877Z [info]: GET /api/reviews/book/686fa492dca21dadb9ba8dd9
2025-07-11T06:00:10.881Z [info]: GET /api/reviews/book/686fa492dca21dadb9ba8dda
2025-07-11T06:00:10.883Z [info]: GET /api/reviews/book/686fa492dca21dadb9ba8ddb
2025-07-11T06:00:10.884Z [info]: GET /api/reviews/book/686fa492dca21dadb9ba8ddc
2025-07-11T06:00:10.887Z [info]: GET /api/reviews/book/686fa492dca21dadb9ba8ddd
2025-07-11T06:00:10.894Z [info]: GET /api/reviews/book/686fa492dca21dadb9ba8dde
2025-07-11T06:00:10.897Z [info]: GET /api/reviews/book/686fa492dca21dadb9ba8ddf
2025-07-11T06:00:10.899Z [info]: GET /api/reviews/book/686fa492dca21dadb9ba8de0
2025-07-11T06:00:10.901Z [info]: GET /api/reviews/book/686fa492dca21dadb9ba8db5
2025-07-11T06:00:10.903Z [info]: GET /api/reviews/book/686fa492dca21dadb9ba8db4
2025-07-11T06:00:10.907Z [info]: GET /api/reviews/book/686fa492dca21dadb9ba8de3
2025-07-11T06:00:10.916Z [info]: GET /api/reviews/book/686fa492dca21dadb9ba8de4
2025-07-11T06:00:10.920Z [info]: GET /api/reviews/book/686fa492dca21dadb9ba8de5
2025-07-11T06:00:10.922Z [info]: GET /api/reviews/book/686fa492dca21dadb9ba8de6
2025-07-11T06:00:10.924Z [info]: GET /api/reviews/book/686fa492dca21dadb9ba8de7
2025-07-11T06:00:10.925Z [info]: GET /api/reviews/book/686fa492dca21dadb9ba8de8
2025-07-11T06:00:10.930Z [info]: GET /api/reviews/book/686fa492dca21dadb9ba8de9
2025-07-11T06:00:10.939Z [info]: GET /api/reviews/book/686fa492dca21dadb9ba8dea
2025-07-11T06:00:10.944Z [info]: GET /api/reviews/book/686fa492dca21dadb9ba8deb
2025-07-11T06:00:10.947Z [info]: GET /api/reviews/book/686fa492dca21dadb9ba8dec
2025-07-11T06:00:10.951Z [info]: GET /api/reviews/book/686fa492dca21dadb9ba8ded
2025-07-11T06:00:10.954Z [info]: GET /api/reviews/book/686fa492dca21dadb9ba8dee
2025-07-11T06:00:10.962Z [info]: GET /api/reviews/book/686fa492dca21dadb9ba8def
2025-07-11T06:00:10.966Z [info]: GET /api/reviews/book/686fa492dca21dadb9ba8df0
2025-07-11T06:00:10.969Z [info]: GET /api/reviews/book/686fa492dca21dadb9ba8df1
2025-07-11T06:00:10.972Z [info]: GET /api/reviews/book/686fa492dca21dadb9ba8df2
2025-07-11T06:00:10.981Z [info]: GET /api/reviews/book/686fa492dca21dadb9ba8df3
2025-07-11T06:00:10.984Z [info]: GET /api/reviews/book/686fa492dca21dadb9ba8df4
2025-07-11T06:00:10.993Z [info]: GET /api/reviews/book/686fa492dca21dadb9ba8df5
2025-07-11T06:00:10.999Z [info]: GET /api/reviews/book/686fa492dca21dadb9ba8df6
2025-07-11T06:00:11.002Z [info]: GET /api/reviews/book/686fa492dca21dadb9ba8df7
2025-07-11T06:00:11.004Z [info]: GET /api/reviews/book/686fa492dca21dadb9ba8df8
2025-07-11T06:00:11.009Z [info]: GET /api/reviews/book/686fa492dca21dadb9ba8df9
2025-07-11T06:00:11.013Z [info]: GET /api/reviews/book/686fa492dca21dadb9ba8dfa
2025-07-11T06:00:11.020Z [info]: GET /api/reviews/book/686fa492dca21dadb9ba8dfb
2025-07-11T06:00:11.024Z [info]: GET /api/reviews/book/686fa492dca21dadb9ba8dfc
2025-07-11T06:00:11.027Z [info]: GET /api/reviews/book/686fa492dca21dadb9ba8dfd
2025-07-11T06:00:11.029Z [info]: GET /api/reviews/book/686fa492dca21dadb9ba8dfe
2025-07-11T06:00:11.033Z [info]: GET /api/reviews/book/686fa492dca21dadb9ba8dff
2025-07-11T06:00:11.036Z [info]: GET /api/reviews/book/686fa492dca21dadb9ba8e00
2025-07-11T06:00:11.045Z [info]: GET /api/reviews/book/686fa492dca21dadb9ba8e01
2025-07-11T06:00:11.050Z [info]: GET /api/reviews/book/686fa492dca21dadb9ba8e02
2025-07-11T06:00:11.053Z [info]: GET /api/reviews/book/686fa492dca21dadb9ba8e03
2025-07-11T06:00:11.058Z [info]: GET /api/reviews/book/686fa492dca21dadb9ba8e04
2025-07-11T06:00:11.062Z [info]: GET /api/reviews/book/686fa492dca21dadb9ba8e05
2025-07-11T06:00:11.066Z [info]: GET /api/reviews/book/686fa492dca21dadb9ba8e06
2025-07-11T06:00:11.073Z [info]: GET /api/reviews/book/686fa492dca21dadb9ba8e07
2025-07-11T06:00:11.077Z [info]: GET /api/reviews/book/686fa492dca21dadb9ba8e08
2025-07-11T06:00:11.081Z [info]: GET /api/reviews/book/686fa492dca21dadb9ba8e09
2025-07-11T06:00:11.083Z [info]: GET /api/reviews/book/686fa492dca21dadb9ba8e0a
2025-07-11T06:00:11.087Z [info]: GET /api/reviews/book/686fa492dca21dadb9ba8e0b
2025-07-11T06:00:11.089Z [info]: GET /api/reviews/book/686fa492dca21dadb9ba8e0c
2025-07-11T06:00:11.094Z [info]: GET /api/reviews/book/686fa492dca21dadb9ba8de1
2025-07-11T06:00:11.102Z [info]: GET /api/reviews/book/686fa492dca21dadb9ba8de2
2025-07-11T06:00:54.989Z [info]: GET /api/reviews/book/1
2025-07-11T06:00:54.994Z [error]: Error fetching reviews:
2025-07-11T06:00:54.997Z [info]: GET /api/reviews/book/3
2025-07-11T06:00:54.998Z [error]: Error fetching reviews:
2025-07-11T06:00:55.000Z [info]: GET /api/reviews/book/2
2025-07-11T06:00:55.007Z [error]: Error fetching reviews:
2025-07-11T06:00:55.010Z [info]: GET /api/reviews/book/4
2025-07-11T06:00:55.013Z [error]: Error fetching reviews:
2025-07-11T06:00:56.686Z [info]: GET /api/reviews/book/686fa492dca21dadb9ba8da9
2025-07-11T06:00:56.689Z [info]: GET /api/reviews/book/686fa492dca21dadb9ba8daa
2025-07-11T06:00:56.692Z [info]: GET /api/reviews/book/686fa492dca21dadb9ba8dab
2025-07-11T06:00:56.697Z [info]: GET /api/reviews/book/686fa492dca21dadb9ba8daf
2025-07-11T06:00:56.701Z [info]: GET /api/reviews/book/686fa492dca21dadb9ba8db0
2025-07-11T06:00:56.706Z [info]: GET /api/reviews/book/686fa492dca21dadb9ba8db3
2025-07-11T06:00:56.711Z [info]: GET /api/reviews/book/686fa492dca21dadb9ba8dac
2025-07-11T06:00:56.713Z [info]: GET /api/reviews/book/686fa492dca21dadb9ba8db2
2025-07-11T06:00:56.716Z [info]: GET /api/reviews/book/686fa492dca21dadb9ba8db6
2025-07-11T06:00:56.720Z [info]: GET /api/reviews/book/686fa492dca21dadb9ba8db7
2025-07-11T06:00:56.725Z [info]: GET /api/reviews/book/686fa492dca21dadb9ba8db8
2025-07-11T06:00:56.734Z [info]: GET /api/reviews/book/686fa492dca21dadb9ba8db9
2025-07-11T06:00:56.737Z [info]: GET /api/reviews/book/686fa492dca21dadb9ba8dba
2025-07-11T06:00:56.740Z [info]: GET /api/reviews/book/686fa492dca21dadb9ba8dad
2025-07-11T06:00:56.743Z [info]: GET /api/reviews/book/686fa492dca21dadb9ba8dbb
2025-07-11T06:00:56.746Z [info]: GET /api/reviews/book/686fa492dca21dadb9ba8dbc
2025-07-11T06:00:56.754Z [info]: GET /api/reviews/book/686fa492dca21dadb9ba8dae
2025-07-11T06:00:56.757Z [info]: GET /api/reviews/book/686fa492dca21dadb9ba8db1
2025-07-11T06:00:56.760Z [info]: GET /api/reviews/book/686fa492dca21dadb9ba8dbd
2025-07-11T06:00:56.762Z [info]: GET /api/reviews/book/686fa492dca21dadb9ba8dbe
2025-07-11T06:00:56.765Z [info]: GET /api/reviews/book/686fa492dca21dadb9ba8dbf
2025-07-11T06:00:56.769Z [info]: GET /api/reviews/book/686fa492dca21dadb9ba8dc0
2025-07-11T06:00:56.774Z [info]: GET /api/reviews/book/686fa492dca21dadb9ba8dc1
2025-07-11T06:00:56.777Z [info]: GET /api/reviews/book/686fa492dca21dadb9ba8dc2
2025-07-11T06:00:56.779Z [info]: GET /api/reviews/book/686fa492dca21dadb9ba8dc3
2025-07-11T06:00:56.781Z [info]: GET /api/reviews/book/686fa492dca21dadb9ba8dc4
2025-07-11T06:00:56.784Z [info]: GET /api/reviews/book/686fa492dca21dadb9ba8dc5
2025-07-11T06:00:56.789Z [info]: GET /api/reviews/book/686fa492dca21dadb9ba8dc6
2025-07-11T06:00:56.793Z [info]: GET /api/reviews/book/686fa492dca21dadb9ba8dc7
2025-07-11T06:00:56.796Z [info]: GET /api/reviews/book/686fa492dca21dadb9ba8dc8
2025-07-11T06:00:56.799Z [info]: GET /api/reviews/book/686fa492dca21dadb9ba8dc9
2025-07-11T06:00:56.801Z [info]: GET /api/reviews/book/686fa492dca21dadb9ba8dca
2025-07-11T06:00:56.806Z [info]: GET /api/reviews/book/686fa492dca21dadb9ba8dcb
2025-07-11T06:00:56.809Z [info]: GET /api/reviews/book/686fa492dca21dadb9ba8dcc
2025-07-11T06:00:56.813Z [info]: GET /api/reviews/book/686fa492dca21dadb9ba8dcd
2025-07-11T06:00:56.816Z [info]: GET /api/reviews/book/686fa492dca21dadb9ba8dce
2025-07-11T06:00:56.819Z [info]: GET /api/reviews/book/686fa492dca21dadb9ba8dcf
2025-07-11T06:00:56.823Z [info]: GET /api/reviews/book/686fa492dca21dadb9ba8dd0
2025-07-11T06:00:56.828Z [info]: GET /api/reviews/book/686fa492dca21dadb9ba8dd1
2025-07-11T06:00:56.832Z [info]: GET /api/reviews/book/686fa492dca21dadb9ba8dd2
2025-07-11T06:00:56.836Z [info]: GET /api/reviews/book/686fa492dca21dadb9ba8dd3
2025-07-11T06:00:56.839Z [info]: GET /api/reviews/book/686fa492dca21dadb9ba8dd4
2025-07-11T06:00:56.843Z [info]: GET /api/reviews/book/686fa492dca21dadb9ba8dd5
2025-07-11T06:00:56.845Z [info]: GET /api/reviews/book/686fa492dca21dadb9ba8dd6
2025-07-11T06:00:56.848Z [info]: GET /api/reviews/book/686fa492dca21dadb9ba8dd7
2025-07-11T06:00:56.851Z [info]: GET /api/reviews/book/686fa492dca21dadb9ba8dd8
2025-07-11T06:00:56.856Z [info]: GET /api/reviews/book/686fa492dca21dadb9ba8dd9
2025-07-11T06:00:56.859Z [info]: GET /api/reviews/book/686fa492dca21dadb9ba8dda
2025-07-11T06:00:56.864Z [info]: GET /api/reviews/book/686fa492dca21dadb9ba8ddb
2025-07-11T06:00:56.867Z [info]: GET /api/reviews/book/686fa492dca21dadb9ba8ddc
2025-07-11T06:00:56.870Z [info]: GET /api/reviews/book/686fa492dca21dadb9ba8ddd
2025-07-11T06:00:56.874Z [info]: GET /api/reviews/book/686fa492dca21dadb9ba8dde
2025-07-11T06:00:56.878Z [info]: GET /api/reviews/book/686fa492dca21dadb9ba8ddf
2025-07-11T06:00:56.881Z [info]: GET /api/reviews/book/686fa492dca21dadb9ba8de0
2025-07-11T06:00:56.884Z [info]: GET /api/reviews/book/686fa492dca21dadb9ba8db5
2025-07-11T06:00:56.886Z [info]: GET /api/reviews/book/686fa492dca21dadb9ba8db4
2025-07-11T06:00:56.890Z [info]: GET /api/reviews/book/686fa492dca21dadb9ba8de3
2025-07-11T06:00:56.893Z [info]: GET /api/reviews/book/686fa492dca21dadb9ba8de4
2025-07-11T06:00:56.897Z [info]: GET /api/reviews/book/686fa492dca21dadb9ba8de5
2025-07-11T06:00:56.902Z [info]: GET /api/reviews/book/686fa492dca21dadb9ba8de6
2025-07-11T06:00:56.905Z [info]: GET /api/reviews/book/686fa492dca21dadb9ba8de7
2025-07-11T06:00:56.908Z [info]: GET /api/reviews/book/686fa492dca21dadb9ba8de8
2025-07-11T06:00:56.910Z [info]: GET /api/reviews/book/686fa492dca21dadb9ba8de9
2025-07-11T06:00:56.914Z [info]: GET /api/reviews/book/686fa492dca21dadb9ba8dea
2025-07-11T06:00:56.918Z [info]: GET /api/reviews/book/686fa492dca21dadb9ba8deb
2025-07-11T06:00:56.923Z [info]: GET /api/reviews/book/686fa492dca21dadb9ba8dec
2025-07-11T06:00:56.926Z [info]: GET /api/reviews/book/686fa492dca21dadb9ba8ded
2025-07-11T06:00:56.930Z [info]: GET /api/reviews/book/686fa492dca21dadb9ba8dee
2025-07-11T06:00:56.935Z [info]: GET /api/reviews/book/686fa492dca21dadb9ba8def
2025-07-11T06:00:56.939Z [info]: GET /api/reviews/book/686fa492dca21dadb9ba8df0
2025-07-11T06:00:56.944Z [info]: GET /api/reviews/book/686fa492dca21dadb9ba8df1
2025-07-11T06:00:56.948Z [info]: GET /api/reviews/book/686fa492dca21dadb9ba8df2
2025-07-11T06:00:56.951Z [info]: GET /api/reviews/book/686fa492dca21dadb9ba8df3
2025-07-11T06:00:56.953Z [info]: GET /api/reviews/book/686fa492dca21dadb9ba8df4
2025-07-11T06:00:56.958Z [info]: GET /api/reviews/book/686fa492dca21dadb9ba8df5
2025-07-11T06:00:56.961Z [info]: GET /api/reviews/book/686fa492dca21dadb9ba8df6
2025-07-11T06:00:56.966Z [info]: GET /api/reviews/book/686fa492dca21dadb9ba8df7
2025-07-11T06:00:56.969Z [info]: GET /api/reviews/book/686fa492dca21dadb9ba8df8
2025-07-11T06:00:56.972Z [info]: GET /api/reviews/book/686fa492dca21dadb9ba8df9
2025-07-11T06:00:56.974Z [info]: GET /api/reviews/book/686fa492dca21dadb9ba8dfa
2025-07-11T06:00:56.978Z [info]: GET /api/reviews/book/686fa492dca21dadb9ba8dfb
2025-07-11T06:00:56.981Z [info]: GET /api/reviews/book/686fa492dca21dadb9ba8dfc
2025-07-11T06:00:56.985Z [info]: GET /api/reviews/book/686fa492dca21dadb9ba8dfd
2025-07-11T06:00:56.990Z [info]: GET /api/reviews/book/686fa492dca21dadb9ba8dfe
2025-07-11T06:00:56.995Z [info]: GET /api/reviews/book/686fa492dca21dadb9ba8dff
2025-07-11T06:00:56.998Z [info]: GET /api/reviews/book/686fa492dca21dadb9ba8e00
2025-07-11T06:00:57.002Z [info]: GET /api/reviews/book/686fa492dca21dadb9ba8e01
2025-07-11T06:00:57.006Z [info]: GET /api/reviews/book/686fa492dca21dadb9ba8e02
2025-07-11T06:00:57.011Z [info]: GET /api/reviews/book/686fa492dca21dadb9ba8e03
2025-07-11T06:00:57.014Z [info]: GET /api/reviews/book/686fa492dca21dadb9ba8e04
2025-07-11T06:00:57.019Z [info]: GET /api/reviews/book/686fa492dca21dadb9ba8e05
2025-07-11T06:00:57.021Z [info]: GET /api/reviews/book/686fa492dca21dadb9ba8e06
2025-07-11T06:00:57.024Z [info]: GET /api/reviews/book/686fa492dca21dadb9ba8e07
2025-07-11T06:00:57.027Z [info]: GET /api/reviews/book/686fa492dca21dadb9ba8e08
2025-07-11T06:00:57.032Z [info]: GET /api/reviews/book/686fa492dca21dadb9ba8e09
2025-07-11T06:00:57.036Z [info]: GET /api/reviews/book/686fa492dca21dadb9ba8e0a
2025-07-11T06:00:57.043Z [info]: GET /api/reviews/book/686fa492dca21dadb9ba8e0b
2025-07-11T06:00:57.046Z [info]: GET /api/reviews/book/686fa492dca21dadb9ba8e0c
2025-07-11T06:00:57.049Z [info]: GET /api/reviews/book/686fa492dca21dadb9ba8de1
2025-07-11T06:00:57.053Z [info]: GET /api/reviews/book/686fa492dca21dadb9ba8de2
2025-07-11T06:19:41.792Z [info]: GET /api/reviews/book/686fa492dca21dadb9ba8da9
2025-07-11T06:19:41.868Z [info]: GET /api/reviews/book/686fa492dca21dadb9ba8daa
2025-07-11T06:19:41.874Z [info]: GET /api/reviews/book/686fa492dca21dadb9ba8dab
2025-07-11T06:19:41.879Z [info]: GET /api/reviews/book/686fa492dca21dadb9ba8daf
2025-07-11T06:19:41.885Z [info]: GET /api/reviews/book/686fa492dca21dadb9ba8db0
2025-07-11T06:19:41.890Z [info]: GET /api/reviews/book/686fa492dca21dadb9ba8db2
2025-07-11T06:19:41.937Z [info]: GET /api/reviews/book/686fa492dca21dadb9ba8db3
2025-07-11T06:19:41.941Z [info]: GET /api/reviews/book/686fa492dca21dadb9ba8dac
2025-07-11T06:19:41.944Z [info]: GET /api/reviews/book/686fa492dca21dadb9ba8db6
2025-07-11T06:19:41.948Z [info]: GET /api/reviews/book/686fa492dca21dadb9ba8db7
2025-07-11T06:19:41.951Z [info]: GET /api/reviews/book/686fa492dca21dadb9ba8db8
2025-07-11T06:19:41.955Z [info]: GET /api/reviews/book/686fa492dca21dadb9ba8db9
2025-07-11T06:19:41.986Z [info]: GET /api/reviews/book/686fa492dca21dadb9ba8dba
2025-07-11T06:19:41.988Z [info]: GET /api/reviews/book/686fa492dca21dadb9ba8dad
2025-07-11T06:19:41.995Z [info]: GET /api/reviews/book/686fa492dca21dadb9ba8dbb
2025-07-11T06:19:41.998Z [info]: GET /api/reviews/book/686fa492dca21dadb9ba8dbc
2025-07-11T06:19:42.003Z [info]: GET /api/reviews/book/686fa492dca21dadb9ba8dae
2025-07-11T06:19:42.012Z [info]: GET /api/reviews/book/686fa492dca21dadb9ba8db1
2025-07-11T06:19:42.027Z [info]: GET /api/reviews/book/686fa492dca21dadb9ba8dbd
2025-07-11T06:19:42.030Z [info]: GET /api/reviews/book/686fa492dca21dadb9ba8dbe
2025-07-11T06:19:42.033Z [info]: GET /api/reviews/book/686fa492dca21dadb9ba8dbf
2025-07-11T06:19:42.035Z [info]: GET /api/reviews/book/686fa492dca21dadb9ba8dc1
2025-07-11T06:19:42.037Z [info]: GET /api/reviews/book/686fa492dca21dadb9ba8dc2
2025-07-11T06:19:42.041Z [info]: GET /api/reviews/book/686fa492dca21dadb9ba8dc5
2025-07-11T06:19:42.059Z [info]: GET /api/reviews/book/686fa492dca21dadb9ba8dc0
2025-07-11T06:19:42.062Z [info]: GET /api/reviews/book/686fa492dca21dadb9ba8dc6
2025-07-11T06:19:42.074Z [info]: GET /api/reviews/book/686fa492dca21dadb9ba8dc3
2025-07-11T06:19:42.077Z [info]: GET /api/reviews/book/686fa492dca21dadb9ba8dc7
2025-07-11T06:19:42.079Z [info]: GET /api/reviews/book/686fa492dca21dadb9ba8dc4
2025-07-11T06:19:42.081Z [info]: GET /api/reviews/book/686fa492dca21dadb9ba8dc9
2025-07-11T06:19:42.093Z [info]: GET /api/reviews/book/686fa492dca21dadb9ba8dca
2025-07-11T06:19:42.096Z [info]: GET /api/reviews/book/686fa492dca21dadb9ba8dc8
2025-07-11T06:19:42.098Z [info]: GET /api/reviews/book/686fa492dca21dadb9ba8dcb
2025-07-11T06:19:42.102Z [info]: GET /api/reviews/book/686fa492dca21dadb9ba8dcc
2025-07-11T06:19:42.104Z [info]: GET /api/reviews/book/686fa492dca21dadb9ba8dcf
2025-07-11T06:19:42.109Z [info]: GET /api/reviews/book/686fa492dca21dadb9ba8dce
2025-07-11T06:19:42.128Z [info]: GET /api/reviews/book/686fa492dca21dadb9ba8dcd
2025-07-11T06:19:42.131Z [info]: GET /api/reviews/book/686fa492dca21dadb9ba8dd1
2025-07-11T06:19:42.133Z [info]: GET /api/reviews/book/686fa492dca21dadb9ba8dd0
2025-07-11T06:19:42.136Z [info]: GET /api/reviews/book/686fa492dca21dadb9ba8dd2
2025-07-11T06:19:42.139Z [info]: GET /api/reviews/book/686fa492dca21dadb9ba8dd3
2025-07-11T06:19:42.143Z [info]: GET /api/reviews/book/686fa492dca21dadb9ba8dd4
2025-07-11T06:19:42.154Z [info]: GET /api/reviews/book/686fa492dca21dadb9ba8dd5
2025-07-11T06:19:42.156Z [info]: GET /api/reviews/book/686fa492dca21dadb9ba8dd6
2025-07-11T06:19:42.159Z [info]: GET /api/reviews/book/686fa492dca21dadb9ba8dd7
2025-07-11T06:19:42.161Z [info]: GET /api/reviews/book/686fa492dca21dadb9ba8dd8
2025-07-11T06:19:42.163Z [info]: GET /api/reviews/book/686fa492dca21dadb9ba8dd9
2025-07-11T06:19:42.166Z [info]: GET /api/reviews/book/686fa492dca21dadb9ba8dda
2025-07-11T06:19:42.186Z [info]: GET /api/reviews/book/686fa492dca21dadb9ba8ddb
2025-07-11T06:19:42.190Z [info]: GET /api/reviews/book/686fa492dca21dadb9ba8ddc
2025-07-11T06:19:42.192Z [info]: GET /api/reviews/book/686fa492dca21dadb9ba8ddd
2025-07-11T06:19:42.195Z [info]: GET /api/reviews/book/686fa492dca21dadb9ba8dde
2025-07-11T06:19:42.198Z [info]: GET /api/reviews/book/686fa492dca21dadb9ba8ddf
2025-07-11T06:19:42.200Z [info]: GET /api/reviews/book/686fa492dca21dadb9ba8de0
2025-07-11T06:19:42.210Z [info]: GET /api/reviews/book/686fa492dca21dadb9ba8db5
2025-07-11T06:19:42.214Z [info]: GET /api/reviews/book/686fa492dca21dadb9ba8db4
2025-07-11T06:19:42.216Z [info]: GET /api/reviews/book/686fa492dca21dadb9ba8de3
2025-07-11T06:19:42.219Z [info]: GET /api/reviews/book/686fa492dca21dadb9ba8de4
2025-07-11T06:19:42.223Z [info]: GET /api/reviews/book/686fa492dca21dadb9ba8de5
2025-07-11T06:19:42.226Z [info]: GET /api/reviews/book/686fa492dca21dadb9ba8de6
2025-07-11T06:19:42.239Z [info]: GET /api/reviews/book/686fa492dca21dadb9ba8de7
2025-07-11T06:19:42.243Z [info]: GET /api/reviews/book/686fa492dca21dadb9ba8de8
2025-07-11T06:19:42.245Z [info]: GET /api/reviews/book/686fa492dca21dadb9ba8de9
2025-07-11T06:19:42.247Z [info]: GET /api/reviews/book/686fa492dca21dadb9ba8dea
2025-07-11T06:19:42.250Z [info]: GET /api/reviews/book/686fa492dca21dadb9ba8deb
2025-07-11T06:19:42.252Z [info]: GET /api/reviews/book/686fa492dca21dadb9ba8dec
2025-07-11T06:19:42.268Z [info]: GET /api/reviews/book/686fa492dca21dadb9ba8ded
2025-07-11T06:19:42.271Z [info]: GET /api/reviews/book/686fa492dca21dadb9ba8dee
2025-07-11T06:19:42.276Z [info]: GET /api/reviews/book/686fa492dca21dadb9ba8def
2025-07-11T06:19:42.279Z [info]: GET /api/reviews/book/686fa492dca21dadb9ba8df0
2025-07-11T06:19:42.281Z [info]: GET /api/reviews/book/686fa492dca21dadb9ba8df1
2025-07-11T06:19:42.284Z [info]: GET /api/reviews/book/686fa492dca21dadb9ba8df2
2025-07-11T06:19:42.296Z [info]: GET /api/reviews/book/686fa492dca21dadb9ba8df3
2025-07-11T06:19:42.300Z [info]: GET /api/reviews/book/686fa492dca21dadb9ba8df4
2025-07-11T06:19:42.304Z [info]: GET /api/reviews/book/686fa492dca21dadb9ba8df5
2025-07-11T06:19:42.308Z [info]: GET /api/reviews/book/686fa492dca21dadb9ba8df6
2025-07-11T06:19:42.311Z [info]: GET /api/reviews/book/686fa492dca21dadb9ba8df7
2025-07-11T06:19:42.318Z [info]: GET /api/reviews/book/686fa492dca21dadb9ba8df8
2025-07-11T06:19:42.348Z [info]: GET /api/reviews/book/686fa492dca21dadb9ba8df9
2025-07-11T06:19:42.353Z [info]: GET /api/reviews/book/686fa492dca21dadb9ba8dfa
2025-07-11T06:19:42.357Z [info]: GET /api/reviews/book/686fa492dca21dadb9ba8dfb
2025-07-11T06:19:42.361Z [info]: GET /api/reviews/book/686fa492dca21dadb9ba8dfc
2025-07-11T06:19:42.367Z [info]: GET /api/reviews/book/686fa492dca21dadb9ba8dfe
2025-07-11T06:19:42.377Z [info]: GET /api/reviews/book/686fa492dca21dadb9ba8dff
2025-07-11T06:19:42.394Z [info]: GET /api/reviews/book/686fa492dca21dadb9ba8dfd
2025-07-11T06:19:42.397Z [info]: GET /api/reviews/book/686fa492dca21dadb9ba8e00
2025-07-11T06:19:42.400Z [info]: GET /api/reviews/book/686fa492dca21dadb9ba8e01
2025-07-11T06:19:42.403Z [info]: GET /api/reviews/book/686fa492dca21dadb9ba8e02
2025-07-11T06:19:42.416Z [info]: GET /api/reviews/book/686fa492dca21dadb9ba8e03
2025-07-11T06:19:42.419Z [info]: GET /api/reviews/book/686fa492dca21dadb9ba8e04
2025-07-11T06:19:42.435Z [info]: GET /api/reviews/book/686fa492dca21dadb9ba8e05
2025-07-11T06:19:42.438Z [info]: GET /api/reviews/book/686fa492dca21dadb9ba8e06
2025-07-11T06:19:42.440Z [info]: GET /api/reviews/book/686fa492dca21dadb9ba8e07
2025-07-11T06:19:42.443Z [info]: GET /api/reviews/book/686fa492dca21dadb9ba8e08
2025-07-11T06:19:42.447Z [info]: GET /api/reviews/book/686fa492dca21dadb9ba8e09
2025-07-11T06:19:42.452Z [info]: GET /api/reviews/book/686fa492dca21dadb9ba8e0a
2025-07-11T06:19:42.469Z [info]: GET /api/reviews/book/686fa492dca21dadb9ba8e0b
2025-07-11T06:19:42.472Z [info]: GET /api/reviews/book/686fa492dca21dadb9ba8e0c
2025-07-11T06:19:42.478Z [info]: GET /api/reviews/book/686fa492dca21dadb9ba8de1
2025-07-11T06:19:42.480Z [info]: GET /api/reviews/book/686fa492dca21dadb9ba8de2
2025-07-11T06:20:41.033Z [info]: GET /api/reviews/book/686fa492dca21dadb9ba8da9
2025-07-11T06:20:41.040Z [info]: GET /api/reviews/book/686fa492dca21dadb9ba8daa
2025-07-11T06:20:41.051Z [info]: GET /api/reviews/book/686fa492dca21dadb9ba8dab
2025-07-11T06:20:41.055Z [info]: GET /api/reviews/book/686fa492dca21dadb9ba8daf
2025-07-11T06:20:41.062Z [info]: GET /api/reviews/book/686fa492dca21dadb9ba8db0
2025-07-11T06:20:41.071Z [info]: GET /api/reviews/book/686fa492dca21dadb9ba8db2
2025-07-11T06:20:41.079Z [info]: GET /api/reviews/book/686fa492dca21dadb9ba8db3
2025-07-11T06:20:41.082Z [info]: GET /api/reviews/book/686fa492dca21dadb9ba8dac
2025-07-11T06:20:41.086Z [info]: GET /api/reviews/book/686fa492dca21dadb9ba8db6
2025-07-11T06:20:41.090Z [info]: GET /api/reviews/book/686fa492dca21dadb9ba8db7
2025-07-11T06:20:41.095Z [info]: GET /api/reviews/book/686fa492dca21dadb9ba8db8
2025-07-11T06:20:41.100Z [info]: GET /api/reviews/book/686fa492dca21dadb9ba8db9
2025-07-11T06:20:41.104Z [info]: GET /api/reviews/book/686fa492dca21dadb9ba8dba
2025-07-11T06:20:41.106Z [info]: GET /api/reviews/book/686fa492dca21dadb9ba8dad
2025-07-11T06:20:41.114Z [info]: GET /api/reviews/book/686fa492dca21dadb9ba8dbb
2025-07-11T06:20:41.117Z [info]: GET /api/reviews/book/686fa492dca21dadb9ba8dbc
2025-07-11T06:20:41.128Z [info]: GET /api/reviews/book/686fa492dca21dadb9ba8dae
2025-07-11T06:20:41.137Z [info]: GET /api/reviews/book/686fa492dca21dadb9ba8db1
2025-07-11T06:20:41.139Z [info]: GET /api/reviews/book/686fa492dca21dadb9ba8dbd
2025-07-11T06:20:41.142Z [info]: GET /api/reviews/book/686fa492dca21dadb9ba8dbe
2025-07-11T06:20:41.144Z [info]: GET /api/reviews/book/686fa492dca21dadb9ba8dbf
2025-07-11T06:20:41.146Z [info]: GET /api/reviews/book/686fa492dca21dadb9ba8dc0
2025-07-11T06:20:41.150Z [info]: GET /api/reviews/book/686fa492dca21dadb9ba8dc1
2025-07-11T06:20:41.157Z [info]: GET /api/reviews/book/686fa492dca21dadb9ba8dc2
2025-07-11T06:20:41.159Z [info]: GET /api/reviews/book/686fa492dca21dadb9ba8dc3
2025-07-11T06:20:41.162Z [info]: GET /api/reviews/book/686fa492dca21dadb9ba8dc4
2025-07-11T06:20:41.165Z [info]: GET /api/reviews/book/686fa492dca21dadb9ba8dc5
2025-07-11T06:20:41.166Z [info]: GET /api/reviews/book/686fa492dca21dadb9ba8dc6
2025-07-11T06:20:41.171Z [info]: GET /api/reviews/book/686fa492dca21dadb9ba8dc7
2025-07-11T06:20:41.180Z [info]: GET /api/reviews/book/686fa492dca21dadb9ba8dc8
2025-07-11T06:20:41.183Z [info]: GET /api/reviews/book/686fa492dca21dadb9ba8dc9
2025-07-11T06:20:41.185Z [info]: GET /api/reviews/book/686fa492dca21dadb9ba8dca
2025-07-11T06:20:41.188Z [info]: GET /api/reviews/book/686fa492dca21dadb9ba8dcb
2025-07-11T06:20:41.191Z [info]: GET /api/reviews/book/686fa492dca21dadb9ba8dcc
2025-07-11T06:20:41.195Z [info]: GET /api/reviews/book/686fa492dca21dadb9ba8dcd
2025-07-11T06:20:41.201Z [info]: GET /api/reviews/book/686fa492dca21dadb9ba8dce
2025-07-11T06:20:41.204Z [info]: GET /api/reviews/book/686fa492dca21dadb9ba8dcf
2025-07-11T06:20:41.207Z [info]: GET /api/reviews/book/686fa492dca21dadb9ba8dd0
2025-07-11T06:20:41.209Z [info]: GET /api/reviews/book/686fa492dca21dadb9ba8dd1
2025-07-11T06:20:41.211Z [info]: GET /api/reviews/book/686fa492dca21dadb9ba8dd2
2025-07-11T06:20:41.216Z [info]: GET /api/reviews/book/686fa492dca21dadb9ba8dd3
2025-07-11T06:20:41.222Z [info]: GET /api/reviews/book/686fa492dca21dadb9ba8dd4
2025-07-11T06:20:41.225Z [info]: GET /api/reviews/book/686fa492dca21dadb9ba8dd5
2025-07-11T06:20:41.228Z [info]: GET /api/reviews/book/686fa492dca21dadb9ba8dd6
2025-07-11T06:20:41.230Z [info]: GET /api/reviews/book/686fa492dca21dadb9ba8dd7
2025-07-11T06:20:41.232Z [info]: GET /api/reviews/book/686fa492dca21dadb9ba8dd8
2025-07-11T06:20:41.237Z [info]: GET /api/reviews/book/686fa492dca21dadb9ba8dd9
2025-07-11T06:20:41.244Z [info]: GET /api/reviews/book/686fa492dca21dadb9ba8dda
2025-07-11T06:20:41.246Z [info]: GET /api/reviews/book/686fa492dca21dadb9ba8ddb
2025-07-11T06:20:41.252Z [info]: GET /api/reviews/book/686fa492dca21dadb9ba8ddc
2025-07-11T06:20:41.256Z [info]: GET /api/reviews/book/686fa492dca21dadb9ba8ddd
2025-07-11T06:20:41.258Z [info]: GET /api/reviews/book/686fa492dca21dadb9ba8dde
2025-07-11T06:20:41.262Z [info]: GET /api/reviews/book/686fa492dca21dadb9ba8ddf
2025-07-11T06:20:41.269Z [info]: GET /api/reviews/book/686fa492dca21dadb9ba8de0
2025-07-11T06:20:41.273Z [info]: GET /api/reviews/book/686fa492dca21dadb9ba8db5
2025-07-11T06:20:41.280Z [info]: GET /api/reviews/book/686fa492dca21dadb9ba8db4
2025-07-11T06:20:41.283Z [info]: GET /api/reviews/book/686fa492dca21dadb9ba8de3
2025-07-11T06:20:41.286Z [info]: GET /api/reviews/book/686fa492dca21dadb9ba8de4
2025-07-11T06:20:41.296Z [info]: GET /api/reviews/book/686fa492dca21dadb9ba8de5
2025-07-11T06:20:41.315Z [info]: GET /api/reviews/book/686fa492dca21dadb9ba8de6
2025-07-11T06:20:41.318Z [info]: GET /api/reviews/book/686fa492dca21dadb9ba8de7
2025-07-11T06:20:41.322Z [info]: GET /api/reviews/book/686fa492dca21dadb9ba8de8
2025-07-11T06:20:41.326Z [info]: GET /api/reviews/book/686fa492dca21dadb9ba8de9
2025-07-11T06:20:41.329Z [info]: GET /api/reviews/book/686fa492dca21dadb9ba8dea
2025-07-11T06:20:41.332Z [info]: GET /api/reviews/book/686fa492dca21dadb9ba8deb
2025-07-11T06:20:41.338Z [info]: GET /api/reviews/book/686fa492dca21dadb9ba8dec
2025-07-11T06:20:41.346Z [info]: GET /api/reviews/book/686fa492dca21dadb9ba8ded
2025-07-11T06:20:41.349Z [info]: GET /api/reviews/book/686fa492dca21dadb9ba8dee
2025-07-11T06:20:41.352Z [info]: GET /api/reviews/book/686fa492dca21dadb9ba8def
2025-07-11T06:20:41.356Z [info]: GET /api/reviews/book/686fa492dca21dadb9ba8df0
2025-07-11T06:20:41.362Z [info]: GET /api/reviews/book/686fa492dca21dadb9ba8df1
2025-07-11T06:20:41.365Z [info]: GET /api/reviews/book/686fa492dca21dadb9ba8df2
2025-07-11T06:20:41.368Z [info]: GET /api/reviews/book/686fa492dca21dadb9ba8df3
2025-07-11T06:20:41.372Z [info]: GET /api/reviews/book/686fa492dca21dadb9ba8df4
2025-07-11T06:20:41.377Z [info]: GET /api/reviews/book/686fa492dca21dadb9ba8df5
2025-07-11T06:20:41.381Z [info]: GET /api/reviews/book/686fa492dca21dadb9ba8df6
2025-07-11T06:20:41.386Z [info]: GET /api/reviews/book/686fa492dca21dadb9ba8df7
2025-07-11T06:20:41.388Z [info]: GET /api/reviews/book/686fa492dca21dadb9ba8df8
2025-07-11T06:20:41.393Z [info]: GET /api/reviews/book/686fa492dca21dadb9ba8df9
2025-07-11T06:20:41.398Z [info]: GET /api/reviews/book/686fa492dca21dadb9ba8dfa
2025-07-11T06:20:41.402Z [info]: GET /api/reviews/book/686fa492dca21dadb9ba8dfb
2025-07-11T06:20:41.411Z [info]: GET /api/reviews/book/686fa492dca21dadb9ba8dfc
2025-07-11T06:20:41.415Z [info]: GET /api/reviews/book/686fa492dca21dadb9ba8dfd
2025-07-11T06:20:41.419Z [info]: GET /api/reviews/book/686fa492dca21dadb9ba8dfe
2025-07-11T06:20:41.424Z [info]: GET /api/reviews/book/686fa492dca21dadb9ba8dff
2025-07-11T06:20:41.430Z [info]: GET /api/reviews/book/686fa492dca21dadb9ba8e00
2025-07-11T06:20:41.437Z [info]: GET /api/reviews/book/686fa492dca21dadb9ba8e01
2025-07-11T06:20:41.441Z [info]: GET /api/reviews/book/686fa492dca21dadb9ba8e02
2025-07-11T06:20:41.447Z [info]: GET /api/reviews/book/686fa492dca21dadb9ba8e03
2025-07-11T06:20:41.450Z [info]: GET /api/reviews/book/686fa492dca21dadb9ba8e04
2025-07-11T06:20:41.459Z [info]: GET /api/reviews/book/686fa492dca21dadb9ba8e05
2025-07-11T06:20:41.470Z [info]: GET /api/reviews/book/686fa492dca21dadb9ba8e06
2025-07-11T06:20:41.492Z [info]: GET /api/reviews/book/686fa492dca21dadb9ba8e07
2025-07-11T06:20:41.499Z [info]: GET /api/reviews/book/686fa492dca21dadb9ba8e08
2025-07-11T06:20:41.505Z [info]: GET /api/reviews/book/686fa492dca21dadb9ba8e09
2025-07-11T06:20:41.510Z [info]: GET /api/reviews/book/686fa492dca21dadb9ba8e0a
2025-07-11T06:20:41.514Z [info]: GET /api/reviews/book/686fa492dca21dadb9ba8e0b
2025-07-11T06:20:41.518Z [info]: GET /api/reviews/book/686fa492dca21dadb9ba8e0c
2025-07-11T06:20:41.525Z [info]: GET /api/reviews/book/686fa492dca21dadb9ba8de1
2025-07-11T06:20:41.531Z [info]: GET /api/reviews/book/686fa492dca21dadb9ba8de2
2025-07-11T06:21:03.806Z [info]: GET /api/reviews/book/686fa492dca21dadb9ba8da9
2025-07-11T06:21:03.811Z [info]: GET /api/reviews/book/686fa492dca21dadb9ba8daa
2025-07-11T06:21:03.814Z [info]: GET /api/reviews/book/686fa492dca21dadb9ba8dab
2025-07-11T06:21:03.819Z [info]: GET /api/reviews/book/686fa492dca21dadb9ba8daf
2025-07-11T06:21:03.826Z [info]: GET /api/reviews/book/686fa492dca21dadb9ba8db0
2025-07-11T06:21:03.830Z [info]: GET /api/reviews/book/686fa492dca21dadb9ba8db2
2025-07-11T06:21:03.833Z [info]: GET /api/reviews/book/686fa492dca21dadb9ba8db3
2025-07-11T06:21:03.842Z [info]: GET /api/reviews/book/686fa492dca21dadb9ba8dac
2025-07-11T06:21:03.844Z [info]: GET /api/reviews/book/686fa492dca21dadb9ba8db6
2025-07-11T06:21:03.852Z [info]: GET /api/reviews/book/686fa492dca21dadb9ba8db8
2025-07-11T06:21:03.854Z [info]: GET /api/reviews/book/686fa492dca21dadb9ba8db7
2025-07-11T06:21:03.864Z [info]: GET /api/reviews/book/686fa492dca21dadb9ba8db9
2025-07-11T06:21:03.866Z [info]: GET /api/reviews/book/686fa492dca21dadb9ba8dba
2025-07-11T06:21:03.871Z [info]: GET /api/reviews/book/686fa492dca21dadb9ba8dad
2025-07-11T06:21:03.874Z [info]: GET /api/reviews/book/686fa492dca21dadb9ba8dbb
2025-07-11T06:21:03.878Z [info]: GET /api/reviews/book/686fa492dca21dadb9ba8dbc
2025-07-11T06:21:03.880Z [info]: GET /api/reviews/book/686fa492dca21dadb9ba8dae
2025-07-11T06:21:03.884Z [info]: GET /api/reviews/book/686fa492dca21dadb9ba8db1
2025-07-11T06:21:03.886Z [info]: GET /api/reviews/book/686fa492dca21dadb9ba8dbd
2025-07-11T06:21:03.893Z [info]: GET /api/reviews/book/686fa492dca21dadb9ba8dbe
2025-07-11T06:21:03.896Z [info]: GET /api/reviews/book/686fa492dca21dadb9ba8dbf
2025-07-11T06:21:03.907Z [info]: GET /api/reviews/book/686fa492dca21dadb9ba8dc0
2025-07-11T06:21:03.910Z [info]: GET /api/reviews/book/686fa492dca21dadb9ba8dc1
2025-07-11T06:21:03.914Z [info]: GET /api/reviews/book/686fa492dca21dadb9ba8dc2
2025-07-11T06:21:03.916Z [info]: GET /api/reviews/book/686fa492dca21dadb9ba8dc3
2025-07-11T06:21:03.920Z [info]: GET /api/reviews/book/686fa492dca21dadb9ba8dc4
2025-07-11T06:21:03.922Z [info]: GET /api/reviews/book/686fa492dca21dadb9ba8dc5
2025-07-11T06:21:03.932Z [info]: GET /api/reviews/book/686fa492dca21dadb9ba8dc6
2025-07-11T06:21:03.937Z [info]: GET /api/reviews/book/686fa492dca21dadb9ba8dc7
2025-07-11T06:21:03.942Z [info]: GET /api/reviews/book/686fa492dca21dadb9ba8dc8
2025-07-11T06:21:03.945Z [info]: GET /api/reviews/book/686fa492dca21dadb9ba8dc9
2025-07-11T06:21:03.948Z [info]: GET /api/reviews/book/686fa492dca21dadb9ba8dca
2025-07-11T06:21:03.951Z [info]: GET /api/reviews/book/686fa492dca21dadb9ba8dcb
2025-07-11T06:21:03.955Z [info]: GET /api/reviews/book/686fa492dca21dadb9ba8dcc
2025-07-11T06:21:03.957Z [info]: GET /api/reviews/book/686fa492dca21dadb9ba8dcd
2025-07-11T06:21:03.961Z [info]: GET /api/reviews/book/686fa492dca21dadb9ba8dce
2025-07-11T06:21:03.963Z [info]: GET /api/reviews/book/686fa492dca21dadb9ba8dcf
2025-07-11T06:21:03.968Z [info]: GET /api/reviews/book/686fa492dca21dadb9ba8dd0
2025-07-11T06:21:03.971Z [info]: GET /api/reviews/book/686fa492dca21dadb9ba8dd1
2025-07-11T06:21:03.975Z [info]: GET /api/reviews/book/686fa492dca21dadb9ba8dd2
2025-07-11T06:21:03.977Z [info]: GET /api/reviews/book/686fa492dca21dadb9ba8dd3
2025-07-11T06:21:03.982Z [info]: GET /api/reviews/book/686fa492dca21dadb9ba8dd4
2025-07-11T06:21:03.985Z [info]: GET /api/reviews/book/686fa492dca21dadb9ba8dd5
2025-07-11T06:21:03.990Z [info]: GET /api/reviews/book/686fa492dca21dadb9ba8dd6
2025-07-11T06:21:03.993Z [info]: GET /api/reviews/book/686fa492dca21dadb9ba8dd7
2025-07-11T06:21:03.996Z [info]: GET /api/reviews/book/686fa492dca21dadb9ba8dd8
2025-07-11T06:21:04.000Z [info]: GET /api/reviews/book/686fa492dca21dadb9ba8dd9
2025-07-11T06:21:04.005Z [info]: GET /api/reviews/book/686fa492dca21dadb9ba8dda
2025-07-11T06:21:04.007Z [info]: GET /api/reviews/book/686fa492dca21dadb9ba8ddb
2025-07-11T06:21:04.012Z [info]: GET /api/reviews/book/686fa492dca21dadb9ba8ddc
2025-07-11T06:21:04.015Z [info]: GET /api/reviews/book/686fa492dca21dadb9ba8ddd
2025-07-11T06:21:04.020Z [info]: GET /api/reviews/book/686fa492dca21dadb9ba8dde
2025-07-11T06:21:04.022Z [info]: GET /api/reviews/book/686fa492dca21dadb9ba8ddf
2025-07-11T06:21:04.029Z [info]: GET /api/reviews/book/686fa492dca21dadb9ba8de0
2025-07-11T06:21:04.031Z [info]: GET /api/reviews/book/686fa492dca21dadb9ba8db5
2025-07-11T06:21:04.035Z [info]: GET /api/reviews/book/686fa492dca21dadb9ba8db4
2025-07-11T06:21:04.037Z [info]: GET /api/reviews/book/686fa492dca21dadb9ba8de3
2025-07-11T06:21:04.042Z [info]: GET /api/reviews/book/686fa492dca21dadb9ba8de4
2025-07-11T06:21:04.044Z [info]: GET /api/reviews/book/686fa492dca21dadb9ba8de5
2025-07-11T06:21:04.049Z [info]: GET /api/reviews/book/686fa492dca21dadb9ba8de6
2025-07-11T06:21:04.052Z [info]: GET /api/reviews/book/686fa492dca21dadb9ba8de7
2025-07-11T06:21:04.056Z [info]: GET /api/reviews/book/686fa492dca21dadb9ba8de8
2025-07-11T06:21:04.058Z [info]: GET /api/reviews/book/686fa492dca21dadb9ba8de9
2025-07-11T06:21:04.062Z [info]: GET /api/reviews/book/686fa492dca21dadb9ba8dea
2025-07-11T06:21:04.064Z [info]: GET /api/reviews/book/686fa492dca21dadb9ba8deb
2025-07-11T06:21:04.069Z [info]: GET /api/reviews/book/686fa492dca21dadb9ba8dec
2025-07-11T06:21:04.071Z [info]: GET /api/reviews/book/686fa492dca21dadb9ba8ded
2025-07-11T06:21:04.076Z [info]: GET /api/reviews/book/686fa492dca21dadb9ba8dee
2025-07-11T06:21:04.079Z [info]: GET /api/reviews/book/686fa492dca21dadb9ba8def
2025-07-11T06:21:04.086Z [info]: GET /api/reviews/book/686fa492dca21dadb9ba8df0
2025-07-11T06:21:04.089Z [info]: GET /api/reviews/book/686fa492dca21dadb9ba8df1
2025-07-11T06:21:04.095Z [info]: GET /api/reviews/book/686fa492dca21dadb9ba8df2
2025-07-11T06:21:04.098Z [info]: GET /api/reviews/book/686fa492dca21dadb9ba8df3
2025-07-11T06:21:04.104Z [info]: GET /api/reviews/book/686fa492dca21dadb9ba8df4
2025-07-11T06:21:04.108Z [info]: GET /api/reviews/book/686fa492dca21dadb9ba8df5
2025-07-11T06:21:04.115Z [info]: GET /api/reviews/book/686fa492dca21dadb9ba8df6
2025-07-11T06:21:04.120Z [info]: GET /api/reviews/book/686fa492dca21dadb9ba8df7
2025-07-11T06:21:04.126Z [info]: GET /api/reviews/book/686fa492dca21dadb9ba8df8
2025-07-11T06:21:04.129Z [info]: GET /api/reviews/book/686fa492dca21dadb9ba8df9
2025-07-11T06:21:04.134Z [info]: GET /api/reviews/book/686fa492dca21dadb9ba8dfa
2025-07-11T06:21:04.137Z [info]: GET /api/reviews/book/686fa492dca21dadb9ba8dfb
2025-07-11T06:21:04.142Z [info]: GET /api/reviews/book/686fa492dca21dadb9ba8dfc
2025-07-11T06:21:04.144Z [info]: GET /api/reviews/book/686fa492dca21dadb9ba8dfd
2025-07-11T06:21:04.148Z [info]: GET /api/reviews/book/686fa492dca21dadb9ba8dfe
2025-07-11T06:21:04.150Z [info]: GET /api/reviews/book/686fa492dca21dadb9ba8dff
2025-07-11T06:21:04.156Z [info]: GET /api/reviews/book/686fa492dca21dadb9ba8e00
2025-07-11T06:21:04.158Z [info]: GET /api/reviews/book/686fa492dca21dadb9ba8e01
2025-07-11T06:21:04.161Z [info]: GET /api/reviews/book/686fa492dca21dadb9ba8e02
2025-07-11T06:21:04.164Z [info]: GET /api/reviews/book/686fa492dca21dadb9ba8e03
2025-07-11T06:21:04.168Z [info]: GET /api/reviews/book/686fa492dca21dadb9ba8e04
2025-07-11T06:21:04.171Z [info]: GET /api/reviews/book/686fa492dca21dadb9ba8e05
2025-07-11T06:21:04.175Z [info]: GET /api/reviews/book/686fa492dca21dadb9ba8e06
2025-07-11T06:21:04.178Z [info]: GET /api/reviews/book/686fa492dca21dadb9ba8e07
2025-07-11T06:21:04.184Z [info]: GET /api/reviews/book/686fa492dca21dadb9ba8e08
2025-07-11T06:21:04.187Z [info]: GET /api/reviews/book/686fa492dca21dadb9ba8e09
2025-07-11T06:21:04.191Z [info]: GET /api/reviews/book/686fa492dca21dadb9ba8e0a
2025-07-11T06:21:04.194Z [info]: GET /api/reviews/book/686fa492dca21dadb9ba8e0b
2025-07-11T06:21:04.202Z [info]: GET /api/reviews/book/686fa492dca21dadb9ba8e0c
2025-07-11T06:21:04.204Z [info]: GET /api/reviews/book/686fa492dca21dadb9ba8de1
2025-07-11T06:21:04.208Z [info]: GET /api/reviews/book/686fa492dca21dadb9ba8de2
2025-07-11T06:21:07.331Z [info]: GET /api/reviews/book/686fa492dca21dadb9ba8da9
2025-07-11T06:21:07.334Z [info]: GET /api/reviews/book/686fa492dca21dadb9ba8daa
2025-07-11T06:21:07.339Z [info]: GET /api/reviews/book/686fa492dca21dadb9ba8dab
2025-07-11T06:21:07.341Z [info]: GET /api/reviews/book/686fa492dca21dadb9ba8daf
2025-07-11T06:21:07.344Z [info]: GET /api/reviews/book/686fa492dca21dadb9ba8db0
2025-07-11T06:21:07.349Z [info]: GET /api/reviews/book/686fa492dca21dadb9ba8db2
2025-07-11T06:21:07.354Z [info]: GET /api/reviews/book/686fa492dca21dadb9ba8db3
2025-07-11T06:21:07.358Z [info]: GET /api/reviews/book/686fa492dca21dadb9ba8dac
2025-07-11T06:21:07.361Z [info]: GET /api/reviews/book/686fa492dca21dadb9ba8db6
2025-07-11T06:21:07.364Z [info]: GET /api/reviews/book/686fa492dca21dadb9ba8db7
2025-07-11T06:21:07.367Z [info]: GET /api/reviews/book/686fa492dca21dadb9ba8db8
2025-07-11T06:21:07.369Z [info]: GET /api/reviews/book/686fa492dca21dadb9ba8db9
2025-07-11T06:21:07.371Z [info]: GET /api/reviews/book/686fa492dca21dadb9ba8dba
2025-07-11T06:21:07.378Z [info]: GET /api/reviews/book/686fa492dca21dadb9ba8dad
2025-07-11T06:21:07.383Z [info]: GET /api/reviews/book/686fa492dca21dadb9ba8dbb
2025-07-11T06:21:07.386Z [info]: GET /api/reviews/book/686fa492dca21dadb9ba8dbc
2025-07-11T06:21:07.390Z [info]: GET /api/reviews/book/686fa492dca21dadb9ba8dae
2025-07-11T06:21:07.393Z [info]: GET /api/reviews/book/686fa492dca21dadb9ba8db1
2025-07-11T06:21:07.406Z [info]: GET /api/reviews/book/686fa492dca21dadb9ba8dbd
2025-07-11T06:21:07.411Z [info]: GET /api/reviews/book/686fa492dca21dadb9ba8dbe
2025-07-11T06:21:07.416Z [info]: GET /api/reviews/book/686fa492dca21dadb9ba8dbf
2025-07-11T06:21:07.419Z [info]: GET /api/reviews/book/686fa492dca21dadb9ba8dc0
2025-07-11T06:21:07.421Z [info]: GET /api/reviews/book/686fa492dca21dadb9ba8dc1
2025-07-11T06:21:07.422Z [info]: GET /api/reviews/book/686fa492dca21dadb9ba8dc2
2025-07-11T06:21:07.424Z [info]: GET /api/reviews/book/686fa492dca21dadb9ba8dc3
2025-07-11T06:21:07.431Z [info]: GET /api/reviews/book/686fa492dca21dadb9ba8dc4
2025-07-11T06:21:07.433Z [info]: GET /api/reviews/book/686fa492dca21dadb9ba8dc5
2025-07-11T06:21:07.436Z [info]: GET /api/reviews/book/686fa492dca21dadb9ba8dc6
2025-07-11T06:21:07.437Z [info]: GET /api/reviews/book/686fa492dca21dadb9ba8dc7
2025-07-11T06:21:07.439Z [info]: GET /api/reviews/book/686fa492dca21dadb9ba8dc8
2025-07-11T06:21:07.441Z [info]: GET /api/reviews/book/686fa492dca21dadb9ba8dc9
2025-07-11T06:21:07.449Z [info]: GET /api/reviews/book/686fa492dca21dadb9ba8dca
2025-07-11T06:21:07.452Z [info]: GET /api/reviews/book/686fa492dca21dadb9ba8dcb
2025-07-11T06:21:07.454Z [info]: GET /api/reviews/book/686fa492dca21dadb9ba8dcc
2025-07-11T06:21:07.456Z [info]: GET /api/reviews/book/686fa492dca21dadb9ba8dcd
2025-07-11T06:21:07.458Z [info]: GET /api/reviews/book/686fa492dca21dadb9ba8dce
2025-07-11T06:21:07.461Z [info]: GET /api/reviews/book/686fa492dca21dadb9ba8dcf
2025-07-11T06:21:07.468Z [info]: GET /api/reviews/book/686fa492dca21dadb9ba8dd0
2025-07-11T06:21:07.471Z [info]: GET /api/reviews/book/686fa492dca21dadb9ba8dd1
2025-07-11T06:21:07.473Z [info]: GET /api/reviews/book/686fa492dca21dadb9ba8dd2
2025-07-11T06:21:07.476Z [info]: GET /api/reviews/book/686fa492dca21dadb9ba8dd3
2025-07-11T06:21:07.477Z [info]: GET /api/reviews/book/686fa492dca21dadb9ba8dd4
2025-07-11T06:21:07.481Z [info]: GET /api/reviews/book/686fa492dca21dadb9ba8dd5
2025-07-11T06:21:07.487Z [info]: GET /api/reviews/book/686fa492dca21dadb9ba8dd6
2025-07-11T06:21:07.490Z [info]: GET /api/reviews/book/686fa492dca21dadb9ba8dd7
2025-07-11T06:21:07.492Z [info]: GET /api/reviews/book/686fa492dca21dadb9ba8dd8
2025-07-11T06:21:07.493Z [info]: GET /api/reviews/book/686fa492dca21dadb9ba8dd9
2025-07-11T06:21:07.495Z [info]: GET /api/reviews/book/686fa492dca21dadb9ba8dda
2025-07-11T06:21:07.498Z [info]: GET /api/reviews/book/686fa492dca21dadb9ba8ddb
2025-07-11T06:21:07.503Z [info]: GET /api/reviews/book/686fa492dca21dadb9ba8ddc
2025-07-11T06:21:07.506Z [info]: GET /api/reviews/book/686fa492dca21dadb9ba8ddd
2025-07-11T06:21:07.508Z [info]: GET /api/reviews/book/686fa492dca21dadb9ba8dde
2025-07-11T06:21:07.509Z [info]: GET /api/reviews/book/686fa492dca21dadb9ba8ddf
2025-07-11T06:21:07.511Z [info]: GET /api/reviews/book/686fa492dca21dadb9ba8de0
2025-07-11T06:21:07.514Z [info]: GET /api/reviews/book/686fa492dca21dadb9ba8db5
2025-07-11T06:21:07.519Z [info]: GET /api/reviews/book/686fa492dca21dadb9ba8db4
2025-07-11T06:21:07.523Z [info]: GET /api/reviews/book/686fa492dca21dadb9ba8de3
2025-07-11T06:21:07.526Z [info]: GET /api/reviews/book/686fa492dca21dadb9ba8de4
2025-07-11T06:21:07.530Z [info]: GET /api/reviews/book/686fa492dca21dadb9ba8de5
2025-07-11T06:21:07.532Z [info]: GET /api/reviews/book/686fa492dca21dadb9ba8de6
2025-07-11T06:21:07.534Z [info]: GET /api/reviews/book/686fa492dca21dadb9ba8de7
2025-07-11T06:21:07.539Z [info]: GET /api/reviews/book/686fa492dca21dadb9ba8de8
2025-07-11T06:21:07.542Z [info]: GET /api/reviews/book/686fa492dca21dadb9ba8de9
2025-07-11T06:21:07.544Z [info]: GET /api/reviews/book/686fa492dca21dadb9ba8dea
2025-07-11T06:21:07.546Z [info]: GET /api/reviews/book/686fa492dca21dadb9ba8deb
2025-07-11T06:21:07.548Z [info]: GET /api/reviews/book/686fa492dca21dadb9ba8dec
2025-07-11T06:21:07.550Z [info]: GET /api/reviews/book/686fa492dca21dadb9ba8ded
2025-07-11T06:21:07.556Z [info]: GET /api/reviews/book/686fa492dca21dadb9ba8dee
2025-07-11T06:21:07.559Z [info]: GET /api/reviews/book/686fa492dca21dadb9ba8def
2025-07-11T06:21:07.561Z [info]: GET /api/reviews/book/686fa492dca21dadb9ba8df0
2025-07-11T06:21:07.565Z [info]: GET /api/reviews/book/686fa492dca21dadb9ba8df1
2025-07-11T06:21:07.568Z [info]: GET /api/reviews/book/686fa492dca21dadb9ba8df2
2025-07-11T06:21:07.572Z [info]: GET /api/reviews/book/686fa492dca21dadb9ba8df3
2025-07-11T06:21:07.577Z [info]: GET /api/reviews/book/686fa492dca21dadb9ba8df4
2025-07-11T06:21:07.580Z [info]: GET /api/reviews/book/686fa492dca21dadb9ba8df5
2025-07-11T06:21:07.582Z [info]: GET /api/reviews/book/686fa492dca21dadb9ba8df6
2025-07-11T06:21:07.585Z [info]: GET /api/reviews/book/686fa492dca21dadb9ba8df7
2025-07-11T06:21:07.588Z [info]: GET /api/reviews/book/686fa492dca21dadb9ba8df8
2025-07-11T06:21:07.591Z [info]: GET /api/reviews/book/686fa492dca21dadb9ba8df9
2025-07-11T06:21:07.604Z [info]: GET /api/reviews/book/686fa492dca21dadb9ba8dfa
2025-07-11T06:21:07.607Z [info]: GET /api/reviews/book/686fa492dca21dadb9ba8dfb
2025-07-11T06:21:07.609Z [info]: GET /api/reviews/book/686fa492dca21dadb9ba8dfc
2025-07-11T06:21:07.611Z [info]: GET /api/reviews/book/686fa492dca21dadb9ba8dfd
2025-07-11T06:21:07.613Z [info]: GET /api/reviews/book/686fa492dca21dadb9ba8dfe
2025-07-11T06:21:07.617Z [info]: GET /api/reviews/book/686fa492dca21dadb9ba8dff
2025-07-11T06:21:07.626Z [info]: GET /api/reviews/book/686fa492dca21dadb9ba8e00
2025-07-11T06:21:07.636Z [info]: GET /api/reviews/book/686fa492dca21dadb9ba8e01
2025-07-11T06:21:07.642Z [info]: GET /api/reviews/book/686fa492dca21dadb9ba8e02
2025-07-11T06:21:07.645Z [info]: GET /api/reviews/book/686fa492dca21dadb9ba8e03
2025-07-11T06:21:07.647Z [info]: GET /api/reviews/book/686fa492dca21dadb9ba8e04
2025-07-11T06:21:07.649Z [info]: GET /api/reviews/book/686fa492dca21dadb9ba8e05
2025-07-11T06:21:07.656Z [info]: GET /api/reviews/book/686fa492dca21dadb9ba8e06
2025-07-11T06:21:07.659Z [info]: GET /api/reviews/book/686fa492dca21dadb9ba8e07
2025-07-11T06:21:07.661Z [info]: GET /api/reviews/book/686fa492dca21dadb9ba8e08
2025-07-11T06:21:07.664Z [info]: GET /api/reviews/book/686fa492dca21dadb9ba8e09
2025-07-11T06:21:07.667Z [info]: GET /api/reviews/book/686fa492dca21dadb9ba8e0a
2025-07-11T06:21:07.670Z [info]: GET /api/reviews/book/686fa492dca21dadb9ba8e0b
2025-07-11T06:21:07.676Z [info]: GET /api/reviews/book/686fa492dca21dadb9ba8e0c
2025-07-11T06:21:07.681Z [info]: GET /api/reviews/book/686fa492dca21dadb9ba8de1
2025-07-11T06:21:07.683Z [info]: GET /api/reviews/book/686fa492dca21dadb9ba8de2
2025-07-11T06:21:18.599Z [info]: GET /api/reviews/book/1
2025-07-11T06:21:18.604Z [error]: Error fetching reviews:
2025-07-11T06:21:18.606Z [info]: GET /api/reviews/book/2
2025-07-11T06:21:18.608Z [error]: Error fetching reviews:
2025-07-11T06:21:18.610Z [info]: GET /api/reviews/book/3
2025-07-11T06:21:18.611Z [error]: Error fetching reviews:
2025-07-11T06:21:18.613Z [info]: GET /api/reviews/book/4
2025-07-11T06:21:18.614Z [error]: Error fetching reviews:
2025-07-11T06:21:27.071Z [info]: GET /api/reviews/book/686fa492dca21dadb9ba8da9
2025-07-11T06:21:27.074Z [info]: GET /api/reviews/book/686fa492dca21dadb9ba8daa
2025-07-11T06:21:27.076Z [info]: GET /api/reviews/book/686fa492dca21dadb9ba8dab
2025-07-11T06:21:27.082Z [info]: GET /api/reviews/book/686fa492dca21dadb9ba8daf
2025-07-11T06:21:27.085Z [info]: GET /api/reviews/book/686fa492dca21dadb9ba8db0
2025-07-11T06:21:27.091Z [info]: GET /api/reviews/book/686fa492dca21dadb9ba8db2
2025-07-11T06:21:27.102Z [info]: GET /api/reviews/book/686fa492dca21dadb9ba8db3
2025-07-11T06:21:27.104Z [info]: GET /api/reviews/book/686fa492dca21dadb9ba8dac
2025-07-11T06:21:27.108Z [info]: GET /api/reviews/book/686fa492dca21dadb9ba8db6
2025-07-11T06:21:27.112Z [info]: GET /api/reviews/book/686fa492dca21dadb9ba8db7
2025-07-11T06:21:27.114Z [info]: GET /api/reviews/book/686fa492dca21dadb9ba8db8
2025-07-11T06:21:27.116Z [info]: GET /api/reviews/book/686fa492dca21dadb9ba8db9
2025-07-11T06:21:27.120Z [info]: GET /api/reviews/book/686fa492dca21dadb9ba8dba
2025-07-11T06:21:27.123Z [info]: GET /api/reviews/book/686fa492dca21dadb9ba8dad
2025-07-11T06:21:27.128Z [info]: GET /api/reviews/book/686fa492dca21dadb9ba8dbb
2025-07-11T06:21:27.130Z [info]: GET /api/reviews/book/686fa492dca21dadb9ba8dbc
2025-07-11T06:21:27.135Z [info]: GET /api/reviews/book/686fa492dca21dadb9ba8dae
2025-07-11T06:21:27.138Z [info]: GET /api/reviews/book/686fa492dca21dadb9ba8db1
2025-07-11T06:21:27.141Z [info]: GET /api/reviews/book/686fa492dca21dadb9ba8dbd
2025-07-11T06:21:27.144Z [info]: GET /api/reviews/book/686fa492dca21dadb9ba8dbe
2025-07-11T06:21:27.147Z [info]: GET /api/reviews/book/686fa492dca21dadb9ba8dbf
2025-07-11T06:21:27.149Z [info]: GET /api/reviews/book/686fa492dca21dadb9ba8dc0
2025-07-11T06:21:27.153Z [info]: GET /api/reviews/book/686fa492dca21dadb9ba8dc1
2025-07-11T06:21:27.155Z [info]: GET /api/reviews/book/686fa492dca21dadb9ba8dc2
2025-07-11T06:21:27.161Z [info]: GET /api/reviews/book/686fa492dca21dadb9ba8dc3
2025-07-11T06:21:27.164Z [info]: GET /api/reviews/book/686fa492dca21dadb9ba8dc4
2025-07-11T06:21:27.169Z [info]: GET /api/reviews/book/686fa492dca21dadb9ba8dc5
2025-07-11T06:21:27.171Z [info]: GET /api/reviews/book/686fa492dca21dadb9ba8dc6
2025-07-11T06:21:27.176Z [info]: GET /api/reviews/book/686fa492dca21dadb9ba8dc7
2025-07-11T06:21:27.178Z [info]: GET /api/reviews/book/686fa492dca21dadb9ba8dc8
2025-07-11T06:21:27.181Z [info]: GET /api/reviews/book/686fa492dca21dadb9ba8dc9
2025-07-11T06:21:27.184Z [info]: GET /api/reviews/book/686fa492dca21dadb9ba8dca
2025-07-11T06:21:27.189Z [info]: GET /api/reviews/book/686fa492dca21dadb9ba8dcb
2025-07-11T06:21:27.192Z [info]: GET /api/reviews/book/686fa492dca21dadb9ba8dcc
2025-07-11T06:21:27.204Z [info]: GET /api/reviews/book/686fa492dca21dadb9ba8dcd
2025-07-11T06:21:27.206Z [info]: GET /api/reviews/book/686fa492dca21dadb9ba8dce
2025-07-11T06:21:27.209Z [info]: GET /api/reviews/book/686fa492dca21dadb9ba8dcf
2025-07-11T06:21:27.212Z [info]: GET /api/reviews/book/686fa492dca21dadb9ba8dd0
2025-07-11T06:21:27.217Z [info]: GET /api/reviews/book/686fa492dca21dadb9ba8dd1
2025-07-11T06:21:27.219Z [info]: GET /api/reviews/book/686fa492dca21dadb9ba8dd2
2025-07-11T06:21:27.223Z [info]: GET /api/reviews/book/686fa492dca21dadb9ba8dd3
2025-07-11T06:21:27.227Z [info]: GET /api/reviews/book/686fa492dca21dadb9ba8dd4
2025-07-11T06:21:27.230Z [info]: GET /api/reviews/book/686fa492dca21dadb9ba8dd5
2025-07-11T06:21:27.233Z [info]: GET /api/reviews/book/686fa492dca21dadb9ba8dd6
2025-07-11T06:21:27.236Z [info]: GET /api/reviews/book/686fa492dca21dadb9ba8dd7
2025-07-11T06:21:27.241Z [info]: GET /api/reviews/book/686fa492dca21dadb9ba8dd8
2025-07-11T06:21:27.247Z [info]: GET /api/reviews/book/686fa492dca21dadb9ba8dd9
2025-07-11T06:21:27.250Z [info]: GET /api/reviews/book/686fa492dca21dadb9ba8dda
2025-07-11T06:21:27.253Z [info]: GET /api/reviews/book/686fa492dca21dadb9ba8ddb
2025-07-11T06:21:27.255Z [info]: GET /api/reviews/book/686fa492dca21dadb9ba8ddc
2025-07-11T06:21:27.257Z [info]: GET /api/reviews/book/686fa492dca21dadb9ba8ddd
2025-07-11T06:21:27.261Z [info]: GET /api/reviews/book/686fa492dca21dadb9ba8dde
2025-07-11T06:21:27.267Z [info]: GET /api/reviews/book/686fa492dca21dadb9ba8ddf
2025-07-11T06:21:27.271Z [info]: GET /api/reviews/book/686fa492dca21dadb9ba8de0
2025-07-11T06:21:27.275Z [info]: GET /api/reviews/book/686fa492dca21dadb9ba8db5
2025-07-11T06:21:27.279Z [info]: GET /api/reviews/book/686fa492dca21dadb9ba8db4
2025-07-11T06:21:27.284Z [info]: GET /api/reviews/book/686fa492dca21dadb9ba8de3
2025-07-11T06:21:27.289Z [info]: GET /api/reviews/book/686fa492dca21dadb9ba8de4
2025-07-11T06:21:27.295Z [info]: GET /api/reviews/book/686fa492dca21dadb9ba8de5
2025-07-11T06:21:27.299Z [info]: GET /api/reviews/book/686fa492dca21dadb9ba8de6
2025-07-11T06:21:27.302Z [info]: GET /api/reviews/book/686fa492dca21dadb9ba8de7
2025-07-11T06:21:27.304Z [info]: GET /api/reviews/book/686fa492dca21dadb9ba8de8
2025-07-11T06:21:27.307Z [info]: GET /api/reviews/book/686fa492dca21dadb9ba8de9
2025-07-11T06:21:27.311Z [info]: GET /api/reviews/book/686fa492dca21dadb9ba8dea
2025-07-11T06:21:27.317Z [info]: GET /api/reviews/book/686fa492dca21dadb9ba8deb
2025-07-11T06:21:27.319Z [info]: GET /api/reviews/book/686fa492dca21dadb9ba8dec
2025-07-11T06:21:27.323Z [info]: GET /api/reviews/book/686fa492dca21dadb9ba8ded
2025-07-11T06:21:27.325Z [info]: GET /api/reviews/book/686fa492dca21dadb9ba8dee
2025-07-11T06:21:27.327Z [info]: GET /api/reviews/book/686fa492dca21dadb9ba8def
2025-07-11T06:21:27.331Z [info]: GET /api/reviews/book/686fa492dca21dadb9ba8df0
2025-07-11T06:21:27.336Z [info]: GET /api/reviews/book/686fa492dca21dadb9ba8df1
2025-07-11T06:21:27.339Z [info]: GET /api/reviews/book/686fa492dca21dadb9ba8df2
2025-07-11T06:21:27.343Z [info]: GET /api/reviews/book/686fa492dca21dadb9ba8df3
2025-07-11T06:21:27.345Z [info]: GET /api/reviews/book/686fa492dca21dadb9ba8df4
2025-07-11T06:21:27.349Z [info]: GET /api/reviews/book/686fa492dca21dadb9ba8df5
2025-07-11T06:21:27.372Z [info]: GET /api/reviews/book/686fa492dca21dadb9ba8df6
2025-07-11T06:21:27.385Z [info]: GET /api/reviews/book/686fa492dca21dadb9ba8df7
2025-07-11T06:21:27.388Z [info]: GET /api/reviews/book/686fa492dca21dadb9ba8df8
2025-07-11T06:21:27.391Z [info]: GET /api/reviews/book/686fa492dca21dadb9ba8df9
2025-07-11T06:21:27.393Z [info]: GET /api/reviews/book/686fa492dca21dadb9ba8dfa
2025-07-11T06:21:27.395Z [info]: GET /api/reviews/book/686fa492dca21dadb9ba8dfb
2025-07-11T06:21:27.400Z [info]: GET /api/reviews/book/686fa492dca21dadb9ba8dfc
2025-07-11T06:21:27.405Z [info]: GET /api/reviews/book/686fa492dca21dadb9ba8dfd
2025-07-11T06:21:27.407Z [info]: GET /api/reviews/book/686fa492dca21dadb9ba8dfe
2025-07-11T06:21:27.410Z [info]: GET /api/reviews/book/686fa492dca21dadb9ba8dff
2025-07-11T06:21:27.413Z [info]: GET /api/reviews/book/686fa492dca21dadb9ba8e00
2025-07-11T06:21:27.415Z [info]: GET /api/reviews/book/686fa492dca21dadb9ba8e01
2025-07-11T06:21:27.420Z [info]: GET /api/reviews/book/686fa492dca21dadb9ba8e02
2025-07-11T06:21:27.438Z [info]: GET /api/reviews/book/686fa492dca21dadb9ba8e03
2025-07-11T06:21:27.441Z [info]: GET /api/reviews/book/686fa492dca21dadb9ba8e04
2025-07-11T06:21:27.446Z [info]: GET /api/reviews/book/686fa492dca21dadb9ba8e05
2025-07-11T06:21:27.448Z [info]: GET /api/reviews/book/686fa492dca21dadb9ba8e06
2025-07-11T06:21:27.450Z [info]: GET /api/reviews/book/686fa492dca21dadb9ba8e07
2025-07-11T06:21:27.456Z [info]: GET /api/reviews/book/686fa492dca21dadb9ba8e08
2025-07-11T06:21:27.460Z [info]: GET /api/reviews/book/686fa492dca21dadb9ba8e09
2025-07-11T06:21:27.463Z [info]: GET /api/reviews/book/686fa492dca21dadb9ba8e0a
2025-07-11T06:21:27.465Z [info]: GET /api/reviews/book/686fa492dca21dadb9ba8e0b
2025-07-11T06:21:27.468Z [info]: GET /api/reviews/book/686fa492dca21dadb9ba8e0c
2025-07-11T06:21:27.471Z [info]: GET /api/reviews/book/686fa492dca21dadb9ba8de1
2025-07-11T06:21:27.475Z [info]: GET /api/reviews/book/686fa492dca21dadb9ba8de2
2025-07-11T06:24:18.978Z [info]: GET /api/reviews/book/686fa492dca21dadb9ba8da9
2025-07-11T06:24:18.983Z [info]: GET /api/reviews/book/686fa492dca21dadb9ba8daa
2025-07-11T06:24:18.988Z [info]: GET /api/reviews/book/686fa492dca21dadb9ba8dab
2025-07-11T06:24:19.000Z [info]: GET /api/reviews/book/686fa492dca21dadb9ba8daf
2025-07-11T06:24:19.004Z [info]: GET /api/reviews/book/686fa492dca21dadb9ba8db0
2025-07-11T06:24:19.010Z [info]: GET /api/reviews/book/686fa492dca21dadb9ba8db3
2025-07-11T06:24:19.015Z [info]: GET /api/reviews/book/686fa492dca21dadb9ba8dac
2025-07-11T06:24:19.020Z [info]: GET /api/reviews/book/686fa492dca21dadb9ba8db2
2025-07-11T06:24:19.027Z [info]: GET /api/reviews/book/686fa492dca21dadb9ba8db6
2025-07-11T06:24:19.035Z [info]: GET /api/reviews/book/686fa492dca21dadb9ba8db7
2025-07-11T06:24:19.042Z [info]: GET /api/reviews/book/686fa492dca21dadb9ba8db8
2025-07-11T06:24:19.048Z [info]: GET /api/reviews/book/686fa492dca21dadb9ba8db9
2025-07-11T06:24:19.052Z [info]: GET /api/reviews/book/686fa492dca21dadb9ba8dba
2025-07-11T06:24:19.057Z [info]: GET /api/reviews/book/686fa492dca21dadb9ba8dad
2025-07-11T06:24:19.064Z [info]: GET /api/reviews/book/686fa492dca21dadb9ba8dbb
2025-07-11T06:24:19.173Z [info]: GET /api/reviews/book/686fa492dca21dadb9ba8dbc
2025-07-11T06:24:19.179Z [info]: GET /api/reviews/book/686fa492dca21dadb9ba8dae
2025-07-11T06:24:19.185Z [info]: GET /api/reviews/book/686fa492dca21dadb9ba8db1
2025-07-11T06:24:19.188Z [info]: GET /api/reviews/book/686fa492dca21dadb9ba8dbd
2025-07-11T06:24:19.193Z [info]: GET /api/reviews/book/686fa492dca21dadb9ba8dbe
2025-07-11T06:24:19.199Z [info]: GET /api/reviews/book/686fa492dca21dadb9ba8dbf
2025-07-11T06:24:19.210Z [info]: GET /api/reviews/book/686fa492dca21dadb9ba8dc0
2025-07-11T06:24:19.240Z [info]: GET /api/reviews/book/686fa492dca21dadb9ba8dc1
2025-07-11T06:24:19.246Z [info]: GET /api/reviews/book/686fa492dca21dadb9ba8dc2
2025-07-11T06:24:19.250Z [info]: GET /api/reviews/book/686fa492dca21dadb9ba8dc3
2025-07-11T06:24:19.258Z [info]: GET /api/reviews/book/686fa492dca21dadb9ba8dc4
2025-07-11T06:24:19.263Z [info]: GET /api/reviews/book/686fa492dca21dadb9ba8da9
2025-07-11T06:24:19.267Z [info]: GET /api/reviews/book/686fa492dca21dadb9ba8daa
2025-07-11T06:24:19.271Z [info]: GET /api/reviews/book/686fa492dca21dadb9ba8dab
2025-07-11T06:24:19.280Z [info]: GET /api/reviews/book/686fa492dca21dadb9ba8daf
2025-07-11T06:24:19.319Z [info]: GET /api/reviews/book/686fa492dca21dadb9ba8db0
2025-07-11T06:24:19.323Z [info]: GET /api/reviews/book/686fa492dca21dadb9ba8db2
2025-07-11T06:24:19.328Z [info]: GET /api/reviews/book/686fa492dca21dadb9ba8dc5
2025-07-11T06:24:19.332Z [info]: GET /api/reviews/book/686fa492dca21dadb9ba8dc6
2025-07-11T06:24:19.335Z [info]: GET /api/reviews/book/686fa492dca21dadb9ba8dc7
2025-07-11T06:24:19.337Z [info]: GET /api/reviews/book/686fa492dca21dadb9ba8dc8
2025-07-11T06:24:19.340Z [info]: GET /api/reviews/book/686fa492dca21dadb9ba8dc9
2025-07-11T06:24:19.343Z [info]: GET /api/reviews/book/686fa492dca21dadb9ba8dca
2025-07-11T06:24:19.345Z [info]: GET /api/reviews/book/686fa492dca21dadb9ba8db3
2025-07-11T06:24:19.347Z [info]: GET /api/reviews/book/686fa492dca21dadb9ba8dac
2025-07-11T06:24:19.381Z [info]: GET /api/reviews/book/686fa492dca21dadb9ba8db6
2025-07-11T06:24:19.386Z [info]: GET /api/reviews/book/686fa492dca21dadb9ba8dcb
2025-07-11T06:24:19.388Z [info]: GET /api/reviews/book/686fa492dca21dadb9ba8dcc
2025-07-11T06:24:19.392Z [info]: GET /api/reviews/book/686fa492dca21dadb9ba8db7
2025-07-11T06:24:19.396Z [info]: GET /api/reviews/book/686fa492dca21dadb9ba8db8
2025-07-11T06:24:19.399Z [info]: GET /api/reviews/book/686fa492dca21dadb9ba8db9
2025-07-11T06:24:19.409Z [info]: GET /api/reviews/book/686fa492dca21dadb9ba8dcd
2025-07-11T06:24:19.411Z [info]: GET /api/reviews/book/686fa492dca21dadb9ba8dce
2025-07-11T06:24:19.414Z [info]: GET /api/reviews/book/686fa492dca21dadb9ba8dcf
2025-07-11T06:24:19.416Z [info]: GET /api/reviews/book/686fa492dca21dadb9ba8dd0
2025-07-11T06:24:19.443Z [info]: GET /api/reviews/book/686fa492dca21dadb9ba8dba
2025-07-11T06:24:19.448Z [info]: GET /api/reviews/book/686fa492dca21dadb9ba8dd1
2025-07-11T06:24:19.457Z [info]: GET /api/reviews/book/686fa492dca21dadb9ba8dd2
2025-07-11T06:24:19.463Z [info]: GET /api/reviews/book/686fa492dca21dadb9ba8dd3
2025-07-11T06:24:19.468Z [info]: GET /api/reviews/book/686fa492dca21dadb9ba8dd4
2025-07-11T06:24:19.474Z [info]: GET /api/reviews/book/686fa492dca21dadb9ba8dd5
2025-07-11T06:24:19.479Z [info]: GET /api/reviews/book/686fa492dca21dadb9ba8dd6
2025-07-11T06:24:19.483Z [info]: GET /api/reviews/book/686fa492dca21dadb9ba8dad
2025-07-11T06:24:19.489Z [info]: GET /api/reviews/book/686fa492dca21dadb9ba8dbb
2025-07-11T06:24:19.496Z [info]: GET /api/reviews/book/686fa492dca21dadb9ba8dbc
2025-07-11T06:24:19.521Z [info]: GET /api/reviews/book/686fa492dca21dadb9ba8dae
2025-07-11T06:24:19.525Z [info]: GET /api/reviews/book/686fa492dca21dadb9ba8db1
2025-07-11T06:24:19.528Z [info]: GET /api/reviews/book/686fa492dca21dadb9ba8dbd
2025-07-11T06:24:19.532Z [info]: GET /api/reviews/book/686fa492dca21dadb9ba8dd7
2025-07-11T06:24:19.534Z [info]: GET /api/reviews/book/686fa492dca21dadb9ba8dd8
2025-07-11T06:24:19.537Z [info]: GET /api/reviews/book/686fa492dca21dadb9ba8dd9
2025-07-11T06:24:19.540Z [info]: GET /api/reviews/book/686fa492dca21dadb9ba8dbe
2025-07-11T06:24:19.542Z [info]: GET /api/reviews/book/686fa492dca21dadb9ba8dbf
2025-07-11T06:24:19.548Z [info]: GET /api/reviews/book/686fa492dca21dadb9ba8dda
2025-07-11T06:24:19.550Z [info]: GET /api/reviews/book/686fa492dca21dadb9ba8ddb
2025-07-11T06:24:19.582Z [info]: GET /api/reviews/book/686fa492dca21dadb9ba8dc0
2025-07-11T06:24:19.585Z [info]: GET /api/reviews/book/686fa492dca21dadb9ba8dc1
2025-07-11T06:24:19.588Z [info]: GET /api/reviews/book/686fa492dca21dadb9ba8dc2
2025-07-11T06:24:19.591Z [info]: GET /api/reviews/book/686fa492dca21dadb9ba8ddc
2025-07-11T06:24:19.593Z [info]: GET /api/reviews/book/686fa492dca21dadb9ba8ddd
2025-07-11T06:24:19.596Z [info]: GET /api/reviews/book/686fa492dca21dadb9ba8dde
2025-07-11T06:24:19.598Z [info]: GET /api/reviews/book/686fa492dca21dadb9ba8ddf
2025-07-11T06:24:19.601Z [info]: GET /api/reviews/book/686fa492dca21dadb9ba8de0
2025-07-11T06:24:19.603Z [info]: GET /api/reviews/book/686fa492dca21dadb9ba8dc3
2025-07-11T06:24:19.606Z [info]: GET /api/reviews/book/686fa492dca21dadb9ba8dc4
2025-07-11T06:24:19.635Z [info]: GET /api/reviews/book/686fa492dca21dadb9ba8dc5
2025-07-11T06:24:19.639Z [info]: GET /api/reviews/book/686fa492dca21dadb9ba8dc6
2025-07-11T06:24:19.651Z [info]: GET /api/reviews/book/686fa492dca21dadb9ba8dc7
2025-07-11T06:24:19.653Z [info]: GET /api/reviews/book/686fa492dca21dadb9ba8db5
2025-07-11T06:24:19.656Z [info]: GET /api/reviews/book/686fa492dca21dadb9ba8db4
2025-07-11T06:24:19.659Z [info]: GET /api/reviews/book/686fa492dca21dadb9ba8de3
2025-07-11T06:24:19.662Z [info]: GET /api/reviews/book/686fa492dca21dadb9ba8de4
2025-07-11T06:24:19.669Z [info]: GET /api/reviews/book/686fa492dca21dadb9ba8de5
2025-07-11T06:24:19.675Z [info]: GET /api/reviews/book/686fa492dca21dadb9ba8de6
2025-07-11T06:24:19.678Z [info]: GET /api/reviews/book/686fa492dca21dadb9ba8dc8
2025-07-11T06:24:19.704Z [info]: GET /api/reviews/book/686fa492dca21dadb9ba8dc9
2025-07-11T06:24:19.709Z [info]: GET /api/reviews/book/686fa492dca21dadb9ba8dca
2025-07-11T06:24:19.716Z [info]: GET /api/reviews/book/686fa492dca21dadb9ba8dcb
2025-07-11T06:24:19.718Z [info]: GET /api/reviews/book/686fa492dca21dadb9ba8de7
2025-07-11T06:24:19.722Z [info]: GET /api/reviews/book/686fa492dca21dadb9ba8de8
2025-07-11T06:24:19.725Z [info]: GET /api/reviews/book/686fa492dca21dadb9ba8de9
2025-07-11T06:24:19.729Z [info]: GET /api/reviews/book/686fa492dca21dadb9ba8dea
2025-07-11T06:24:19.733Z [info]: GET /api/reviews/book/686fa492dca21dadb9ba8deb
2025-07-11T06:24:19.736Z [info]: GET /api/reviews/book/686fa492dca21dadb9ba8dec
2025-07-11T06:24:19.739Z [info]: GET /api/reviews/book/686fa492dca21dadb9ba8dcc
2025-07-11T06:24:19.763Z [info]: GET /api/reviews/book/686fa492dca21dadb9ba8dcd
2025-07-11T06:24:19.766Z [info]: GET /api/reviews/book/686fa492dca21dadb9ba8dce
2025-07-11T06:24:19.772Z [info]: GET /api/reviews/book/686fa492dca21dadb9ba8dcf
2025-07-11T06:24:19.774Z [info]: GET /api/reviews/book/686fa492dca21dadb9ba8ded
2025-07-11T06:24:19.776Z [info]: GET /api/reviews/book/686fa492dca21dadb9ba8dee
2025-07-11T06:24:19.778Z [info]: GET /api/reviews/book/686fa492dca21dadb9ba8def
2025-07-11T06:24:19.780Z [info]: GET /api/reviews/book/686fa492dca21dadb9ba8df0
2025-07-11T06:24:19.782Z [info]: GET /api/reviews/book/686fa492dca21dadb9ba8dd0
2025-07-11T06:24:19.784Z [info]: GET /api/reviews/book/686fa492dca21dadb9ba8df1
2025-07-11T06:24:19.790Z [info]: GET /api/reviews/book/686fa492dca21dadb9ba8dd1
2025-07-11T06:24:19.792Z [info]: GET /api/reviews/book/686fa492dca21dadb9ba8df2
2025-07-11T06:24:19.794Z [info]: GET /api/reviews/book/686fa492dca21dadb9ba8dd2
2025-07-11T06:24:19.820Z [info]: GET /api/reviews/book/686fa492dca21dadb9ba8dd3
2025-07-11T06:24:19.822Z [info]: GET /api/reviews/book/686fa492dca21dadb9ba8dd4
2025-07-11T06:24:19.825Z [info]: GET /api/reviews/book/686fa492dca21dadb9ba8dd5
2025-07-11T06:24:19.827Z [info]: GET /api/reviews/book/686fa492dca21dadb9ba8df3
2025-07-11T06:24:19.829Z [info]: GET /api/reviews/book/686fa492dca21dadb9ba8df4
2025-07-11T06:24:19.831Z [info]: GET /api/reviews/book/686fa492dca21dadb9ba8df5
2025-07-11T06:24:19.833Z [info]: GET /api/reviews/book/686fa492dca21dadb9ba8df6
2025-07-11T06:24:19.835Z [info]: GET /api/reviews/book/686fa492dca21dadb9ba8dd6
2025-07-11T06:24:19.837Z [info]: GET /api/reviews/book/686fa492dca21dadb9ba8df7
2025-07-11T06:24:19.840Z [info]: GET /api/reviews/book/686fa492dca21dadb9ba8dd7
2025-07-11T06:24:19.844Z [info]: GET /api/reviews/book/686fa492dca21dadb9ba8df8
2025-07-11T06:24:19.847Z [info]: GET /api/reviews/book/686fa492dca21dadb9ba8dd8
2025-07-11T06:24:19.877Z [info]: GET /api/reviews/book/686fa492dca21dadb9ba8dd9
2025-07-11T06:24:19.881Z [info]: GET /api/reviews/book/686fa492dca21dadb9ba8dda
2025-07-11T06:24:19.884Z [info]: GET /api/reviews/book/686fa492dca21dadb9ba8ddb
2025-07-11T06:24:19.887Z [info]: GET /api/reviews/book/686fa492dca21dadb9ba8df9
2025-07-11T06:24:19.891Z [info]: GET /api/reviews/book/686fa492dca21dadb9ba8dfa
2025-07-11T06:24:19.894Z [info]: GET /api/reviews/book/686fa492dca21dadb9ba8dfb
2025-07-11T06:24:19.897Z [info]: GET /api/reviews/book/686fa492dca21dadb9ba8dfc
2025-07-11T06:24:19.900Z [info]: GET /api/reviews/book/686fa492dca21dadb9ba8ddc
2025-07-11T06:24:19.903Z [info]: GET /api/reviews/book/686fa492dca21dadb9ba8dfd
2025-07-11T06:24:19.907Z [info]: GET /api/reviews/book/686fa492dca21dadb9ba8ddd
2025-07-11T06:24:19.910Z [info]: GET /api/reviews/book/686fa492dca21dadb9ba8dfe
2025-07-11T06:24:19.913Z [info]: GET /api/reviews/book/686fa492dca21dadb9ba8dde
2025-07-11T06:24:19.947Z [info]: GET /api/reviews/book/686fa492dca21dadb9ba8ddf
2025-07-11T06:24:19.950Z [info]: GET /api/reviews/book/686fa492dca21dadb9ba8de0
2025-07-11T06:24:19.952Z [info]: GET /api/reviews/book/686fa492dca21dadb9ba8db5
2025-07-11T06:24:19.955Z [info]: GET /api/reviews/book/686fa492dca21dadb9ba8dff
2025-07-11T06:24:19.958Z [info]: GET /api/reviews/book/686fa492dca21dadb9ba8e00
2025-07-11T06:24:19.961Z [info]: GET /api/reviews/book/686fa492dca21dadb9ba8e01
2025-07-11T06:24:19.964Z [info]: GET /api/reviews/book/686fa492dca21dadb9ba8db4
2025-07-11T06:24:19.967Z [info]: GET /api/reviews/book/686fa492dca21dadb9ba8e02
2025-07-11T06:24:19.970Z [info]: GET /api/reviews/book/686fa492dca21dadb9ba8de3
2025-07-11T06:24:19.973Z [info]: GET /api/reviews/book/686fa492dca21dadb9ba8e03
2025-07-11T06:24:19.976Z [info]: GET /api/reviews/book/686fa492dca21dadb9ba8de4
2025-07-11T06:24:19.980Z [info]: GET /api/reviews/book/686fa492dca21dadb9ba8e04
2025-07-11T06:24:20.011Z [info]: GET /api/reviews/book/686fa492dca21dadb9ba8de5
2025-07-11T06:24:20.014Z [info]: GET /api/reviews/book/686fa492dca21dadb9ba8de6
2025-07-11T06:24:20.017Z [info]: GET /api/reviews/book/686fa492dca21dadb9ba8de7
2025-07-11T06:24:20.021Z [info]: GET /api/reviews/book/686fa492dca21dadb9ba8e05
2025-07-11T06:24:20.026Z [info]: GET /api/reviews/book/686fa492dca21dadb9ba8e06
2025-07-11T06:24:20.028Z [info]: GET /api/reviews/book/686fa492dca21dadb9ba8e07
2025-07-11T06:24:20.031Z [info]: GET /api/reviews/book/686fa492dca21dadb9ba8de8
2025-07-11T06:24:20.033Z [info]: GET /api/reviews/book/686fa492dca21dadb9ba8e08
2025-07-11T06:24:20.037Z [info]: GET /api/reviews/book/686fa492dca21dadb9ba8de9
2025-07-11T06:24:20.041Z [info]: GET /api/reviews/book/686fa492dca21dadb9ba8e09
2025-07-11T06:24:20.045Z [info]: GET /api/reviews/book/686fa492dca21dadb9ba8dea
2025-07-11T06:24:20.048Z [info]: GET /api/reviews/book/686fa492dca21dadb9ba8e0a
2025-07-11T06:24:20.077Z [info]: GET /api/reviews/book/686fa492dca21dadb9ba8deb
2025-07-11T06:24:20.080Z [info]: GET /api/reviews/book/686fa492dca21dadb9ba8dec
2025-07-11T06:24:20.084Z [info]: GET /api/reviews/book/686fa492dca21dadb9ba8ded
2025-07-11T06:24:20.087Z [info]: GET /api/reviews/book/686fa492dca21dadb9ba8e0b
2025-07-11T06:24:20.090Z [info]: GET /api/reviews/book/686fa492dca21dadb9ba8e0c
2025-07-11T06:24:20.094Z [info]: GET /api/reviews/book/686fa492dca21dadb9ba8de1
2025-07-11T06:24:20.097Z [info]: GET /api/reviews/book/686fa492dca21dadb9ba8dee
2025-07-11T06:24:20.099Z [info]: GET /api/reviews/book/686fa492dca21dadb9ba8de2
2025-07-11T06:24:20.102Z [info]: GET /api/reviews/book/686fa492dca21dadb9ba8def
2025-07-11T06:24:20.105Z [info]: GET /api/reviews/book/686fa492dca21dadb9ba8df0
2025-07-11T06:24:20.133Z [info]: GET /api/reviews/book/686fa492dca21dadb9ba8df1
2025-07-11T06:24:20.137Z [info]: GET /api/reviews/book/686fa492dca21dadb9ba8df2
2025-07-11T06:24:20.140Z [info]: GET /api/reviews/book/686fa492dca21dadb9ba8df3
2025-07-11T06:24:20.144Z [info]: GET /api/reviews/book/686fa492dca21dadb9ba8df4
2025-07-11T06:24:20.149Z [info]: GET /api/reviews/book/686fa492dca21dadb9ba8df5
2025-07-11T06:24:20.152Z [info]: GET /api/reviews/book/686fa492dca21dadb9ba8df6
2025-07-11T06:24:20.167Z [info]: GET /api/reviews/book/686fa492dca21dadb9ba8df7
2025-07-11T06:24:20.173Z [info]: GET /api/reviews/book/686fa492dca21dadb9ba8df8
2025-07-11T06:24:20.176Z [info]: GET /api/reviews/book/686fa492dca21dadb9ba8df9
2025-07-11T06:24:20.179Z [info]: GET /api/reviews/book/686fa492dca21dadb9ba8dfa
2025-07-11T06:24:20.184Z [info]: GET /api/reviews/book/686fa492dca21dadb9ba8dfb
2025-07-11T06:24:20.186Z [info]: GET /api/reviews/book/686fa492dca21dadb9ba8dfc
2025-07-11T06:24:20.204Z [info]: GET /api/reviews/book/686fa492dca21dadb9ba8dfd
2025-07-11T06:24:20.207Z [info]: GET /api/reviews/book/686fa492dca21dadb9ba8dfe
2025-07-11T06:24:20.211Z [info]: GET /api/reviews/book/686fa492dca21dadb9ba8dff
2025-07-11T06:24:20.213Z [info]: GET /api/reviews/book/686fa492dca21dadb9ba8e00
2025-07-11T06:24:20.215Z [info]: GET /api/reviews/book/686fa492dca21dadb9ba8e01
2025-07-11T06:24:20.218Z [info]: GET /api/reviews/book/686fa492dca21dadb9ba8e02
2025-07-11T06:24:20.238Z [info]: GET /api/reviews/book/686fa492dca21dadb9ba8e03
2025-07-11T06:24:20.241Z [info]: GET /api/reviews/book/686fa492dca21dadb9ba8e04
2025-07-11T06:24:20.244Z [info]: GET /api/reviews/book/686fa492dca21dadb9ba8e05
2025-07-11T06:24:20.246Z [info]: GET /api/reviews/book/686fa492dca21dadb9ba8e06
2025-07-11T06:24:20.249Z [info]: GET /api/reviews/book/686fa492dca21dadb9ba8e07
2025-07-11T06:24:20.252Z [info]: GET /api/reviews/book/686fa492dca21dadb9ba8e08
2025-07-11T06:24:20.265Z [info]: GET /api/reviews/book/686fa492dca21dadb9ba8e09
2025-07-11T06:24:20.273Z [info]: GET /api/reviews/book/686fa492dca21dadb9ba8e0a
2025-07-11T06:24:20.275Z [info]: GET /api/reviews/book/686fa492dca21dadb9ba8e0b
2025-07-11T06:24:20.280Z [info]: GET /api/reviews/book/686fa492dca21dadb9ba8e0c
2025-07-11T06:24:20.283Z [info]: GET /api/reviews/book/686fa492dca21dadb9ba8de1
2025-07-11T06:24:20.286Z [info]: GET /api/reviews/book/686fa492dca21dadb9ba8de2
2025-07-11T06:24:28.510Z [info]: GET /api/reviews/book/686fa492dca21dadb9ba8da9
2025-07-11T06:24:28.513Z [info]: GET /api/reviews/book/686fa492dca21dadb9ba8daa
2025-07-11T06:24:28.519Z [info]: GET /api/reviews/book/686fa492dca21dadb9ba8dab
2025-07-11T06:24:28.526Z [info]: GET /api/reviews/book/686fa492dca21dadb9ba8daf
2025-07-11T06:24:28.529Z [info]: GET /api/reviews/book/686fa492dca21dadb9ba8db0
2025-07-11T06:24:28.533Z [info]: GET /api/reviews/book/686fa492dca21dadb9ba8db2
2025-07-11T06:24:28.542Z [info]: GET /api/reviews/book/686fa492dca21dadb9ba8db3
2025-07-11T06:24:28.546Z [info]: GET /api/reviews/book/686fa492dca21dadb9ba8dac
2025-07-11T06:24:28.552Z [info]: GET /api/reviews/book/686fa492dca21dadb9ba8db6
2025-07-11T06:24:28.555Z [info]: GET /api/reviews/book/686fa492dca21dadb9ba8db7
2025-07-11T06:24:28.562Z [info]: GET /api/reviews/book/686fa492dca21dadb9ba8db8
2025-07-11T06:24:28.566Z [info]: GET /api/reviews/book/686fa492dca21dadb9ba8db9
2025-07-11T06:24:28.571Z [info]: GET /api/reviews/book/686fa492dca21dadb9ba8dba
2025-07-11T06:24:28.575Z [info]: GET /api/reviews/book/686fa492dca21dadb9ba8dad
2025-07-11T06:24:28.580Z [info]: GET /api/reviews/book/686fa492dca21dadb9ba8dbb
2025-07-11T06:24:28.584Z [info]: GET /api/reviews/book/686fa492dca21dadb9ba8dbc
2025-07-11T06:24:28.587Z [info]: GET /api/reviews/book/686fa492dca21dadb9ba8dae
2025-07-11T06:24:28.590Z [info]: GET /api/reviews/book/686fa492dca21dadb9ba8db1
2025-07-11T06:24:28.594Z [info]: GET /api/reviews/book/686fa492dca21dadb9ba8dbd
2025-07-11T06:24:28.598Z [info]: GET /api/reviews/book/686fa492dca21dadb9ba8dbe
2025-07-11T06:24:28.602Z [info]: GET /api/reviews/book/686fa492dca21dadb9ba8dbf
2025-07-11T06:24:28.605Z [info]: GET /api/reviews/book/686fa492dca21dadb9ba8dc0
2025-07-11T06:24:28.607Z [info]: GET /api/reviews/book/686fa492dca21dadb9ba8dc1
2025-07-11T06:24:28.609Z [info]: GET /api/reviews/book/686fa492dca21dadb9ba8dc2
2025-07-11T06:24:28.610Z [info]: GET /api/reviews/book/686fa492dca21dadb9ba8dc3
2025-07-11T06:24:28.612Z [info]: GET /api/reviews/book/686fa492dca21dadb9ba8dc4
2025-07-11T06:24:28.621Z [info]: GET /api/reviews/book/686fa492dca21dadb9ba8dc5
2025-07-11T06:24:28.635Z [info]: GET /api/reviews/book/686fa492dca21dadb9ba8dc6
2025-07-11T06:24:28.638Z [info]: GET /api/reviews/book/686fa492dca21dadb9ba8da9
2025-07-11T06:24:28.640Z [info]: GET /api/reviews/book/686fa492dca21dadb9ba8daa
2025-07-11T06:24:28.644Z [info]: GET /api/reviews/book/686fa492dca21dadb9ba8dab
2025-07-11T06:24:28.648Z [info]: GET /api/reviews/book/686fa492dca21dadb9ba8daf
2025-07-11T06:24:28.651Z [info]: GET /api/reviews/book/686fa492dca21dadb9ba8db0
2025-07-11T06:24:28.654Z [info]: GET /api/reviews/book/686fa492dca21dadb9ba8db2
2025-07-11T06:24:28.658Z [info]: GET /api/reviews/book/686fa492dca21dadb9ba8dc7
2025-07-11T06:24:28.663Z [info]: GET /api/reviews/book/686fa492dca21dadb9ba8dc8
2025-07-11T06:24:28.666Z [info]: GET /api/reviews/book/686fa492dca21dadb9ba8dc9
2025-07-11T06:24:28.668Z [info]: GET /api/reviews/book/686fa492dca21dadb9ba8db3
2025-07-11T06:24:28.671Z [info]: GET /api/reviews/book/686fa492dca21dadb9ba8dac
2025-07-11T06:24:28.673Z [info]: GET /api/reviews/book/686fa492dca21dadb9ba8dca
2025-07-11T06:24:28.676Z [info]: GET /api/reviews/book/686fa492dca21dadb9ba8db6
2025-07-11T06:24:28.679Z [info]: GET /api/reviews/book/686fa492dca21dadb9ba8dcb
2025-07-11T06:24:28.682Z [info]: GET /api/reviews/book/686fa492dca21dadb9ba8db7
2025-07-11T06:24:28.684Z [info]: GET /api/reviews/book/686fa492dca21dadb9ba8db8
2025-07-11T06:24:28.686Z [info]: GET /api/reviews/book/686fa492dca21dadb9ba8db9
2025-07-11T06:24:28.690Z [info]: GET /api/reviews/book/686fa492dca21dadb9ba8dcc
2025-07-11T06:24:28.697Z [info]: GET /api/reviews/book/686fa492dca21dadb9ba8dcd
2025-07-11T06:24:28.701Z [info]: GET /api/reviews/book/686fa492dca21dadb9ba8dce
2025-07-11T06:24:28.708Z [info]: GET /api/reviews/book/686fa492dca21dadb9ba8dcf
2025-07-11T06:24:28.711Z [info]: GET /api/reviews/book/686fa492dca21dadb9ba8dba
2025-07-11T06:24:28.715Z [info]: GET /api/reviews/book/686fa492dca21dadb9ba8dad
2025-07-11T06:24:28.718Z [info]: GET /api/reviews/book/686fa492dca21dadb9ba8dd0
2025-07-11T06:24:28.721Z [info]: GET /api/reviews/book/686fa492dca21dadb9ba8dbb
2025-07-11T06:24:28.724Z [info]: GET /api/reviews/book/686fa492dca21dadb9ba8dd1
2025-07-11T06:24:28.727Z [info]: GET /api/reviews/book/686fa492dca21dadb9ba8dbc
2025-07-11T06:24:28.729Z [info]: GET /api/reviews/book/686fa492dca21dadb9ba8dae
2025-07-11T06:24:28.731Z [info]: GET /api/reviews/book/686fa492dca21dadb9ba8db1
2025-07-11T06:24:28.736Z [info]: GET /api/reviews/book/686fa492dca21dadb9ba8dd2
2025-07-11T06:24:28.744Z [info]: GET /api/reviews/book/686fa492dca21dadb9ba8dd3
2025-07-11T06:24:28.750Z [info]: GET /api/reviews/book/686fa492dca21dadb9ba8dd4
2025-07-11T06:24:28.754Z [info]: GET /api/reviews/book/686fa492dca21dadb9ba8dd5
2025-07-11T06:24:28.756Z [info]: GET /api/reviews/book/686fa492dca21dadb9ba8dbd
2025-07-11T06:24:28.758Z [info]: GET /api/reviews/book/686fa492dca21dadb9ba8dbe
2025-07-11T06:24:28.760Z [info]: GET /api/reviews/book/686fa492dca21dadb9ba8dd6
2025-07-11T06:24:28.762Z [info]: GET /api/reviews/book/686fa492dca21dadb9ba8dbf
2025-07-11T06:24:28.767Z [info]: GET /api/reviews/book/686fa492dca21dadb9ba8dd7
2025-07-11T06:24:28.770Z [info]: GET /api/reviews/book/686fa492dca21dadb9ba8dc0
2025-07-11T06:24:28.772Z [info]: GET /api/reviews/book/686fa492dca21dadb9ba8dc1
2025-07-11T06:24:28.775Z [info]: GET /api/reviews/book/686fa492dca21dadb9ba8dc2
2025-07-11T06:24:28.781Z [info]: GET /api/reviews/book/686fa492dca21dadb9ba8dd8
2025-07-11T06:24:28.787Z [info]: GET /api/reviews/book/686fa492dca21dadb9ba8dd9
2025-07-11T06:24:28.790Z [info]: GET /api/reviews/book/686fa492dca21dadb9ba8dda
2025-07-11T06:24:28.795Z [info]: GET /api/reviews/book/686fa492dca21dadb9ba8ddb
2025-07-11T06:24:28.798Z [info]: GET /api/reviews/book/686fa492dca21dadb9ba8dc3
2025-07-11T06:24:28.801Z [info]: GET /api/reviews/book/686fa492dca21dadb9ba8dc4
2025-07-11T06:24:28.803Z [info]: GET /api/reviews/book/686fa492dca21dadb9ba8ddc
2025-07-11T06:24:28.805Z [info]: GET /api/reviews/book/686fa492dca21dadb9ba8dc5
2025-07-11T06:24:28.808Z [info]: GET /api/reviews/book/686fa492dca21dadb9ba8ddd
2025-07-11T06:24:28.815Z [info]: GET /api/reviews/book/686fa492dca21dadb9ba8dc6
2025-07-11T06:24:28.817Z [info]: GET /api/reviews/book/686fa492dca21dadb9ba8dc7
2025-07-11T06:24:28.819Z [info]: GET /api/reviews/book/686fa492dca21dadb9ba8dc8
2025-07-11T06:24:28.822Z [info]: GET /api/reviews/book/686fa492dca21dadb9ba8dde
2025-07-11T06:24:28.828Z [info]: GET /api/reviews/book/686fa492dca21dadb9ba8ddf
2025-07-11T06:24:28.833Z [info]: GET /api/reviews/book/686fa492dca21dadb9ba8de0
2025-07-11T06:24:28.841Z [info]: GET /api/reviews/book/686fa492dca21dadb9ba8db5
2025-07-11T06:24:28.844Z [info]: GET /api/reviews/book/686fa492dca21dadb9ba8dc9
2025-07-11T06:24:28.847Z [info]: GET /api/reviews/book/686fa492dca21dadb9ba8dca
2025-07-11T06:24:28.851Z [info]: GET /api/reviews/book/686fa492dca21dadb9ba8db4
2025-07-11T06:24:28.853Z [info]: GET /api/reviews/book/686fa492dca21dadb9ba8dcb
2025-07-11T06:24:28.857Z [info]: GET /api/reviews/book/686fa492dca21dadb9ba8de3
2025-07-11T06:24:28.860Z [info]: GET /api/reviews/book/686fa492dca21dadb9ba8dcc
2025-07-11T06:24:28.862Z [info]: GET /api/reviews/book/686fa492dca21dadb9ba8dcd
2025-07-11T06:24:28.863Z [info]: GET /api/reviews/book/686fa492dca21dadb9ba8dce
2025-07-11T06:24:28.866Z [info]: GET /api/reviews/book/686fa492dca21dadb9ba8de4
2025-07-11T06:24:28.872Z [info]: GET /api/reviews/book/686fa492dca21dadb9ba8de5
2025-07-11T06:24:28.876Z [info]: GET /api/reviews/book/686fa492dca21dadb9ba8de6
2025-07-11T06:24:28.883Z [info]: GET /api/reviews/book/686fa492dca21dadb9ba8de7
2025-07-11T06:24:28.885Z [info]: GET /api/reviews/book/686fa492dca21dadb9ba8dcf
2025-07-11T06:24:28.890Z [info]: GET /api/reviews/book/686fa492dca21dadb9ba8dd0
2025-07-11T06:24:28.892Z [info]: GET /api/reviews/book/686fa492dca21dadb9ba8de8
2025-07-11T06:24:28.894Z [info]: GET /api/reviews/book/686fa492dca21dadb9ba8dd1
2025-07-11T06:24:28.895Z [info]: GET /api/reviews/book/686fa492dca21dadb9ba8de9
2025-07-11T06:24:28.898Z [info]: GET /api/reviews/book/686fa492dca21dadb9ba8dd2
2025-07-11T06:24:28.901Z [info]: GET /api/reviews/book/686fa492dca21dadb9ba8dd3
2025-07-11T06:24:28.903Z [info]: GET /api/reviews/book/686fa492dca21dadb9ba8dd4
2025-07-11T06:24:28.906Z [info]: GET /api/reviews/book/686fa492dca21dadb9ba8dea
2025-07-11T06:24:28.913Z [info]: GET /api/reviews/book/686fa492dca21dadb9ba8deb
2025-07-11T06:24:28.917Z [info]: GET /api/reviews/book/686fa492dca21dadb9ba8dec
2025-07-11T06:24:28.923Z [info]: GET /api/reviews/book/686fa492dca21dadb9ba8ded
2025-07-11T06:24:28.925Z [info]: GET /api/reviews/book/686fa492dca21dadb9ba8dd5
2025-07-11T06:24:28.927Z [info]: GET /api/reviews/book/686fa492dca21dadb9ba8dd6
2025-07-11T06:24:28.928Z [info]: GET /api/reviews/book/686fa492dca21dadb9ba8dee
2025-07-11T06:24:28.930Z [info]: GET /api/reviews/book/686fa492dca21dadb9ba8dd7
2025-07-11T06:24:28.932Z [info]: GET /api/reviews/book/686fa492dca21dadb9ba8def
2025-07-11T06:24:28.936Z [info]: GET /api/reviews/book/686fa492dca21dadb9ba8dd8
2025-07-11T06:24:28.937Z [info]: GET /api/reviews/book/686fa492dca21dadb9ba8dd9
2025-07-11T06:24:28.939Z [info]: GET /api/reviews/book/686fa492dca21dadb9ba8dda
2025-07-11T06:24:28.943Z [info]: GET /api/reviews/book/686fa492dca21dadb9ba8df0
2025-07-11T06:24:28.959Z [info]: GET /api/reviews/book/686fa492dca21dadb9ba8df1
2025-07-11T06:24:28.964Z [info]: GET /api/reviews/book/686fa492dca21dadb9ba8df2
2025-07-11T06:24:28.979Z [info]: GET /api/reviews/book/686fa492dca21dadb9ba8df3
2025-07-11T06:24:28.983Z [info]: GET /api/reviews/book/686fa492dca21dadb9ba8ddb
2025-07-11T06:24:28.987Z [info]: GET /api/reviews/book/686fa492dca21dadb9ba8ddc
2025-07-11T06:24:28.991Z [info]: GET /api/reviews/book/686fa492dca21dadb9ba8df4
2025-07-11T06:24:28.994Z [info]: GET /api/reviews/book/686fa492dca21dadb9ba8ddd
2025-07-11T06:24:29.000Z [info]: GET /api/reviews/book/686fa492dca21dadb9ba8df5
2025-07-11T06:24:29.006Z [info]: GET /api/reviews/book/686fa492dca21dadb9ba8dde
2025-07-11T06:24:29.009Z [info]: GET /api/reviews/book/686fa492dca21dadb9ba8ddf
2025-07-11T06:24:29.012Z [info]: GET /api/reviews/book/686fa492dca21dadb9ba8de0
2025-07-11T06:24:29.018Z [info]: GET /api/reviews/book/686fa492dca21dadb9ba8df6
2025-07-11T06:24:29.028Z [info]: GET /api/reviews/book/686fa492dca21dadb9ba8df7
2025-07-11T06:24:29.034Z [info]: GET /api/reviews/book/686fa492dca21dadb9ba8df8
2025-07-11T06:24:29.048Z [info]: GET /api/reviews/book/686fa492dca21dadb9ba8df9
2025-07-11T06:24:29.054Z [info]: GET /api/reviews/book/686fa492dca21dadb9ba8db5
2025-07-11T06:24:29.062Z [info]: GET /api/reviews/book/686fa492dca21dadb9ba8db4
2025-07-11T06:24:29.065Z [info]: GET /api/reviews/book/686fa492dca21dadb9ba8dfa
2025-07-11T06:24:29.068Z [info]: GET /api/reviews/book/686fa492dca21dadb9ba8de3
2025-07-11T06:24:29.079Z [info]: GET /api/reviews/book/686fa492dca21dadb9ba8dfb
2025-07-11T06:24:29.089Z [info]: GET /api/reviews/book/686fa492dca21dadb9ba8de4
2025-07-11T06:24:29.093Z [info]: GET /api/reviews/book/686fa492dca21dadb9ba8de5
2025-07-11T06:24:29.097Z [info]: GET /api/reviews/book/686fa492dca21dadb9ba8de6
2025-07-11T06:24:29.105Z [info]: GET /api/reviews/book/686fa492dca21dadb9ba8dfc
2025-07-11T06:24:29.112Z [info]: GET /api/reviews/book/686fa492dca21dadb9ba8dfd
2025-07-11T06:24:29.120Z [info]: GET /api/reviews/book/686fa492dca21dadb9ba8dfe
2025-07-11T06:24:29.125Z [info]: GET /api/reviews/book/686fa492dca21dadb9ba8dff
2025-07-11T06:24:29.128Z [info]: GET /api/reviews/book/686fa492dca21dadb9ba8de7
2025-07-11T06:24:29.133Z [info]: GET /api/reviews/book/686fa492dca21dadb9ba8de8
2025-07-11T06:24:29.137Z [info]: GET /api/reviews/book/686fa492dca21dadb9ba8e00
2025-07-11T06:24:29.141Z [info]: GET /api/reviews/book/686fa492dca21dadb9ba8de9
2025-07-11T06:24:29.145Z [info]: GET /api/reviews/book/686fa492dca21dadb9ba8e01
2025-07-11T06:24:29.150Z [info]: GET /api/reviews/book/686fa492dca21dadb9ba8dea
2025-07-11T06:24:29.153Z [info]: GET /api/reviews/book/686fa492dca21dadb9ba8deb
2025-07-11T06:24:29.155Z [info]: GET /api/reviews/book/686fa492dca21dadb9ba8dec
2025-07-11T06:24:29.160Z [info]: GET /api/reviews/book/686fa492dca21dadb9ba8e02
2025-07-11T06:24:29.169Z [info]: GET /api/reviews/book/686fa492dca21dadb9ba8e03
2025-07-11T06:24:29.174Z [info]: GET /api/reviews/book/686fa492dca21dadb9ba8e04
2025-07-11T06:24:29.180Z [info]: GET /api/reviews/book/686fa492dca21dadb9ba8e05
2025-07-11T06:24:29.183Z [info]: GET /api/reviews/book/686fa492dca21dadb9ba8ded
2025-07-11T06:24:29.186Z [info]: GET /api/reviews/book/686fa492dca21dadb9ba8dee
2025-07-11T06:24:29.188Z [info]: GET /api/reviews/book/686fa492dca21dadb9ba8e06
2025-07-11T06:24:29.191Z [info]: GET /api/reviews/book/686fa492dca21dadb9ba8def
2025-07-11T06:24:29.194Z [info]: GET /api/reviews/book/686fa492dca21dadb9ba8e07
2025-07-11T06:24:29.199Z [info]: GET /api/reviews/book/686fa492dca21dadb9ba8df0
2025-07-11T06:24:29.201Z [info]: GET /api/reviews/book/686fa492dca21dadb9ba8df1
2025-07-11T06:24:29.203Z [info]: GET /api/reviews/book/686fa492dca21dadb9ba8df2
2025-07-11T06:24:29.209Z [info]: GET /api/reviews/book/686fa492dca21dadb9ba8e08
2025-07-11T06:24:29.216Z [info]: GET /api/reviews/book/686fa492dca21dadb9ba8e09
2025-07-11T06:24:29.219Z [info]: GET /api/reviews/book/686fa492dca21dadb9ba8e0a
2025-07-11T06:24:29.226Z [info]: GET /api/reviews/book/686fa492dca21dadb9ba8e0b
2025-07-11T06:24:29.229Z [info]: GET /api/reviews/book/686fa492dca21dadb9ba8df3
2025-07-11T06:24:29.234Z [info]: GET /api/reviews/book/686fa492dca21dadb9ba8df4
2025-07-11T06:24:29.238Z [info]: GET /api/reviews/book/686fa492dca21dadb9ba8e0c
2025-07-11T06:24:29.241Z [info]: GET /api/reviews/book/686fa492dca21dadb9ba8df5
2025-07-11T06:24:29.245Z [info]: GET /api/reviews/book/686fa492dca21dadb9ba8de1
2025-07-11T06:24:29.248Z [info]: GET /api/reviews/book/686fa492dca21dadb9ba8df6
2025-07-11T06:24:29.251Z [info]: GET /api/reviews/book/686fa492dca21dadb9ba8df7
2025-07-11T06:24:29.253Z [info]: GET /api/reviews/book/686fa492dca21dadb9ba8df8
2025-07-11T06:24:29.257Z [info]: GET /api/reviews/book/686fa492dca21dadb9ba8de2
2025-07-11T06:24:29.268Z [info]: GET /api/reviews/book/686fa492dca21dadb9ba8df9
2025-07-11T06:24:29.271Z [info]: GET /api/reviews/book/686fa492dca21dadb9ba8dfa
2025-07-11T06:24:29.273Z [info]: GET /api/reviews/book/686fa492dca21dadb9ba8dfb
2025-07-11T06:24:29.275Z [info]: GET /api/reviews/book/686fa492dca21dadb9ba8dfc
2025-07-11T06:24:29.277Z [info]: GET /api/reviews/book/686fa492dca21dadb9ba8dfd
2025-07-11T06:24:29.279Z [info]: GET /api/reviews/book/686fa492dca21dadb9ba8dfe
2025-07-11T06:24:29.289Z [info]: GET /api/reviews/book/686fa492dca21dadb9ba8dff
2025-07-11T06:24:29.293Z [info]: GET /api/reviews/book/686fa492dca21dadb9ba8e00
2025-07-11T06:24:29.295Z [info]: GET /api/reviews/book/686fa492dca21dadb9ba8e01
2025-07-11T06:24:29.298Z [info]: GET /api/reviews/book/686fa492dca21dadb9ba8e02
2025-07-11T06:24:29.299Z [info]: GET /api/reviews/book/686fa492dca21dadb9ba8e03
2025-07-11T06:24:29.301Z [info]: GET /api/reviews/book/686fa492dca21dadb9ba8e04
2025-07-11T06:24:29.312Z [info]: GET /api/reviews/book/686fa492dca21dadb9ba8e05
2025-07-11T06:24:29.316Z [info]: GET /api/reviews/book/686fa492dca21dadb9ba8e06
2025-07-11T06:24:29.318Z [info]: GET /api/reviews/book/686fa492dca21dadb9ba8e07
2025-07-11T06:24:29.320Z [info]: GET /api/reviews/book/686fa492dca21dadb9ba8e08
2025-07-11T06:24:29.322Z [info]: GET /api/reviews/book/686fa492dca21dadb9ba8e09
2025-07-11T06:24:29.324Z [info]: GET /api/reviews/book/686fa492dca21dadb9ba8e0a
2025-07-11T06:24:29.329Z [info]: GET /api/reviews/book/686fa492dca21dadb9ba8e0b
2025-07-11T06:24:29.332Z [info]: GET /api/reviews/book/686fa492dca21dadb9ba8e0c
2025-07-11T06:24:29.335Z [info]: GET /api/reviews/book/686fa492dca21dadb9ba8de1
2025-07-11T06:24:29.337Z [info]: GET /api/reviews/book/686fa492dca21dadb9ba8de2
2025-07-11T06:24:43.570Z [info]: GET /api/reviews/book/686fa492dca21dadb9ba8da9
2025-07-11T06:24:43.575Z [info]: GET /api/reviews/book/686fa492dca21dadb9ba8daa
2025-07-11T06:24:43.582Z [info]: GET /api/reviews/book/686fa492dca21dadb9ba8dab
2025-07-11T06:24:43.586Z [info]: GET /api/reviews/book/686fa492dca21dadb9ba8daf
2025-07-11T06:24:43.595Z [info]: GET /api/reviews/book/686fa492dca21dadb9ba8db2
2025-07-11T06:24:43.599Z [info]: GET /api/reviews/book/686fa492dca21dadb9ba8db0
2025-07-11T06:24:43.602Z [info]: GET /api/reviews/book/686fa492dca21dadb9ba8db3
2025-07-11T06:24:43.607Z [info]: GET /api/reviews/book/686fa492dca21dadb9ba8dac
2025-07-11T06:24:43.610Z [info]: GET /api/reviews/book/686fa492dca21dadb9ba8db6
2025-07-11T06:24:43.620Z [info]: GET /api/reviews/book/686fa492dca21dadb9ba8db7
2025-07-11T06:24:43.624Z [info]: GET /api/reviews/book/686fa492dca21dadb9ba8db8
2025-07-11T06:24:43.628Z [info]: GET /api/reviews/book/686fa492dca21dadb9ba8db9
2025-07-11T06:24:43.631Z [info]: GET /api/reviews/book/686fa492dca21dadb9ba8dba
2025-07-11T06:24:43.636Z [info]: GET /api/reviews/book/686fa492dca21dadb9ba8dad
2025-07-11T06:24:43.638Z [info]: GET /api/reviews/book/686fa492dca21dadb9ba8dbb
2025-07-11T06:24:43.641Z [info]: GET /api/reviews/book/686fa492dca21dadb9ba8dbc
2025-07-11T06:24:43.650Z [info]: GET /api/reviews/book/686fa492dca21dadb9ba8dae
2025-07-11T06:24:43.656Z [info]: GET /api/reviews/book/686fa492dca21dadb9ba8db1
2025-07-11T06:24:43.660Z [info]: GET /api/reviews/book/686fa492dca21dadb9ba8dbd
2025-07-11T06:24:43.664Z [info]: GET /api/reviews/book/686fa492dca21dadb9ba8dbe
2025-07-11T06:24:43.669Z [info]: GET /api/reviews/book/686fa492dca21dadb9ba8dbf
2025-07-11T06:24:43.672Z [info]: GET /api/reviews/book/686fa492dca21dadb9ba8dc0
2025-07-11T06:24:43.675Z [info]: GET /api/reviews/book/686fa492dca21dadb9ba8dc1
2025-07-11T06:24:43.692Z [info]: GET /api/reviews/book/686fa492dca21dadb9ba8da9
2025-07-11T06:24:43.697Z [info]: GET /api/reviews/book/686fa492dca21dadb9ba8daa
2025-07-11T06:24:43.699Z [info]: GET /api/reviews/book/686fa492dca21dadb9ba8dab
2025-07-11T06:24:43.703Z [info]: GET /api/reviews/book/686fa492dca21dadb9ba8daf
2025-07-11T06:24:43.706Z [info]: GET /api/reviews/book/686fa492dca21dadb9ba8db0
2025-07-11T06:24:43.709Z [info]: GET /api/reviews/book/686fa492dca21dadb9ba8db2
2025-07-11T06:24:43.712Z [info]: GET /api/reviews/book/686fa492dca21dadb9ba8dc2
2025-07-11T06:24:43.716Z [info]: GET /api/reviews/book/686fa492dca21dadb9ba8dc3
2025-07-11T06:24:43.721Z [info]: GET /api/reviews/book/686fa492dca21dadb9ba8dc4
2025-07-11T06:24:43.726Z [info]: GET /api/reviews/book/686fa492dca21dadb9ba8dc5
2025-07-11T06:24:43.729Z [info]: GET /api/reviews/book/686fa492dca21dadb9ba8dc6
2025-07-11T06:24:43.733Z [info]: GET /api/reviews/book/686fa492dca21dadb9ba8dc7
2025-07-11T06:24:43.743Z [info]: GET /api/reviews/book/686fa492dca21dadb9ba8db3
2025-07-11T06:24:43.746Z [info]: GET /api/reviews/book/686fa492dca21dadb9ba8dc8
2025-07-11T06:24:43.749Z [info]: GET /api/reviews/book/686fa492dca21dadb9ba8dac
2025-07-11T06:24:43.753Z [info]: GET /api/reviews/book/686fa492dca21dadb9ba8dc9
2025-07-11T06:24:43.756Z [info]: GET /api/reviews/book/686fa492dca21dadb9ba8db6
2025-07-11T06:24:43.760Z [info]: GET /api/reviews/book/686fa492dca21dadb9ba8db7
2025-07-11T06:24:43.762Z [info]: GET /api/reviews/book/686fa492dca21dadb9ba8dca
2025-07-11T06:24:43.763Z [info]: GET /api/reviews/book/686fa492dca21dadb9ba8db8
2025-07-11T06:24:43.766Z [info]: GET /api/reviews/book/686fa492dca21dadb9ba8dcb
2025-07-11T06:24:43.768Z [info]: GET /api/reviews/book/686fa492dca21dadb9ba8dcc
2025-07-11T06:24:43.771Z [info]: GET /api/reviews/book/686fa492dca21dadb9ba8db9
2025-07-11T06:24:43.773Z [info]: GET /api/reviews/book/686fa492dca21dadb9ba8dcd
2025-07-11T06:24:43.777Z [info]: GET /api/reviews/book/686fa492dca21dadb9ba8dba
2025-07-11T06:24:43.789Z [info]: GET /api/reviews/book/686fa492dca21dadb9ba8dce
2025-07-11T06:24:43.792Z [info]: GET /api/reviews/book/686fa492dca21dadb9ba8dad
2025-07-11T06:24:43.797Z [info]: GET /api/reviews/book/686fa492dca21dadb9ba8dcf
2025-07-11T06:24:43.798Z [info]: GET /api/reviews/book/686fa492dca21dadb9ba8dbb
2025-07-11T06:24:43.802Z [info]: GET /api/reviews/book/686fa492dca21dadb9ba8dbc
2025-07-11T06:24:43.804Z [info]: GET /api/reviews/book/686fa492dca21dadb9ba8dd0
2025-07-11T06:24:43.805Z [info]: GET /api/reviews/book/686fa492dca21dadb9ba8dae
2025-07-11T06:24:43.807Z [info]: GET /api/reviews/book/686fa492dca21dadb9ba8dd1
2025-07-11T06:24:43.808Z [info]: GET /api/reviews/book/686fa492dca21dadb9ba8dd2
2025-07-11T06:24:43.810Z [info]: GET /api/reviews/book/686fa492dca21dadb9ba8dd3
2025-07-11T06:24:43.812Z [info]: GET /api/reviews/book/686fa492dca21dadb9ba8db1
2025-07-11T06:24:43.817Z [info]: GET /api/reviews/book/686fa492dca21dadb9ba8dbd
2025-07-11T06:24:43.829Z [info]: GET /api/reviews/book/686fa492dca21dadb9ba8dd4
2025-07-11T06:24:43.832Z [info]: GET /api/reviews/book/686fa492dca21dadb9ba8dbe
2025-07-11T06:24:43.835Z [info]: GET /api/reviews/book/686fa492dca21dadb9ba8dd5
2025-07-11T06:24:43.837Z [info]: GET /api/reviews/book/686fa492dca21dadb9ba8dbf
2025-07-11T06:24:43.840Z [info]: GET /api/reviews/book/686fa492dca21dadb9ba8dc0
2025-07-11T06:24:43.843Z [info]: GET /api/reviews/book/686fa492dca21dadb9ba8dd6
2025-07-11T06:24:43.844Z [info]: GET /api/reviews/book/686fa492dca21dadb9ba8dc1
2025-07-11T06:24:43.846Z [info]: GET /api/reviews/book/686fa492dca21dadb9ba8dd7
2025-07-11T06:24:43.848Z [info]: GET /api/reviews/book/686fa492dca21dadb9ba8dd8
2025-07-11T06:24:43.849Z [info]: GET /api/reviews/book/686fa492dca21dadb9ba8dd9
2025-07-11T06:24:43.852Z [info]: GET /api/reviews/book/686fa492dca21dadb9ba8dc2
2025-07-11T06:24:43.859Z [info]: GET /api/reviews/book/686fa492dca21dadb9ba8dc3
2025-07-11T06:24:43.875Z [info]: GET /api/reviews/book/686fa492dca21dadb9ba8dda
2025-07-11T06:24:43.879Z [info]: GET /api/reviews/book/686fa492dca21dadb9ba8dc4
2025-07-11T06:24:43.882Z [info]: GET /api/reviews/book/686fa492dca21dadb9ba8ddb
2025-07-11T06:24:43.886Z [info]: GET /api/reviews/book/686fa492dca21dadb9ba8dc5
2025-07-11T06:24:43.895Z [info]: GET /api/reviews/book/686fa492dca21dadb9ba8dc6
2025-07-11T06:24:43.901Z [info]: GET /api/reviews/book/686fa492dca21dadb9ba8ddc
2025-07-11T06:24:43.910Z [info]: GET /api/reviews/book/686fa492dca21dadb9ba8dc7
2025-07-11T06:24:43.913Z [info]: GET /api/reviews/book/686fa492dca21dadb9ba8ddd
2025-07-11T06:24:43.917Z [info]: GET /api/reviews/book/686fa492dca21dadb9ba8dde
2025-07-11T06:24:43.922Z [info]: GET /api/reviews/book/686fa492dca21dadb9ba8ddf
2025-07-11T06:24:43.926Z [info]: GET /api/reviews/book/686fa492dca21dadb9ba8dc8
2025-07-11T06:24:43.940Z [info]: GET /api/reviews/book/686fa492dca21dadb9ba8dc9
2025-07-11T06:24:43.953Z [info]: GET /api/reviews/book/686fa492dca21dadb9ba8de0
2025-07-11T06:24:43.958Z [info]: GET /api/reviews/book/686fa492dca21dadb9ba8dca
2025-07-11T06:24:43.961Z [info]: GET /api/reviews/book/686fa492dca21dadb9ba8db5
2025-07-11T06:24:43.964Z [info]: GET /api/reviews/book/686fa492dca21dadb9ba8dcb
2025-07-11T06:24:43.969Z [info]: GET /api/reviews/book/686fa492dca21dadb9ba8dcc
2025-07-11T06:24:43.972Z [info]: GET /api/reviews/book/686fa492dca21dadb9ba8db4
2025-07-11T06:24:43.974Z [info]: GET /api/reviews/book/686fa492dca21dadb9ba8dcd
2025-07-11T06:24:43.976Z [info]: GET /api/reviews/book/686fa492dca21dadb9ba8de3
2025-07-11T06:24:43.979Z [info]: GET /api/reviews/book/686fa492dca21dadb9ba8de4
2025-07-11T06:24:43.983Z [info]: GET /api/reviews/book/686fa492dca21dadb9ba8de5
2025-07-11T06:24:43.988Z [info]: GET /api/reviews/book/686fa492dca21dadb9ba8dce
2025-07-11T06:24:43.997Z [info]: GET /api/reviews/book/686fa492dca21dadb9ba8dcf
2025-07-11T06:24:44.014Z [info]: GET /api/reviews/book/686fa492dca21dadb9ba8de6
2025-07-11T06:24:44.018Z [info]: GET /api/reviews/book/686fa492dca21dadb9ba8dd0
2025-07-11T06:24:44.021Z [info]: GET /api/reviews/book/686fa492dca21dadb9ba8de7
2025-07-11T06:24:44.023Z [info]: GET /api/reviews/book/686fa492dca21dadb9ba8dd1
2025-07-11T06:24:44.027Z [info]: GET /api/reviews/book/686fa492dca21dadb9ba8dd2
2025-07-11T06:24:44.030Z [info]: GET /api/reviews/book/686fa492dca21dadb9ba8de8
2025-07-11T06:24:44.034Z [info]: GET /api/reviews/book/686fa492dca21dadb9ba8dd3
2025-07-11T06:24:44.036Z [info]: GET /api/reviews/book/686fa492dca21dadb9ba8de9
2025-07-11T06:24:44.038Z [info]: GET /api/reviews/book/686fa492dca21dadb9ba8dea
2025-07-11T06:24:44.042Z [info]: GET /api/reviews/book/686fa492dca21dadb9ba8deb
2025-07-11T06:24:44.045Z [info]: GET /api/reviews/book/686fa492dca21dadb9ba8dd4
2025-07-11T06:24:44.055Z [info]: GET /api/reviews/book/686fa492dca21dadb9ba8dd5
2025-07-11T06:24:44.072Z [info]: GET /api/reviews/book/686fa492dca21dadb9ba8dec
2025-07-11T06:24:44.076Z [info]: GET /api/reviews/book/686fa492dca21dadb9ba8dd6
2025-07-11T06:24:44.079Z [info]: GET /api/reviews/book/686fa492dca21dadb9ba8ded
2025-07-11T06:24:44.081Z [info]: GET /api/reviews/book/686fa492dca21dadb9ba8dd7
2025-07-11T06:24:44.090Z [info]: GET /api/reviews/book/686fa492dca21dadb9ba8dd8
2025-07-11T06:24:44.093Z [info]: GET /api/reviews/book/686fa492dca21dadb9ba8dee
2025-07-11T06:24:44.096Z [info]: GET /api/reviews/book/686fa492dca21dadb9ba8def
2025-07-11T06:24:44.099Z [info]: GET /api/reviews/book/686fa492dca21dadb9ba8dd9
2025-07-11T06:24:44.102Z [info]: GET /api/reviews/book/686fa492dca21dadb9ba8df0
2025-07-11T06:24:44.105Z [info]: GET /api/reviews/book/686fa492dca21dadb9ba8df1
2025-07-11T06:24:44.110Z [info]: GET /api/reviews/book/686fa492dca21dadb9ba8dda
2025-07-11T06:24:44.120Z [info]: GET /api/reviews/book/686fa492dca21dadb9ba8ddb
2025-07-11T06:24:44.134Z [info]: GET /api/reviews/book/686fa492dca21dadb9ba8df2
2025-07-11T06:24:44.139Z [info]: GET /api/reviews/book/686fa492dca21dadb9ba8ddc
2025-07-11T06:24:44.141Z [info]: GET /api/reviews/book/686fa492dca21dadb9ba8df3
2025-07-11T06:24:44.144Z [info]: GET /api/reviews/book/686fa492dca21dadb9ba8ddd
2025-07-11T06:24:44.147Z [info]: GET /api/reviews/book/686fa492dca21dadb9ba8dde
2025-07-11T06:24:44.151Z [info]: GET /api/reviews/book/686fa492dca21dadb9ba8df4
2025-07-11T06:24:44.154Z [info]: GET /api/reviews/book/686fa492dca21dadb9ba8df5
2025-07-11T06:24:44.156Z [info]: GET /api/reviews/book/686fa492dca21dadb9ba8ddf
2025-07-11T06:24:44.159Z [info]: GET /api/reviews/book/686fa492dca21dadb9ba8df6
2025-07-11T06:24:44.161Z [info]: GET /api/reviews/book/686fa492dca21dadb9ba8df7
2025-07-11T06:24:44.163Z [info]: GET /api/reviews/book/686fa492dca21dadb9ba8de0
2025-07-11T06:24:44.171Z [info]: GET /api/reviews/book/686fa492dca21dadb9ba8db5
2025-07-11T06:24:44.186Z [info]: GET /api/reviews/book/686fa492dca21dadb9ba8df8
2025-07-11T06:24:44.188Z [info]: GET /api/reviews/book/686fa492dca21dadb9ba8db4
2025-07-11T06:24:44.191Z [info]: GET /api/reviews/book/686fa492dca21dadb9ba8df9
2025-07-11T06:24:44.194Z [info]: GET /api/reviews/book/686fa492dca21dadb9ba8de3
2025-07-11T06:24:44.197Z [info]: GET /api/reviews/book/686fa492dca21dadb9ba8de4
2025-07-11T06:24:44.200Z [info]: GET /api/reviews/book/686fa492dca21dadb9ba8dfa
2025-07-11T06:24:44.202Z [info]: GET /api/reviews/book/686fa492dca21dadb9ba8dfb
2025-07-11T06:24:44.205Z [info]: GET /api/reviews/book/686fa492dca21dadb9ba8de5
2025-07-11T06:24:44.207Z [info]: GET /api/reviews/book/686fa492dca21dadb9ba8dfc
2025-07-11T06:24:44.209Z [info]: GET /api/reviews/book/686fa492dca21dadb9ba8dfd
2025-07-11T06:24:44.211Z [info]: GET /api/reviews/book/686fa492dca21dadb9ba8de6
2025-07-11T06:24:44.218Z [info]: GET /api/reviews/book/686fa492dca21dadb9ba8de7
2025-07-11T06:24:44.238Z [info]: GET /api/reviews/book/686fa492dca21dadb9ba8dfe
2025-07-11T06:24:44.241Z [info]: GET /api/reviews/book/686fa492dca21dadb9ba8de8
2025-07-11T06:24:44.243Z [info]: GET /api/reviews/book/686fa492dca21dadb9ba8dff
2025-07-11T06:24:44.246Z [info]: GET /api/reviews/book/686fa492dca21dadb9ba8de9
2025-07-11T06:24:44.248Z [info]: GET /api/reviews/book/686fa492dca21dadb9ba8dea
2025-07-11T06:24:44.251Z [info]: GET /api/reviews/book/686fa492dca21dadb9ba8e00
2025-07-11T06:24:44.252Z [info]: GET /api/reviews/book/686fa492dca21dadb9ba8e01
2025-07-11T06:24:44.254Z [info]: GET /api/reviews/book/686fa492dca21dadb9ba8deb
2025-07-11T06:24:44.256Z [info]: GET /api/reviews/book/686fa492dca21dadb9ba8e02
2025-07-11T06:24:44.258Z [info]: GET /api/reviews/book/686fa492dca21dadb9ba8e03
2025-07-11T06:24:44.260Z [info]: GET /api/reviews/book/686fa492dca21dadb9ba8dec
2025-07-11T06:24:44.267Z [info]: GET /api/reviews/book/686fa492dca21dadb9ba8ded
2025-07-11T06:24:44.278Z [info]: GET /api/reviews/book/686fa492dca21dadb9ba8e04
2025-07-11T06:24:44.281Z [info]: GET /api/reviews/book/686fa492dca21dadb9ba8dee
2025-07-11T06:24:44.284Z [info]: GET /api/reviews/book/686fa492dca21dadb9ba8e05
2025-07-11T06:24:44.286Z [info]: GET /api/reviews/book/686fa492dca21dadb9ba8def
2025-07-11T06:24:44.288Z [info]: GET /api/reviews/book/686fa492dca21dadb9ba8df0
2025-07-11T06:24:44.290Z [info]: GET /api/reviews/book/686fa492dca21dadb9ba8e06
2025-07-11T06:24:44.292Z [info]: GET /api/reviews/book/686fa492dca21dadb9ba8e07
2025-07-11T06:24:44.294Z [info]: GET /api/reviews/book/686fa492dca21dadb9ba8e08
2025-07-11T06:24:44.297Z [info]: GET /api/reviews/book/686fa492dca21dadb9ba8df1
2025-07-11T06:24:44.300Z [info]: GET /api/reviews/book/686fa492dca21dadb9ba8e09
2025-07-11T06:24:44.302Z [info]: GET /api/reviews/book/686fa492dca21dadb9ba8df2
2025-07-11T06:24:44.307Z [info]: GET /api/reviews/book/686fa492dca21dadb9ba8df3
2025-07-11T06:24:44.318Z [info]: GET /api/reviews/book/686fa492dca21dadb9ba8e0a
2025-07-11T06:24:44.320Z [info]: GET /api/reviews/book/686fa492dca21dadb9ba8df4
2025-07-11T06:24:44.323Z [info]: GET /api/reviews/book/686fa492dca21dadb9ba8e0b
2025-07-11T06:24:44.326Z [info]: GET /api/reviews/book/686fa492dca21dadb9ba8df5
2025-07-11T06:24:44.328Z [info]: GET /api/reviews/book/686fa492dca21dadb9ba8df6
2025-07-11T06:24:44.330Z [info]: GET /api/reviews/book/686fa492dca21dadb9ba8e0c
2025-07-11T06:24:44.332Z [info]: GET /api/reviews/book/686fa492dca21dadb9ba8de1
2025-07-11T06:24:44.334Z [info]: GET /api/reviews/book/686fa492dca21dadb9ba8de2
2025-07-11T06:24:44.337Z [info]: GET /api/reviews/book/686fa492dca21dadb9ba8df7
2025-07-11T06:24:44.340Z [info]: GET /api/reviews/book/686fa492dca21dadb9ba8df8
2025-07-11T06:24:44.344Z [info]: GET /api/reviews/book/686fa492dca21dadb9ba8df9
2025-07-11T06:24:44.357Z [info]: GET /api/reviews/book/686fa492dca21dadb9ba8dfa
2025-07-11T06:24:44.361Z [info]: GET /api/reviews/book/686fa492dca21dadb9ba8dfb
2025-07-11T06:24:44.365Z [info]: GET /api/reviews/book/686fa492dca21dadb9ba8dfc
2025-07-11T06:24:44.366Z [info]: GET /api/reviews/book/686fa492dca21dadb9ba8dfd
2025-07-11T06:24:44.369Z [info]: GET /api/reviews/book/686fa492dca21dadb9ba8dfe
2025-07-11T06:24:44.372Z [info]: GET /api/reviews/book/686fa492dca21dadb9ba8dff
2025-07-11T06:24:44.382Z [info]: GET /api/reviews/book/686fa492dca21dadb9ba8e00
2025-07-11T06:24:44.387Z [info]: GET /api/reviews/book/686fa492dca21dadb9ba8e01
2025-07-11T06:24:44.390Z [info]: GET /api/reviews/book/686fa492dca21dadb9ba8e02
2025-07-11T06:24:44.392Z [info]: GET /api/reviews/book/686fa492dca21dadb9ba8e03
2025-07-11T06:24:44.394Z [info]: GET /api/reviews/book/686fa492dca21dadb9ba8e04
2025-07-11T06:24:44.398Z [info]: GET /api/reviews/book/686fa492dca21dadb9ba8e05
2025-07-11T06:24:44.407Z [info]: GET /api/reviews/book/686fa492dca21dadb9ba8e06
2025-07-11T06:24:44.412Z [info]: GET /api/reviews/book/686fa492dca21dadb9ba8e07
2025-07-11T06:24:44.415Z [info]: GET /api/reviews/book/686fa492dca21dadb9ba8e08
2025-07-11T06:24:44.419Z [info]: GET /api/reviews/book/686fa492dca21dadb9ba8e09
2025-07-11T06:24:44.421Z [info]: GET /api/reviews/book/686fa492dca21dadb9ba8e0a
2025-07-11T06:24:44.424Z [info]: GET /api/reviews/book/686fa492dca21dadb9ba8e0b
2025-07-11T06:24:44.431Z [info]: GET /api/reviews/book/686fa492dca21dadb9ba8e0c
2025-07-11T06:24:44.435Z [info]: GET /api/reviews/book/686fa492dca21dadb9ba8de1
2025-07-11T06:24:44.438Z [info]: GET /api/reviews/book/686fa492dca21dadb9ba8de2
2025-07-11T06:24:51.556Z [info]: GET /api/reviews/book/686fa492dca21dadb9ba8da9
2025-07-11T06:24:51.561Z [info]: GET /api/reviews/book/686fa492dca21dadb9ba8daa
2025-07-11T06:24:51.566Z [info]: GET /api/reviews/book/686fa492dca21dadb9ba8dab
2025-07-11T06:24:51.570Z [info]: GET /api/reviews/book/686fa492dca21dadb9ba8daf
2025-07-11T06:24:51.574Z [info]: GET /api/reviews/book/686fa492dca21dadb9ba8db0
2025-07-11T06:24:51.579Z [info]: GET /api/reviews/book/686fa492dca21dadb9ba8db2
2025-07-11T06:24:51.602Z [info]: GET /api/reviews/book/686fa492dca21dadb9ba8db3
2025-07-11T06:24:51.608Z [info]: GET /api/reviews/book/686fa492dca21dadb9ba8dac
2025-07-11T06:24:51.613Z [info]: GET /api/reviews/book/686fa492dca21dadb9ba8db6
2025-07-11T06:24:51.615Z [info]: GET /api/reviews/book/686fa492dca21dadb9ba8db7
2025-07-11T06:24:51.618Z [info]: GET /api/reviews/book/686fa492dca21dadb9ba8db8
2025-07-11T06:24:51.620Z [info]: GET /api/reviews/book/686fa492dca21dadb9ba8db9
2025-07-11T06:24:51.637Z [info]: GET /api/reviews/book/686fa492dca21dadb9ba8dba
2025-07-11T06:24:51.640Z [info]: GET /api/reviews/book/686fa492dca21dadb9ba8dad
2025-07-11T06:24:51.644Z [info]: GET /api/reviews/book/686fa492dca21dadb9ba8dbb
2025-07-11T06:24:51.650Z [info]: GET /api/reviews/book/686fa492dca21dadb9ba8dbc
2025-07-11T06:24:51.654Z [info]: GET /api/reviews/book/686fa492dca21dadb9ba8dae
2025-07-11T06:24:51.658Z [info]: GET /api/reviews/book/686fa492dca21dadb9ba8db1
2025-07-11T06:24:51.674Z [info]: GET /api/reviews/book/686fa492dca21dadb9ba8da9
2025-07-11T06:24:51.681Z [info]: GET /api/reviews/book/686fa492dca21dadb9ba8daa
2025-07-11T06:24:51.685Z [info]: GET /api/reviews/book/686fa492dca21dadb9ba8dab
2025-07-11T06:24:51.689Z [info]: GET /api/reviews/book/686fa492dca21dadb9ba8daf
2025-07-11T06:24:51.694Z [info]: GET /api/reviews/book/686fa492dca21dadb9ba8db0
2025-07-11T06:24:51.701Z [info]: GET /api/reviews/book/686fa492dca21dadb9ba8dbd
2025-07-11T06:24:51.705Z [info]: GET /api/reviews/book/686fa492dca21dadb9ba8dbe
2025-07-11T06:24:51.709Z [info]: GET /api/reviews/book/686fa492dca21dadb9ba8dbf
2025-07-11T06:24:51.713Z [info]: GET /api/reviews/book/686fa492dca21dadb9ba8dc0
2025-07-11T06:24:51.723Z [info]: GET /api/reviews/book/686fa492dca21dadb9ba8db2
2025-07-11T06:24:51.728Z [info]: GET /api/reviews/book/686fa492dca21dadb9ba8dc1
2025-07-11T06:24:51.730Z [info]: GET /api/reviews/book/686fa492dca21dadb9ba8dc2
2025-07-11T06:24:51.740Z [info]: GET /api/reviews/book/686fa492dca21dadb9ba8db3
2025-07-11T06:24:51.743Z [info]: GET /api/reviews/book/686fa492dca21dadb9ba8dac
2025-07-11T06:24:51.747Z [info]: GET /api/reviews/book/686fa492dca21dadb9ba8db6
2025-07-11T06:24:51.755Z [info]: GET /api/reviews/book/686fa492dca21dadb9ba8db7
2025-07-11T06:24:51.762Z [info]: GET /api/reviews/book/686fa492dca21dadb9ba8db8
2025-07-11T06:24:51.765Z [info]: GET /api/reviews/book/686fa492dca21dadb9ba8dc3
2025-07-11T06:24:51.768Z [info]: GET /api/reviews/book/686fa492dca21dadb9ba8dc4
2025-07-11T06:24:51.772Z [info]: GET /api/reviews/book/686fa492dca21dadb9ba8dc5
2025-07-11T06:24:51.775Z [info]: GET /api/reviews/book/686fa492dca21dadb9ba8dc6
2025-07-11T06:24:51.781Z [info]: GET /api/reviews/book/686fa492dca21dadb9ba8db9
2025-07-11T06:24:51.787Z [info]: GET /api/reviews/book/686fa492dca21dadb9ba8dc7
2025-07-11T06:24:51.789Z [info]: GET /api/reviews/book/686fa492dca21dadb9ba8dc8
2025-07-11T06:24:51.800Z [info]: GET /api/reviews/book/686fa492dca21dadb9ba8dba
2025-07-11T06:24:51.803Z [info]: GET /api/reviews/book/686fa492dca21dadb9ba8dad
2025-07-11T06:24:51.806Z [info]: GET /api/reviews/book/686fa492dca21dadb9ba8dbb
2025-07-11T06:24:51.811Z [info]: GET /api/reviews/book/686fa492dca21dadb9ba8dbc
2025-07-11T06:24:51.819Z [info]: GET /api/reviews/book/686fa492dca21dadb9ba8dae
2025-07-11T06:24:51.822Z [info]: GET /api/reviews/book/686fa492dca21dadb9ba8dc9
2025-07-11T06:24:51.823Z [info]: GET /api/reviews/book/686fa492dca21dadb9ba8dca
2025-07-11T06:24:51.825Z [info]: GET /api/reviews/book/686fa492dca21dadb9ba8dcb
2025-07-11T06:24:51.827Z [info]: GET /api/reviews/book/686fa492dca21dadb9ba8dcc
2025-07-11T06:24:51.834Z [info]: GET /api/reviews/book/686fa492dca21dadb9ba8db1
2025-07-11T06:24:51.839Z [info]: GET /api/reviews/book/686fa492dca21dadb9ba8dcd
2025-07-11T06:24:51.842Z [info]: GET /api/reviews/book/686fa492dca21dadb9ba8dce
2025-07-11T06:24:51.853Z [info]: GET /api/reviews/book/686fa492dca21dadb9ba8dbd
2025-07-11T06:24:51.855Z [info]: GET /api/reviews/book/686fa492dca21dadb9ba8dbe
2025-07-11T06:24:51.858Z [info]: GET /api/reviews/book/686fa492dca21dadb9ba8dbf
2025-07-11T06:24:51.865Z [info]: GET /api/reviews/book/686fa492dca21dadb9ba8dc0
2025-07-11T06:24:51.868Z [info]: GET /api/reviews/book/686fa492dca21dadb9ba8dc1
2025-07-11T06:24:51.871Z [info]: GET /api/reviews/book/686fa492dca21dadb9ba8dcf
2025-07-11T06:24:51.873Z [info]: GET /api/reviews/book/686fa492dca21dadb9ba8dd0
2025-07-11T06:24:51.875Z [info]: GET /api/reviews/book/686fa492dca21dadb9ba8dd1
2025-07-11T06:24:51.878Z [info]: GET /api/reviews/book/686fa492dca21dadb9ba8dd2
2025-07-11T06:24:51.889Z [info]: GET /api/reviews/book/686fa492dca21dadb9ba8dc2
2025-07-11T06:24:51.899Z [info]: GET /api/reviews/book/686fa492dca21dadb9ba8dd3
2025-07-11T06:24:51.907Z [info]: GET /api/reviews/book/686fa492dca21dadb9ba8dd4
2025-07-11T06:24:51.929Z [info]: GET /api/reviews/book/686fa492dca21dadb9ba8dc3
2025-07-11T06:24:51.934Z [info]: GET /api/reviews/book/686fa492dca21dadb9ba8dc4
2025-07-11T06:24:51.940Z [info]: GET /api/reviews/book/686fa492dca21dadb9ba8dc5
2025-07-11T06:24:51.946Z [info]: GET /api/reviews/book/686fa492dca21dadb9ba8dc6
2025-07-11T06:24:51.951Z [info]: GET /api/reviews/book/686fa492dca21dadb9ba8dc7
2025-07-11T06:24:51.954Z [info]: GET /api/reviews/book/686fa492dca21dadb9ba8dd5
2025-07-11T06:24:51.956Z [info]: GET /api/reviews/book/686fa492dca21dadb9ba8dd6
2025-07-11T06:24:51.960Z [info]: GET /api/reviews/book/686fa492dca21dadb9ba8dd7
2025-07-11T06:24:51.962Z [info]: GET /api/reviews/book/686fa492dca21dadb9ba8dd8
2025-07-11T06:24:51.968Z [info]: GET /api/reviews/book/686fa492dca21dadb9ba8dc8
2025-07-11T06:24:51.974Z [info]: GET /api/reviews/book/686fa492dca21dadb9ba8dd9
2025-07-11T06:24:51.977Z [info]: GET /api/reviews/book/686fa492dca21dadb9ba8dda
2025-07-11T06:24:51.991Z [info]: GET /api/reviews/book/686fa492dca21dadb9ba8dc9
2025-07-11T06:24:51.994Z [info]: GET /api/reviews/book/686fa492dca21dadb9ba8dca
2025-07-11T06:24:51.996Z [info]: GET /api/reviews/book/686fa492dca21dadb9ba8dcb
2025-07-11T06:24:51.999Z [info]: GET /api/reviews/book/686fa492dca21dadb9ba8dcc
2025-07-11T06:24:52.007Z [info]: GET /api/reviews/book/686fa492dca21dadb9ba8dcd
2025-07-11T06:24:52.011Z [info]: GET /api/reviews/book/686fa492dca21dadb9ba8ddb
2025-07-11T06:24:52.014Z [info]: GET /api/reviews/book/686fa492dca21dadb9ba8ddc
2025-07-11T06:24:52.016Z [info]: GET /api/reviews/book/686fa492dca21dadb9ba8ddd
2025-07-11T06:24:52.020Z [info]: GET /api/reviews/book/686fa492dca21dadb9ba8dde
2025-07-11T06:24:52.028Z [info]: GET /api/reviews/book/686fa492dca21dadb9ba8dce
2025-07-11T06:24:52.033Z [info]: GET /api/reviews/book/686fa492dca21dadb9ba8ddf
2025-07-11T06:24:52.037Z [info]: GET /api/reviews/book/686fa492dca21dadb9ba8de0
2025-07-11T06:24:52.049Z [info]: GET /api/reviews/book/686fa492dca21dadb9ba8dcf
2025-07-11T06:24:52.053Z [info]: GET /api/reviews/book/686fa492dca21dadb9ba8dd0
2025-07-11T06:24:52.057Z [info]: GET /api/reviews/book/686fa492dca21dadb9ba8dd1
2025-07-11T06:24:52.061Z [info]: GET /api/reviews/book/686fa492dca21dadb9ba8dd2
2025-07-11T06:24:52.067Z [info]: GET /api/reviews/book/686fa492dca21dadb9ba8dd3
2025-07-11T06:24:52.069Z [info]: GET /api/reviews/book/686fa492dca21dadb9ba8db5
2025-07-11T06:24:52.071Z [info]: GET /api/reviews/book/686fa492dca21dadb9ba8db4
2025-07-11T06:24:52.073Z [info]: GET /api/reviews/book/686fa492dca21dadb9ba8de3
2025-07-11T06:24:52.075Z [info]: GET /api/reviews/book/686fa492dca21dadb9ba8de4
2025-07-11T06:24:52.085Z [info]: GET /api/reviews/book/686fa492dca21dadb9ba8dd4
2025-07-11T06:24:52.089Z [info]: GET /api/reviews/book/686fa492dca21dadb9ba8de5
2025-07-11T06:24:52.092Z [info]: GET /api/reviews/book/686fa492dca21dadb9ba8de6
2025-07-11T06:24:52.105Z [info]: GET /api/reviews/book/686fa492dca21dadb9ba8dd5
2025-07-11T06:24:52.109Z [info]: GET /api/reviews/book/686fa492dca21dadb9ba8dd6
2025-07-11T06:24:52.113Z [info]: GET /api/reviews/book/686fa492dca21dadb9ba8dd7
2025-07-11T06:24:52.118Z [info]: GET /api/reviews/book/686fa492dca21dadb9ba8dd8
2025-07-11T06:24:52.124Z [info]: GET /api/reviews/book/686fa492dca21dadb9ba8dd9
2025-07-11T06:24:52.129Z [info]: GET /api/reviews/book/686fa492dca21dadb9ba8de7
2025-07-11T06:24:52.132Z [info]: GET /api/reviews/book/686fa492dca21dadb9ba8de8
2025-07-11T06:24:52.137Z [info]: GET /api/reviews/book/686fa492dca21dadb9ba8de9
2025-07-11T06:24:52.142Z [info]: GET /api/reviews/book/686fa492dca21dadb9ba8dea
2025-07-11T06:24:52.150Z [info]: GET /api/reviews/book/686fa492dca21dadb9ba8dda
2025-07-11T06:24:52.154Z [info]: GET /api/reviews/book/686fa492dca21dadb9ba8deb
2025-07-11T06:24:52.158Z [info]: GET /api/reviews/book/686fa492dca21dadb9ba8dec
2025-07-11T06:24:52.172Z [info]: GET /api/reviews/book/686fa492dca21dadb9ba8ddb
2025-07-11T06:24:52.177Z [info]: GET /api/reviews/book/686fa492dca21dadb9ba8ddc
2025-07-11T06:24:52.181Z [info]: GET /api/reviews/book/686fa492dca21dadb9ba8ddd
2025-07-11T06:24:52.187Z [info]: GET /api/reviews/book/686fa492dca21dadb9ba8dde
2025-07-11T06:24:52.209Z [info]: GET /api/reviews/book/686fa492dca21dadb9ba8ddf
2025-07-11T06:24:52.213Z [info]: GET /api/reviews/book/686fa492dca21dadb9ba8ded
2025-07-11T06:24:52.215Z [info]: GET /api/reviews/book/686fa492dca21dadb9ba8dee
2025-07-11T06:24:52.218Z [info]: GET /api/reviews/book/686fa492dca21dadb9ba8def
2025-07-11T06:24:52.220Z [info]: GET /api/reviews/book/686fa492dca21dadb9ba8df0
2025-07-11T06:24:52.225Z [info]: GET /api/reviews/book/686fa492dca21dadb9ba8de0
2025-07-11T06:24:52.230Z [info]: GET /api/reviews/book/686fa492dca21dadb9ba8df1
2025-07-11T06:24:52.232Z [info]: GET /api/reviews/book/686fa492dca21dadb9ba8df2
2025-07-11T06:24:52.244Z [info]: GET /api/reviews/book/686fa492dca21dadb9ba8db5
2025-07-11T06:24:52.247Z [info]: GET /api/reviews/book/686fa492dca21dadb9ba8db4
2025-07-11T06:24:52.250Z [info]: GET /api/reviews/book/686fa492dca21dadb9ba8de3
2025-07-11T06:24:52.253Z [info]: GET /api/reviews/book/686fa492dca21dadb9ba8de4
2025-07-11T06:24:52.258Z [info]: GET /api/reviews/book/686fa492dca21dadb9ba8de5
2025-07-11T06:24:52.262Z [info]: GET /api/reviews/book/686fa492dca21dadb9ba8df3
2025-07-11T06:24:52.264Z [info]: GET /api/reviews/book/686fa492dca21dadb9ba8df4
2025-07-11T06:24:52.267Z [info]: GET /api/reviews/book/686fa492dca21dadb9ba8df5
2025-07-11T06:24:52.269Z [info]: GET /api/reviews/book/686fa492dca21dadb9ba8df6
2025-07-11T06:24:52.275Z [info]: GET /api/reviews/book/686fa492dca21dadb9ba8de6
2025-07-11T06:24:52.279Z [info]: GET /api/reviews/book/686fa492dca21dadb9ba8df7
2025-07-11T06:24:52.282Z [info]: GET /api/reviews/book/686fa492dca21dadb9ba8df8
2025-07-11T06:24:52.290Z [info]: GET /api/reviews/book/686fa492dca21dadb9ba8de7
2025-07-11T06:24:52.293Z [info]: GET /api/reviews/book/686fa492dca21dadb9ba8de8
2025-07-11T06:24:52.295Z [info]: GET /api/reviews/book/686fa492dca21dadb9ba8de9
2025-07-11T06:24:52.298Z [info]: GET /api/reviews/book/686fa492dca21dadb9ba8dea
2025-07-11T06:24:52.303Z [info]: GET /api/reviews/book/686fa492dca21dadb9ba8deb
2025-07-11T06:24:52.305Z [info]: GET /api/reviews/book/686fa492dca21dadb9ba8df9
2025-07-11T06:24:52.309Z [info]: GET /api/reviews/book/686fa492dca21dadb9ba8dfa
2025-07-11T06:24:52.311Z [info]: GET /api/reviews/book/686fa492dca21dadb9ba8dfb
2025-07-11T06:24:52.314Z [info]: GET /api/reviews/book/686fa492dca21dadb9ba8dfc
2025-07-11T06:24:52.320Z [info]: GET /api/reviews/book/686fa492dca21dadb9ba8dec
2025-07-11T06:24:52.324Z [info]: GET /api/reviews/book/686fa492dca21dadb9ba8dfd
2025-07-11T06:24:52.327Z [info]: GET /api/reviews/book/686fa492dca21dadb9ba8dfe
2025-07-11T06:24:52.335Z [info]: GET /api/reviews/book/686fa492dca21dadb9ba8ded
2025-07-11T06:24:52.338Z [info]: GET /api/reviews/book/686fa492dca21dadb9ba8dee
2025-07-11T06:24:52.341Z [info]: GET /api/reviews/book/686fa492dca21dadb9ba8def
2025-07-11T06:24:52.345Z [info]: GET /api/reviews/book/686fa492dca21dadb9ba8df0
2025-07-11T06:24:52.352Z [info]: GET /api/reviews/book/686fa492dca21dadb9ba8df1
2025-07-11T06:24:52.355Z [info]: GET /api/reviews/book/686fa492dca21dadb9ba8dff
2025-07-11T06:24:52.357Z [info]: GET /api/reviews/book/686fa492dca21dadb9ba8e00
2025-07-11T06:24:52.360Z [info]: GET /api/reviews/book/686fa492dca21dadb9ba8e01
2025-07-11T06:24:52.363Z [info]: GET /api/reviews/book/686fa492dca21dadb9ba8e02
2025-07-11T06:24:52.372Z [info]: GET /api/reviews/book/686fa492dca21dadb9ba8df2
2025-07-11T06:24:52.376Z [info]: GET /api/reviews/book/686fa492dca21dadb9ba8e03
2025-07-11T06:24:52.378Z [info]: GET /api/reviews/book/686fa492dca21dadb9ba8e04
2025-07-11T06:24:52.385Z [info]: GET /api/reviews/book/686fa492dca21dadb9ba8df3
2025-07-11T06:24:52.387Z [info]: GET /api/reviews/book/686fa492dca21dadb9ba8df4
2025-07-11T06:24:52.389Z [info]: GET /api/reviews/book/686fa492dca21dadb9ba8df5
2025-07-11T06:24:52.395Z [info]: GET /api/reviews/book/686fa492dca21dadb9ba8df6
2025-07-11T06:24:52.399Z [info]: GET /api/reviews/book/686fa492dca21dadb9ba8df7
2025-07-11T06:24:52.402Z [info]: GET /api/reviews/book/686fa492dca21dadb9ba8e05
2025-07-11T06:24:52.404Z [info]: GET /api/reviews/book/686fa492dca21dadb9ba8e06
2025-07-11T06:24:52.407Z [info]: GET /api/reviews/book/686fa492dca21dadb9ba8e07
2025-07-11T06:24:52.410Z [info]: GET /api/reviews/book/686fa492dca21dadb9ba8e08
2025-07-11T06:24:52.415Z [info]: GET /api/reviews/book/686fa492dca21dadb9ba8df8
2025-07-11T06:24:52.420Z [info]: GET /api/reviews/book/686fa492dca21dadb9ba8e09
2025-07-11T06:24:52.423Z [info]: GET /api/reviews/book/686fa492dca21dadb9ba8e0a
2025-07-11T06:24:52.431Z [info]: GET /api/reviews/book/686fa492dca21dadb9ba8df9
2025-07-11T06:24:52.434Z [info]: GET /api/reviews/book/686fa492dca21dadb9ba8dfa
2025-07-11T06:24:52.437Z [info]: GET /api/reviews/book/686fa492dca21dadb9ba8dfb
2025-07-11T06:24:52.441Z [info]: GET /api/reviews/book/686fa492dca21dadb9ba8dfc
2025-07-11T06:24:52.446Z [info]: GET /api/reviews/book/686fa492dca21dadb9ba8dfd
2025-07-11T06:24:52.449Z [info]: GET /api/reviews/book/686fa492dca21dadb9ba8e0b
2025-07-11T06:24:52.452Z [info]: GET /api/reviews/book/686fa492dca21dadb9ba8e0c
2025-07-11T06:24:52.455Z [info]: GET /api/reviews/book/686fa492dca21dadb9ba8de1
2025-07-11T06:24:52.457Z [info]: GET /api/reviews/book/686fa492dca21dadb9ba8de2
2025-07-11T06:24:52.463Z [info]: GET /api/reviews/book/686fa492dca21dadb9ba8dfe
2025-07-11T06:24:52.476Z [info]: GET /api/reviews/book/686fa492dca21dadb9ba8dff
2025-07-11T06:24:52.478Z [info]: GET /api/reviews/book/686fa492dca21dadb9ba8e00
2025-07-11T06:24:52.480Z [info]: GET /api/reviews/book/686fa492dca21dadb9ba8e01
2025-07-11T06:24:52.482Z [info]: GET /api/reviews/book/686fa492dca21dadb9ba8e02
2025-07-11T06:24:52.485Z [info]: GET /api/reviews/book/686fa492dca21dadb9ba8e03
2025-07-11T06:24:52.495Z [info]: GET /api/reviews/book/686fa492dca21dadb9ba8e04
2025-07-11T06:24:52.501Z [info]: GET /api/reviews/book/686fa492dca21dadb9ba8e05
2025-07-11T06:24:52.504Z [info]: GET /api/reviews/book/686fa492dca21dadb9ba8e06
2025-07-11T06:24:52.506Z [info]: GET /api/reviews/book/686fa492dca21dadb9ba8e07
2025-07-11T06:24:52.510Z [info]: GET /api/reviews/book/686fa492dca21dadb9ba8e08
2025-07-11T06:24:52.512Z [info]: GET /api/reviews/book/686fa492dca21dadb9ba8e09
2025-07-11T06:24:52.518Z [info]: GET /api/reviews/book/686fa492dca21dadb9ba8e0a
2025-07-11T06:24:52.524Z [info]: GET /api/reviews/book/686fa492dca21dadb9ba8e0b
2025-07-11T06:24:52.527Z [info]: GET /api/reviews/book/686fa492dca21dadb9ba8e0c
2025-07-11T06:24:52.530Z [info]: GET /api/reviews/book/686fa492dca21dadb9ba8de1
2025-07-11T06:24:52.533Z [info]: GET /api/reviews/book/686fa492dca21dadb9ba8de2
2025-07-11T06:33:49.481Z [info]: GET /api/reviews/book/686fa492dca21dadb9ba8da9
2025-07-11T06:33:49.557Z [info]: GET /api/reviews/book/686fa492dca21dadb9ba8daa
2025-07-11T06:33:49.563Z [info]: GET /api/reviews/book/686fa492dca21dadb9ba8dab
2025-07-11T06:33:49.567Z [info]: GET /api/reviews/book/686fa492dca21dadb9ba8daf
2025-07-11T06:33:49.591Z [info]: GET /api/reviews/book/686fa492dca21dadb9ba8db0
2025-07-11T06:33:49.594Z [info]: GET /api/reviews/book/686fa492dca21dadb9ba8db2
2025-07-11T06:33:49.614Z [info]: GET /api/reviews/book/686fa492dca21dadb9ba8db3
2025-07-11T06:33:49.616Z [info]: GET /api/reviews/book/686fa492dca21dadb9ba8dac
2025-07-11T06:33:49.619Z [info]: GET /api/reviews/book/686fa492dca21dadb9ba8db6
2025-07-11T06:33:49.623Z [info]: GET /api/reviews/book/686fa492dca21dadb9ba8db7
2025-07-11T06:33:49.626Z [info]: GET /api/reviews/book/686fa492dca21dadb9ba8db8
2025-07-11T06:33:49.630Z [info]: GET /api/reviews/book/686fa492dca21dadb9ba8db9
2025-07-11T06:33:49.652Z [info]: GET /api/reviews/book/686fa492dca21dadb9ba8dba
2025-07-11T06:33:49.659Z [info]: GET /api/reviews/book/686fa492dca21dadb9ba8dad
2025-07-11T06:33:49.666Z [info]: GET /api/reviews/book/686fa492dca21dadb9ba8dbb
2025-07-11T06:33:49.671Z [info]: GET /api/reviews/book/686fa492dca21dadb9ba8dbc
2025-07-11T06:33:49.674Z [info]: GET /api/reviews/book/686fa492dca21dadb9ba8dae
2025-07-11T06:33:49.677Z [info]: GET /api/reviews/book/686fa492dca21dadb9ba8db1
2025-07-11T06:33:49.691Z [info]: GET /api/reviews/book/686fa492dca21dadb9ba8dbd
2025-07-11T06:33:49.694Z [info]: GET /api/reviews/book/686fa492dca21dadb9ba8dbe
2025-07-11T06:33:49.696Z [info]: GET /api/reviews/book/686fa492dca21dadb9ba8dbf
2025-07-11T06:33:49.698Z [info]: GET /api/reviews/book/686fa492dca21dadb9ba8dc0
2025-07-11T06:33:49.700Z [info]: GET /api/reviews/book/686fa492dca21dadb9ba8dc1
2025-07-11T06:33:49.703Z [info]: GET /api/reviews/book/686fa492dca21dadb9ba8dc2
2025-07-11T06:33:49.717Z [info]: GET /api/reviews/book/686fa492dca21dadb9ba8dc3
2025-07-11T06:33:49.722Z [info]: GET /api/reviews/book/686fa492dca21dadb9ba8dc4
2025-07-11T06:33:49.725Z [info]: GET /api/reviews/book/686fa492dca21dadb9ba8dc5
2025-07-11T06:33:49.728Z [info]: GET /api/reviews/book/686fa492dca21dadb9ba8dc6
2025-07-11T06:33:49.730Z [info]: GET /api/reviews/book/686fa492dca21dadb9ba8dc7
2025-07-11T06:33:49.732Z [info]: GET /api/reviews/book/686fa492dca21dadb9ba8dc8
2025-07-11T06:33:49.746Z [info]: GET /api/reviews/book/686fa492dca21dadb9ba8dc9
2025-07-11T06:33:49.751Z [info]: GET /api/reviews/book/686fa492dca21dadb9ba8dca
2025-07-11T06:33:49.757Z [info]: GET /api/reviews/book/686fa492dca21dadb9ba8dcb
2025-07-11T06:33:49.761Z [info]: GET /api/reviews/book/686fa492dca21dadb9ba8dcc
2025-07-11T06:33:49.763Z [info]: GET /api/reviews/book/686fa492dca21dadb9ba8dcd
2025-07-11T06:33:49.765Z [info]: GET /api/reviews/book/686fa492dca21dadb9ba8dce
2025-07-11T06:33:49.779Z [info]: GET /api/reviews/book/686fa492dca21dadb9ba8dcf
2025-07-11T06:33:49.783Z [info]: GET /api/reviews/book/686fa492dca21dadb9ba8dd0
2025-07-11T06:33:49.786Z [info]: GET /api/reviews/book/686fa492dca21dadb9ba8dd1
2025-07-11T06:33:49.790Z [info]: GET /api/reviews/book/686fa492dca21dadb9ba8dd2
2025-07-11T06:33:49.795Z [info]: GET /api/reviews/book/686fa492dca21dadb9ba8dd3
2025-07-11T06:33:49.798Z [info]: GET /api/reviews/book/686fa492dca21dadb9ba8dd4
2025-07-11T06:33:49.814Z [info]: GET /api/reviews/book/686fa492dca21dadb9ba8dd5
2025-07-11T06:33:49.818Z [info]: GET /api/reviews/book/686fa492dca21dadb9ba8dd6
2025-07-11T06:33:49.825Z [info]: GET /api/reviews/book/686fa492dca21dadb9ba8dd7
2025-07-11T06:33:49.831Z [info]: GET /api/reviews/book/686fa492dca21dadb9ba8dd8
2025-07-11T06:33:49.834Z [info]: GET /api/reviews/book/686fa492dca21dadb9ba8dd9
2025-07-11T06:33:49.839Z [info]: GET /api/reviews/book/686fa492dca21dadb9ba8dda
2025-07-11T06:33:49.863Z [info]: GET /api/reviews/book/686fa492dca21dadb9ba8ddb
2025-07-11T06:33:49.868Z [info]: GET /api/reviews/book/686fa492dca21dadb9ba8ddc
2025-07-11T06:33:49.870Z [info]: GET /api/reviews/book/686fa492dca21dadb9ba8ddd
2025-07-11T06:33:49.875Z [info]: GET /api/reviews/book/686fa492dca21dadb9ba8dde
2025-07-11T06:33:49.879Z [info]: GET /api/reviews/book/686fa492dca21dadb9ba8ddf
2025-07-11T06:33:49.882Z [info]: GET /api/reviews/book/686fa492dca21dadb9ba8de0
2025-07-11T06:33:49.896Z [info]: GET /api/reviews/book/686fa492dca21dadb9ba8db5
2025-07-11T06:33:49.899Z [info]: GET /api/reviews/book/686fa492dca21dadb9ba8db4
2025-07-11T06:33:49.901Z [info]: GET /api/reviews/book/686fa492dca21dadb9ba8de3
2025-07-11T06:33:49.906Z [info]: GET /api/reviews/book/686fa492dca21dadb9ba8de4
2025-07-11T06:33:49.910Z [info]: GET /api/reviews/book/686fa492dca21dadb9ba8de5
2025-07-11T06:33:49.913Z [info]: GET /api/reviews/book/686fa492dca21dadb9ba8de6
2025-07-11T06:33:49.932Z [info]: GET /api/reviews/book/686fa492dca21dadb9ba8de7
2025-07-11T06:33:49.934Z [info]: GET /api/reviews/book/686fa492dca21dadb9ba8de8
2025-07-11T06:33:49.940Z [info]: GET /api/reviews/book/686fa492dca21dadb9ba8de9
2025-07-11T06:33:49.943Z [info]: GET /api/reviews/book/686fa492dca21dadb9ba8dea
2025-07-11T06:33:49.946Z [info]: GET /api/reviews/book/686fa492dca21dadb9ba8deb
2025-07-11T06:33:49.948Z [info]: GET /api/reviews/book/686fa492dca21dadb9ba8dec
2025-07-11T06:33:49.957Z [info]: GET /api/reviews/book/686fa492dca21dadb9ba8ded
2025-07-11T06:33:49.963Z [info]: GET /api/reviews/book/686fa492dca21dadb9ba8dee
2025-07-11T06:33:49.965Z [info]: GET /api/reviews/book/686fa492dca21dadb9ba8def
2025-07-11T06:33:49.967Z [info]: GET /api/reviews/book/686fa492dca21dadb9ba8df0
2025-07-11T06:33:49.970Z [info]: GET /api/reviews/book/686fa492dca21dadb9ba8df1
2025-07-11T06:33:49.974Z [info]: GET /api/reviews/book/686fa492dca21dadb9ba8df2
2025-07-11T06:33:49.988Z [info]: GET /api/reviews/book/686fa492dca21dadb9ba8df3
2025-07-11T06:33:49.992Z [info]: GET /api/reviews/book/686fa492dca21dadb9ba8df4
2025-07-11T06:33:49.994Z [info]: GET /api/reviews/book/686fa492dca21dadb9ba8df5
2025-07-11T06:33:49.996Z [info]: GET /api/reviews/book/686fa492dca21dadb9ba8df6
2025-07-11T06:33:49.998Z [info]: GET /api/reviews/book/686fa492dca21dadb9ba8df7
2025-07-11T06:33:49.999Z [info]: GET /api/reviews/book/686fa492dca21dadb9ba8df8
2025-07-11T06:33:50.012Z [info]: GET /api/reviews/book/686fa492dca21dadb9ba8df9
2025-07-11T06:33:50.015Z [info]: GET /api/reviews/book/686fa492dca21dadb9ba8dfa
2025-07-11T06:33:50.017Z [info]: GET /api/reviews/book/686fa492dca21dadb9ba8dfb
2025-07-11T06:33:50.019Z [info]: GET /api/reviews/book/686fa492dca21dadb9ba8dfc
2025-07-11T06:33:50.022Z [info]: GET /api/reviews/book/686fa492dca21dadb9ba8dfd
2025-07-11T06:33:50.025Z [info]: GET /api/reviews/book/686fa492dca21dadb9ba8dfe
2025-07-11T06:33:50.034Z [info]: GET /api/reviews/book/686fa492dca21dadb9ba8dff
2025-07-11T06:33:50.036Z [info]: GET /api/reviews/book/686fa492dca21dadb9ba8e00
2025-07-11T06:33:50.039Z [info]: GET /api/reviews/book/686fa492dca21dadb9ba8e01
2025-07-11T06:33:50.042Z [info]: GET /api/reviews/book/686fa492dca21dadb9ba8e02
2025-07-11T06:33:50.044Z [info]: GET /api/reviews/book/686fa492dca21dadb9ba8e03
2025-07-11T06:33:50.046Z [info]: GET /api/reviews/book/686fa492dca21dadb9ba8e04
2025-07-11T06:33:50.057Z [info]: GET /api/reviews/book/686fa492dca21dadb9ba8e05
2025-07-11T06:33:50.060Z [info]: GET /api/reviews/book/686fa492dca21dadb9ba8e06
2025-07-11T06:33:50.063Z [info]: GET /api/reviews/book/686fa492dca21dadb9ba8e07
2025-07-11T06:33:50.065Z [info]: GET /api/reviews/book/686fa492dca21dadb9ba8e08
2025-07-11T06:33:50.067Z [info]: GET /api/reviews/book/686fa492dca21dadb9ba8e09
2025-07-11T06:33:50.068Z [info]: GET /api/reviews/book/686fa492dca21dadb9ba8e0a
2025-07-11T06:33:50.081Z [info]: GET /api/reviews/book/686fa492dca21dadb9ba8e0b
2025-07-11T06:33:50.084Z [info]: GET /api/reviews/book/686fa492dca21dadb9ba8e0c
2025-07-11T06:33:50.085Z [info]: GET /api/reviews/book/686fa492dca21dadb9ba8de1
2025-07-11T06:33:50.088Z [info]: GET /api/reviews/book/686fa492dca21dadb9ba8de2
2025-07-11T06:35:29.048Z [info]: GET /api/reviews/book/1
2025-07-11T06:35:29.065Z [error]: Error fetching reviews:
2025-07-11T06:35:29.070Z [info]: GET /api/reviews/book/2
2025-07-11T06:35:29.071Z [error]: Error fetching reviews:
2025-07-11T06:35:29.072Z [info]: GET /api/reviews/book/3
2025-07-11T06:35:29.073Z [error]: Error fetching reviews:
2025-07-11T06:35:29.076Z [info]: GET /api/reviews/book/4
2025-07-11T06:35:29.077Z [error]: Error fetching reviews:
2025-07-11T06:35:36.437Z [info]: GET /api/reviews/book/1
2025-07-11T06:35:36.439Z [error]: Error fetching reviews:
2025-07-11T06:35:36.444Z [info]: GET /api/reviews/book/2
2025-07-11T06:35:36.446Z [error]: Error fetching reviews:
2025-07-11T06:35:36.448Z [info]: GET /api/reviews/book/3
2025-07-11T06:35:36.450Z [error]: Error fetching reviews:
2025-07-11T06:35:36.453Z [info]: GET /api/reviews/book/4
2025-07-11T06:35:36.456Z [error]: Error fetching reviews:
2025-07-11T06:38:59.756Z [info]: GET /api/reviews/book/686fa492dca21dadb9ba8da9
2025-07-11T06:38:59.817Z [info]: GET /api/reviews/book/686fa492dca21dadb9ba8daa
2025-07-11T06:38:59.820Z [info]: GET /api/reviews/book/686fa492dca21dadb9ba8dab
2025-07-11T06:38:59.824Z [info]: GET /api/reviews/book/686fa492dca21dadb9ba8daf
2025-07-11T06:38:59.830Z [info]: GET /api/reviews/book/686fa492dca21dadb9ba8db0
2025-07-11T06:38:59.834Z [info]: GET /api/reviews/book/686fa492dca21dadb9ba8db2
2025-07-11T06:38:59.905Z [info]: GET /api/reviews/book/686fa492dca21dadb9ba8da9
2025-07-11T06:38:59.908Z [info]: GET /api/reviews/book/686fa492dca21dadb9ba8daa
2025-07-11T06:38:59.914Z [info]: GET /api/reviews/book/686fa492dca21dadb9ba8dab
2025-07-11T06:38:59.923Z [info]: GET /api/reviews/book/686fa492dca21dadb9ba8db3
2025-07-11T06:38:59.927Z [info]: GET /api/reviews/book/686fa492dca21dadb9ba8dac
2025-07-11T06:38:59.930Z [info]: GET /api/reviews/book/686fa492dca21dadb9ba8db6
2025-07-11T06:38:59.934Z [info]: GET /api/reviews/book/686fa492dca21dadb9ba8db7
2025-07-11T06:38:59.938Z [info]: GET /api/reviews/book/686fa492dca21dadb9ba8db8
2025-07-11T06:38:59.950Z [info]: GET /api/reviews/book/686fa492dca21dadb9ba8db0
2025-07-11T06:38:59.954Z [info]: GET /api/reviews/book/686fa492dca21dadb9ba8daf
2025-07-11T06:38:59.957Z [info]: GET /api/reviews/book/686fa492dca21dadb9ba8db2
2025-07-11T06:38:59.967Z [info]: GET /api/reviews/book/686fa492dca21dadb9ba8db9
2025-07-11T06:39:00.005Z [info]: GET /api/reviews/book/686fa492dca21dadb9ba8db3
2025-07-11T06:39:00.008Z [info]: GET /api/reviews/book/686fa492dca21dadb9ba8dac
2025-07-11T06:39:00.017Z [info]: GET /api/reviews/book/686fa492dca21dadb9ba8db6
2025-07-11T06:39:00.027Z [info]: GET /api/reviews/book/686fa492dca21dadb9ba8dba
2025-07-11T06:39:00.030Z [info]: GET /api/reviews/book/686fa492dca21dadb9ba8dad
2025-07-11T06:39:00.032Z [info]: GET /api/reviews/book/686fa492dca21dadb9ba8dbb
2025-07-11T06:39:00.034Z [info]: GET /api/reviews/book/686fa492dca21dadb9ba8dbc
2025-07-11T06:39:00.037Z [info]: GET /api/reviews/book/686fa492dca21dadb9ba8dae
2025-07-11T06:39:00.045Z [info]: GET /api/reviews/book/686fa492dca21dadb9ba8db8
2025-07-11T06:39:00.049Z [info]: GET /api/reviews/book/686fa492dca21dadb9ba8db7
2025-07-11T06:39:00.053Z [info]: GET /api/reviews/book/686fa492dca21dadb9ba8db9
2025-07-11T06:39:00.056Z [info]: GET /api/reviews/book/686fa492dca21dadb9ba8db1
2025-07-11T06:39:00.079Z [info]: GET /api/reviews/book/686fa492dca21dadb9ba8dba
2025-07-11T06:39:00.082Z [info]: GET /api/reviews/book/686fa492dca21dadb9ba8dbb
2025-07-11T06:39:00.091Z [info]: GET /api/reviews/book/686fa492dca21dadb9ba8dad
2025-07-11T06:39:00.098Z [info]: GET /api/reviews/book/686fa492dca21dadb9ba8dbd
2025-07-11T06:39:00.101Z [info]: GET /api/reviews/book/686fa492dca21dadb9ba8dbe
2025-07-11T06:39:00.103Z [info]: GET /api/reviews/book/686fa492dca21dadb9ba8dbf
2025-07-11T06:39:00.106Z [info]: GET /api/reviews/book/686fa492dca21dadb9ba8dc0
2025-07-11T06:39:00.111Z [info]: GET /api/reviews/book/686fa492dca21dadb9ba8dc1
2025-07-11T06:39:00.120Z [info]: GET /api/reviews/book/686fa492dca21dadb9ba8dbc
2025-07-11T06:39:00.123Z [info]: GET /api/reviews/book/686fa492dca21dadb9ba8dae
2025-07-11T06:39:00.130Z [info]: GET /api/reviews/book/686fa492dca21dadb9ba8db1
2025-07-11T06:39:00.134Z [info]: GET /api/reviews/book/686fa492dca21dadb9ba8dc2
2025-07-11T06:39:00.144Z [info]: GET /api/reviews/book/686fa492dca21dadb9ba8dbd
2025-07-11T06:39:00.147Z [info]: GET /api/reviews/book/686fa492dca21dadb9ba8dbe
2025-07-11T06:39:00.152Z [info]: GET /api/reviews/book/686fa492dca21dadb9ba8dbf
2025-07-11T06:39:00.157Z [info]: GET /api/reviews/book/686fa492dca21dadb9ba8dc3
2025-07-11T06:39:00.161Z [info]: GET /api/reviews/book/686fa492dca21dadb9ba8dc4
2025-07-11T06:39:00.165Z [info]: GET /api/reviews/book/686fa492dca21dadb9ba8dc5
2025-07-11T06:39:00.167Z [info]: GET /api/reviews/book/686fa492dca21dadb9ba8dc6
2025-07-11T06:39:00.170Z [info]: GET /api/reviews/book/686fa492dca21dadb9ba8dc7
2025-07-11T06:39:00.183Z [info]: GET /api/reviews/book/686fa492dca21dadb9ba8dc0
2025-07-11T06:39:00.185Z [info]: GET /api/reviews/book/686fa492dca21dadb9ba8dc1
2025-07-11T06:39:00.189Z [info]: GET /api/reviews/book/686fa492dca21dadb9ba8dc2
2025-07-11T06:39:00.191Z [info]: GET /api/reviews/book/686fa492dca21dadb9ba8dc8
2025-07-11T06:39:00.202Z [info]: GET /api/reviews/book/686fa492dca21dadb9ba8dc3
2025-07-11T06:39:00.205Z [info]: GET /api/reviews/book/686fa492dca21dadb9ba8dc4
2025-07-11T06:39:00.212Z [info]: GET /api/reviews/book/686fa492dca21dadb9ba8dc5
2025-07-11T06:39:00.217Z [info]: GET /api/reviews/book/686fa492dca21dadb9ba8dc9
2025-07-11T06:39:00.221Z [info]: GET /api/reviews/book/686fa492dca21dadb9ba8dca
2025-07-11T06:39:00.230Z [info]: GET /api/reviews/book/686fa492dca21dadb9ba8dcb
2025-07-11T06:39:00.232Z [info]: GET /api/reviews/book/686fa492dca21dadb9ba8dcc
2025-07-11T06:39:00.237Z [info]: GET /api/reviews/book/686fa492dca21dadb9ba8dcd
2025-07-11T06:39:00.242Z [info]: GET /api/reviews/book/686fa492dca21dadb9ba8dc6
2025-07-11T06:39:00.245Z [info]: GET /api/reviews/book/686fa492dca21dadb9ba8dc7
2025-07-11T06:39:00.248Z [info]: GET /api/reviews/book/686fa492dca21dadb9ba8dc8
2025-07-11T06:39:00.251Z [info]: GET /api/reviews/book/686fa492dca21dadb9ba8dce
2025-07-11T06:39:00.262Z [info]: GET /api/reviews/book/686fa492dca21dadb9ba8dc9
2025-07-11T06:39:00.265Z [info]: GET /api/reviews/book/686fa492dca21dadb9ba8dca
2025-07-11T06:39:00.269Z [info]: GET /api/reviews/book/686fa492dca21dadb9ba8dcb
2025-07-11T06:39:00.276Z [info]: GET /api/reviews/book/686fa492dca21dadb9ba8dcf
2025-07-11T06:39:00.282Z [info]: GET /api/reviews/book/686fa492dca21dadb9ba8dd0
2025-07-11T06:39:00.286Z [info]: GET /api/reviews/book/686fa492dca21dadb9ba8dd1
2025-07-11T06:39:00.289Z [info]: GET /api/reviews/book/686fa492dca21dadb9ba8dd2
2025-07-11T06:39:00.295Z [info]: GET /api/reviews/book/686fa492dca21dadb9ba8dd3
2025-07-11T06:39:00.307Z [info]: GET /api/reviews/book/686fa492dca21dadb9ba8dcc
2025-07-11T06:39:00.316Z [info]: GET /api/reviews/book/686fa492dca21dadb9ba8dcd
2025-07-11T06:39:00.322Z [info]: GET /api/reviews/book/686fa492dca21dadb9ba8dce
2025-07-11T06:39:00.326Z [info]: GET /api/reviews/book/686fa492dca21dadb9ba8dd4
2025-07-11T06:39:00.345Z [info]: GET /api/reviews/book/686fa492dca21dadb9ba8dd0
2025-07-11T06:39:00.349Z [info]: GET /api/reviews/book/686fa492dca21dadb9ba8dcf
2025-07-11T06:39:00.356Z [info]: GET /api/reviews/book/686fa492dca21dadb9ba8dd1
2025-07-11T06:39:00.366Z [info]: GET /api/reviews/book/686fa492dca21dadb9ba8dd5
2025-07-11T06:39:00.369Z [info]: GET /api/reviews/book/686fa492dca21dadb9ba8dd6
2025-07-11T06:39:00.372Z [info]: GET /api/reviews/book/686fa492dca21dadb9ba8dd7
2025-07-11T06:39:00.378Z [info]: GET /api/reviews/book/686fa492dca21dadb9ba8dd8
2025-07-11T06:39:00.380Z [info]: GET /api/reviews/book/686fa492dca21dadb9ba8dd9
2025-07-11T06:39:00.385Z [info]: GET /api/reviews/book/686fa492dca21dadb9ba8dd2
2025-07-11T06:39:00.389Z [info]: GET /api/reviews/book/686fa492dca21dadb9ba8dd3
2025-07-11T06:39:00.395Z [info]: GET /api/reviews/book/686fa492dca21dadb9ba8dd4
2025-07-11T06:39:00.398Z [info]: GET /api/reviews/book/686fa492dca21dadb9ba8dda
2025-07-11T06:39:00.411Z [info]: GET /api/reviews/book/686fa492dca21dadb9ba8dd5
2025-07-11T06:39:00.415Z [info]: GET /api/reviews/book/686fa492dca21dadb9ba8dd6
2025-07-11T06:39:00.423Z [info]: GET /api/reviews/book/686fa492dca21dadb9ba8dd7
2025-07-11T06:39:00.432Z [info]: GET /api/reviews/book/686fa492dca21dadb9ba8ddb
2025-07-11T06:39:00.435Z [info]: GET /api/reviews/book/686fa492dca21dadb9ba8ddc
2025-07-11T06:39:00.438Z [info]: GET /api/reviews/book/686fa492dca21dadb9ba8ddd
2025-07-11T06:39:00.442Z [info]: GET /api/reviews/book/686fa492dca21dadb9ba8dde
2025-07-11T06:39:00.446Z [info]: GET /api/reviews/book/686fa492dca21dadb9ba8ddf
2025-07-11T06:39:00.451Z [info]: GET /api/reviews/book/686fa492dca21dadb9ba8dd8
2025-07-11T06:39:00.454Z [info]: GET /api/reviews/book/686fa492dca21dadb9ba8dd9
2025-07-11T06:39:00.457Z [info]: GET /api/reviews/book/686fa492dca21dadb9ba8dda
2025-07-11T06:39:00.462Z [info]: GET /api/reviews/book/686fa492dca21dadb9ba8de0
2025-07-11T06:39:00.474Z [info]: GET /api/reviews/book/686fa492dca21dadb9ba8ddb
2025-07-11T06:39:00.478Z [info]: GET /api/reviews/book/686fa492dca21dadb9ba8ddc
2025-07-11T06:39:00.485Z [info]: GET /api/reviews/book/686fa492dca21dadb9ba8ddd
2025-07-11T06:39:00.492Z [info]: GET /api/reviews/book/686fa492dca21dadb9ba8db5
2025-07-11T06:39:00.497Z [info]: GET /api/reviews/book/686fa492dca21dadb9ba8db4
2025-07-11T06:39:00.501Z [info]: GET /api/reviews/book/686fa492dca21dadb9ba8de3
2025-07-11T06:39:00.505Z [info]: GET /api/reviews/book/686fa492dca21dadb9ba8de4
2025-07-11T06:39:00.509Z [info]: GET /api/reviews/book/686fa492dca21dadb9ba8de5
2025-07-11T06:39:00.517Z [info]: GET /api/reviews/book/686fa492dca21dadb9ba8dde
2025-07-11T06:39:00.521Z [info]: GET /api/reviews/book/686fa492dca21dadb9ba8ddf
2025-07-11T06:39:00.526Z [info]: GET /api/reviews/book/686fa492dca21dadb9ba8de0
2025-07-11T06:39:00.555Z [info]: GET /api/reviews/book/686fa492dca21dadb9ba8de6
2025-07-11T06:39:00.569Z [info]: GET /api/reviews/book/686fa492dca21dadb9ba8db5
2025-07-11T06:39:00.573Z [info]: GET /api/reviews/book/686fa492dca21dadb9ba8db4
2025-07-11T06:39:00.581Z [info]: GET /api/reviews/book/686fa492dca21dadb9ba8de3
2025-07-11T06:39:00.589Z [info]: GET /api/reviews/book/686fa492dca21dadb9ba8de7
2025-07-11T06:39:00.596Z [info]: GET /api/reviews/book/686fa492dca21dadb9ba8de8
2025-07-11T06:39:00.599Z [info]: GET /api/reviews/book/686fa492dca21dadb9ba8de9
2025-07-11T06:39:00.603Z [info]: GET /api/reviews/book/686fa492dca21dadb9ba8dea
2025-07-11T06:39:00.607Z [info]: GET /api/reviews/book/686fa492dca21dadb9ba8deb
2025-07-11T06:39:00.615Z [info]: GET /api/reviews/book/686fa492dca21dadb9ba8de4
2025-07-11T06:39:00.618Z [info]: GET /api/reviews/book/686fa492dca21dadb9ba8de6
2025-07-11T06:39:00.625Z [info]: GET /api/reviews/book/686fa492dca21dadb9ba8de5
2025-07-11T06:39:00.631Z [info]: GET /api/reviews/book/686fa492dca21dadb9ba8dec
2025-07-11T06:39:00.643Z [info]: GET /api/reviews/book/686fa492dca21dadb9ba8de7
2025-07-11T06:39:00.648Z [info]: GET /api/reviews/book/686fa492dca21dadb9ba8de8
2025-07-11T06:39:00.658Z [info]: GET /api/reviews/book/686fa492dca21dadb9ba8de9
2025-07-11T06:39:00.664Z [info]: GET /api/reviews/book/686fa492dca21dadb9ba8ded
2025-07-11T06:39:00.670Z [info]: GET /api/reviews/book/686fa492dca21dadb9ba8dee
2025-07-11T06:39:00.674Z [info]: GET /api/reviews/book/686fa492dca21dadb9ba8def
2025-07-11T06:39:00.678Z [info]: GET /api/reviews/book/686fa492dca21dadb9ba8df0
2025-07-11T06:39:00.683Z [info]: GET /api/reviews/book/686fa492dca21dadb9ba8df1
2025-07-11T06:39:00.695Z [info]: GET /api/reviews/book/686fa492dca21dadb9ba8dea
2025-07-11T06:39:00.700Z [info]: GET /api/reviews/book/686fa492dca21dadb9ba8deb
2025-07-11T06:39:00.714Z [info]: GET /api/reviews/book/686fa492dca21dadb9ba8dec
2025-07-11T06:39:00.720Z [info]: GET /api/reviews/book/686fa492dca21dadb9ba8df2
2025-07-11T06:39:00.731Z [info]: GET /api/reviews/book/686fa492dca21dadb9ba8dee
2025-07-11T06:39:00.736Z [info]: GET /api/reviews/book/686fa492dca21dadb9ba8ded
2025-07-11T06:39:00.746Z [info]: GET /api/reviews/book/686fa492dca21dadb9ba8def
2025-07-11T06:39:00.753Z [info]: GET /api/reviews/book/686fa492dca21dadb9ba8df3
2025-07-11T06:39:00.760Z [info]: GET /api/reviews/book/686fa492dca21dadb9ba8df4
2025-07-11T06:39:00.764Z [info]: GET /api/reviews/book/686fa492dca21dadb9ba8df5
2025-07-11T06:39:00.767Z [info]: GET /api/reviews/book/686fa492dca21dadb9ba8df6
2025-07-11T06:39:00.770Z [info]: GET /api/reviews/book/686fa492dca21dadb9ba8df7
2025-07-11T06:39:00.782Z [info]: GET /api/reviews/book/686fa492dca21dadb9ba8df0
2025-07-11T06:39:00.785Z [info]: GET /api/reviews/book/686fa492dca21dadb9ba8df1
2025-07-11T06:39:00.790Z [info]: GET /api/reviews/book/686fa492dca21dadb9ba8df2
2025-07-11T06:39:00.795Z [info]: GET /api/reviews/book/686fa492dca21dadb9ba8df8
2025-07-11T06:39:00.805Z [info]: GET /api/reviews/book/686fa492dca21dadb9ba8df3
2025-07-11T06:39:00.809Z [info]: GET /api/reviews/book/686fa492dca21dadb9ba8df4
2025-07-11T06:39:00.814Z [info]: GET /api/reviews/book/686fa492dca21dadb9ba8df5
2025-07-11T06:39:00.821Z [info]: GET /api/reviews/book/686fa492dca21dadb9ba8df9
2025-07-11T06:39:00.827Z [info]: GET /api/reviews/book/686fa492dca21dadb9ba8dfa
2025-07-11T06:39:00.832Z [info]: GET /api/reviews/book/686fa492dca21dadb9ba8dfb
2025-07-11T06:39:00.835Z [info]: GET /api/reviews/book/686fa492dca21dadb9ba8dfc
2025-07-11T06:39:00.838Z [info]: GET /api/reviews/book/686fa492dca21dadb9ba8dfd
2025-07-11T06:39:00.852Z [info]: GET /api/reviews/book/686fa492dca21dadb9ba8df6
2025-07-11T06:39:00.856Z [info]: GET /api/reviews/book/686fa492dca21dadb9ba8df7
2025-07-11T06:39:00.862Z [info]: GET /api/reviews/book/686fa492dca21dadb9ba8df8
2025-07-11T06:39:00.867Z [info]: GET /api/reviews/book/686fa492dca21dadb9ba8dfe
2025-07-11T06:39:00.881Z [info]: GET /api/reviews/book/686fa492dca21dadb9ba8df9
2025-07-11T06:39:00.888Z [info]: GET /api/reviews/book/686fa492dca21dadb9ba8dfa
2025-07-11T06:39:00.895Z [info]: GET /api/reviews/book/686fa492dca21dadb9ba8dfb
2025-07-11T06:39:00.904Z [info]: GET /api/reviews/book/686fa492dca21dadb9ba8dff
2025-07-11T06:39:00.913Z [info]: GET /api/reviews/book/686fa492dca21dadb9ba8e00
2025-07-11T06:39:00.917Z [info]: GET /api/reviews/book/686fa492dca21dadb9ba8e01
2025-07-11T06:39:00.921Z [info]: GET /api/reviews/book/686fa492dca21dadb9ba8e02
2025-07-11T06:39:00.923Z [info]: GET /api/reviews/book/686fa492dca21dadb9ba8e03
2025-07-11T06:39:00.930Z [info]: GET /api/reviews/book/686fa492dca21dadb9ba8dfc
2025-07-11T06:39:00.933Z [info]: GET /api/reviews/book/686fa492dca21dadb9ba8dfd
2025-07-11T06:39:00.935Z [info]: GET /api/reviews/book/686fa492dca21dadb9ba8dfe
2025-07-11T06:39:00.940Z [info]: GET /api/reviews/book/686fa492dca21dadb9ba8e04
2025-07-11T06:39:00.948Z [info]: GET /api/reviews/book/686fa492dca21dadb9ba8dff
2025-07-11T06:39:00.951Z [info]: GET /api/reviews/book/686fa492dca21dadb9ba8e00
2025-07-11T06:39:00.958Z [info]: GET /api/reviews/book/686fa492dca21dadb9ba8e01
2025-07-11T06:39:00.962Z [info]: GET /api/reviews/book/686fa492dca21dadb9ba8e05
2025-07-11T06:39:00.967Z [info]: GET /api/reviews/book/686fa492dca21dadb9ba8e06
2025-07-11T06:39:00.970Z [info]: GET /api/reviews/book/686fa492dca21dadb9ba8e07
2025-07-11T06:39:00.973Z [info]: GET /api/reviews/book/686fa492dca21dadb9ba8e08
2025-07-11T06:39:00.975Z [info]: GET /api/reviews/book/686fa492dca21dadb9ba8e09
2025-07-11T06:39:00.979Z [info]: GET /api/reviews/book/686fa492dca21dadb9ba8e02
2025-07-11T06:39:00.981Z [info]: GET /api/reviews/book/686fa492dca21dadb9ba8e03
2025-07-11T06:39:00.984Z [info]: GET /api/reviews/book/686fa492dca21dadb9ba8e04
2025-07-11T06:39:00.987Z [info]: GET /api/reviews/book/686fa492dca21dadb9ba8e0a
2025-07-11T06:39:00.995Z [info]: GET /api/reviews/book/686fa492dca21dadb9ba8e05
2025-07-11T06:39:00.998Z [info]: GET /api/reviews/book/686fa492dca21dadb9ba8e06
2025-07-11T06:39:01.003Z [info]: GET /api/reviews/book/686fa492dca21dadb9ba8e07
2025-07-11T06:39:01.008Z [info]: GET /api/reviews/book/686fa492dca21dadb9ba8e0b
2025-07-11T06:39:01.012Z [info]: GET /api/reviews/book/686fa492dca21dadb9ba8e0c
2025-07-11T06:39:01.014Z [info]: GET /api/reviews/book/686fa492dca21dadb9ba8de1
2025-07-11T06:39:01.017Z [info]: GET /api/reviews/book/686fa492dca21dadb9ba8de2
2025-07-11T06:39:01.021Z [info]: GET /api/reviews/book/686fa492dca21dadb9ba8e08
2025-07-11T06:39:01.024Z [info]: GET /api/reviews/book/686fa492dca21dadb9ba8e09
2025-07-11T06:39:01.028Z [info]: GET /api/reviews/book/686fa492dca21dadb9ba8e0b
2025-07-11T06:39:01.038Z [info]: GET /api/reviews/book/686fa492dca21dadb9ba8e0a
2025-07-11T06:39:01.042Z [info]: GET /api/reviews/book/686fa492dca21dadb9ba8e0c
2025-07-11T06:39:01.047Z [info]: GET /api/reviews/book/686fa492dca21dadb9ba8de1
2025-07-11T06:39:01.057Z [info]: GET /api/reviews/book/686fa492dca21dadb9ba8de2
2025-07-11T06:46:09.993Z [info]: GET /api/reviews/book/686fa492dca21dadb9ba8da9
2025-07-11T06:46:10.073Z [info]: GET /api/reviews/book/686fa492dca21dadb9ba8daa
2025-07-11T06:46:10.082Z [info]: GET /api/reviews/book/686fa492dca21dadb9ba8dab
2025-07-11T06:46:10.085Z [info]: GET /api/reviews/book/686fa492dca21dadb9ba8daf
2025-07-11T06:46:10.092Z [info]: GET /api/reviews/book/686fa492dca21dadb9ba8db0
2025-07-11T06:46:10.100Z [info]: GET /api/reviews/book/686fa492dca21dadb9ba8db2
2025-07-11T06:46:10.134Z [info]: GET /api/reviews/book/686fa492dca21dadb9ba8db3
2025-07-11T06:46:10.140Z [info]: GET /api/reviews/book/686fa492dca21dadb9ba8dac
2025-07-11T06:46:10.159Z [info]: GET /api/reviews/book/686fa492dca21dadb9ba8db6
2025-07-11T06:46:10.161Z [info]: GET /api/reviews/book/686fa492dca21dadb9ba8db7
2025-07-11T06:46:10.163Z [info]: GET /api/reviews/book/686fa492dca21dadb9ba8db8
2025-07-11T06:46:10.165Z [info]: GET /api/reviews/book/686fa492dca21dadb9ba8db9
2025-07-11T06:46:10.181Z [info]: GET /api/reviews/book/686fa492dca21dadb9ba8dba
2025-07-11T06:46:10.185Z [info]: GET /api/reviews/book/686fa492dca21dadb9ba8dad
2025-07-11T06:46:10.187Z [info]: GET /api/reviews/book/686fa492dca21dadb9ba8dbb
2025-07-11T06:46:10.189Z [info]: GET /api/reviews/book/686fa492dca21dadb9ba8dbc
2025-07-11T06:46:10.192Z [info]: GET /api/reviews/book/686fa492dca21dadb9ba8dae
2025-07-11T06:46:10.194Z [info]: GET /api/reviews/book/686fa492dca21dadb9ba8db1
2025-07-11T06:46:10.211Z [info]: GET /api/reviews/book/686fa492dca21dadb9ba8dbd
2025-07-11T06:46:10.215Z [info]: GET /api/reviews/book/686fa492dca21dadb9ba8dbe
2025-07-11T06:46:10.218Z [info]: GET /api/reviews/book/686fa492dca21dadb9ba8dbf
2025-07-11T06:46:10.220Z [info]: GET /api/reviews/book/686fa492dca21dadb9ba8dc0
2025-07-11T06:46:10.223Z [info]: GET /api/reviews/book/686fa492dca21dadb9ba8dc1
2025-07-11T06:46:10.225Z [info]: GET /api/reviews/book/686fa492dca21dadb9ba8dc2
2025-07-11T06:46:10.239Z [info]: GET /api/reviews/book/686fa492dca21dadb9ba8dc3
2025-07-11T06:46:10.242Z [info]: GET /api/reviews/book/686fa492dca21dadb9ba8dc4
2025-07-11T06:46:10.244Z [info]: GET /api/reviews/book/686fa492dca21dadb9ba8dc5
2025-07-11T06:46:10.248Z [info]: GET /api/reviews/book/686fa492dca21dadb9ba8dc6
2025-07-11T06:46:10.250Z [info]: GET /api/reviews/book/686fa492dca21dadb9ba8dc7
2025-07-11T06:46:10.253Z [info]: GET /api/reviews/book/686fa492dca21dadb9ba8dc8
2025-07-11T06:46:10.269Z [info]: GET /api/reviews/book/686fa492dca21dadb9ba8dc9
2025-07-11T06:46:10.272Z [info]: GET /api/reviews/book/686fa492dca21dadb9ba8dca
2025-07-11T06:46:10.274Z [info]: GET /api/reviews/book/686fa492dca21dadb9ba8dcb
2025-07-11T06:46:10.277Z [info]: GET /api/reviews/book/686fa492dca21dadb9ba8dcc
2025-07-11T06:46:10.279Z [info]: GET /api/reviews/book/686fa492dca21dadb9ba8dcd
2025-07-11T06:46:10.281Z [info]: GET /api/reviews/book/686fa492dca21dadb9ba8dce
2025-07-11T06:46:10.291Z [info]: GET /api/reviews/book/686fa492dca21dadb9ba8dcf
2025-07-11T06:46:10.294Z [info]: GET /api/reviews/book/686fa492dca21dadb9ba8dd0
2025-07-11T06:46:10.296Z [info]: GET /api/reviews/book/686fa492dca21dadb9ba8dd1
2025-07-11T06:46:10.299Z [info]: GET /api/reviews/book/686fa492dca21dadb9ba8dd2
2025-07-11T06:46:10.309Z [info]: GET /api/reviews/book/686fa492dca21dadb9ba8dd3
2025-07-11T06:46:10.316Z [info]: GET /api/reviews/book/686fa492dca21dadb9ba8dd4
2025-07-11T06:46:10.323Z [info]: GET /api/reviews/book/686fa492dca21dadb9ba8dd5
2025-07-11T06:46:10.327Z [info]: GET /api/reviews/book/686fa492dca21dadb9ba8dd6
2025-07-11T06:46:10.331Z [info]: GET /api/reviews/book/686fa492dca21dadb9ba8dd7
2025-07-11T06:46:10.333Z [info]: GET /api/reviews/book/686fa492dca21dadb9ba8dd8
2025-07-11T06:46:10.337Z [info]: GET /api/reviews/book/686fa492dca21dadb9ba8dd9
2025-07-11T06:46:10.341Z [info]: GET /api/reviews/book/686fa492dca21dadb9ba8dda
2025-07-11T06:46:10.347Z [info]: GET /api/reviews/book/686fa492dca21dadb9ba8ddb
2025-07-11T06:46:10.351Z [info]: GET /api/reviews/book/686fa492dca21dadb9ba8ddc
2025-07-11T06:46:10.356Z [info]: GET /api/reviews/book/686fa492dca21dadb9ba8ddd
2025-07-11T06:46:10.359Z [info]: GET /api/reviews/book/686fa492dca21dadb9ba8dde
2025-07-11T06:46:10.378Z [info]: GET /api/reviews/book/686fa492dca21dadb9ba8ddf
2025-07-11T06:46:10.385Z [info]: GET /api/reviews/book/686fa492dca21dadb9ba8de0
2025-07-11T06:46:10.393Z [info]: GET /api/reviews/book/686fa492dca21dadb9ba8db5
2025-07-11T06:46:10.406Z [info]: GET /api/reviews/book/686fa492dca21dadb9ba8db4
2025-07-11T06:46:10.409Z [info]: GET /api/reviews/book/686fa492dca21dadb9ba8de3
2025-07-11T06:46:10.411Z [info]: GET /api/reviews/book/686fa492dca21dadb9ba8de4
2025-07-11T06:46:10.414Z [info]: GET /api/reviews/book/686fa492dca21dadb9ba8de5
2025-07-11T06:46:10.418Z [info]: GET /api/reviews/book/686fa492dca21dadb9ba8de6
2025-07-11T06:46:10.422Z [info]: GET /api/reviews/book/686fa492dca21dadb9ba8de7
2025-07-11T06:46:10.426Z [info]: GET /api/reviews/book/686fa492dca21dadb9ba8de8
2025-07-11T06:46:10.431Z [info]: GET /api/reviews/book/686fa492dca21dadb9ba8de9
2025-07-11T06:46:10.434Z [info]: GET /api/reviews/book/686fa492dca21dadb9ba8dea
2025-07-11T06:46:10.437Z [info]: GET /api/reviews/book/686fa492dca21dadb9ba8deb
2025-07-11T06:46:10.441Z [info]: GET /api/reviews/book/686fa492dca21dadb9ba8dec
2025-07-11T06:46:10.448Z [info]: GET /api/reviews/book/686fa492dca21dadb9ba8ded
2025-07-11T06:46:10.452Z [info]: GET /api/reviews/book/686fa492dca21dadb9ba8dee
2025-07-11T06:46:10.455Z [info]: GET /api/reviews/book/686fa492dca21dadb9ba8def
2025-07-11T06:46:10.458Z [info]: GET /api/reviews/book/686fa492dca21dadb9ba8df0
2025-07-11T06:46:10.465Z [info]: GET /api/reviews/book/686fa492dca21dadb9ba8df1
2025-07-11T06:46:10.471Z [info]: GET /api/reviews/book/686fa492dca21dadb9ba8df2
2025-07-11T06:46:10.475Z [info]: GET /api/reviews/book/686fa492dca21dadb9ba8df3
2025-07-11T06:46:10.481Z [info]: GET /api/reviews/book/686fa492dca21dadb9ba8df4
2025-07-11T06:46:10.485Z [info]: GET /api/reviews/book/686fa492dca21dadb9ba8df5
2025-07-11T06:46:10.487Z [info]: GET /api/reviews/book/686fa492dca21dadb9ba8df6
2025-07-11T06:46:10.490Z [info]: GET /api/reviews/book/686fa492dca21dadb9ba8df7
2025-07-11T06:46:10.493Z [info]: GET /api/reviews/book/686fa492dca21dadb9ba8df8
2025-07-11T06:46:10.497Z [info]: GET /api/reviews/book/686fa492dca21dadb9ba8df9
2025-07-11T06:46:10.500Z [info]: GET /api/reviews/book/686fa492dca21dadb9ba8dfa
2025-07-11T06:46:10.504Z [info]: GET /api/reviews/book/686fa492dca21dadb9ba8dfb
2025-07-11T06:46:10.507Z [info]: GET /api/reviews/book/686fa492dca21dadb9ba8dfc
2025-07-11T06:46:10.510Z [info]: GET /api/reviews/book/686fa492dca21dadb9ba8dfd
2025-07-11T06:46:10.515Z [info]: GET /api/reviews/book/686fa492dca21dadb9ba8dfe
2025-07-11T06:46:10.525Z [info]: GET /api/reviews/book/686fa492dca21dadb9ba8dff
2025-07-11T06:46:10.529Z [info]: GET /api/reviews/book/686fa492dca21dadb9ba8e00
2025-07-11T06:46:10.532Z [info]: GET /api/reviews/book/686fa492dca21dadb9ba8e01
2025-07-11T06:46:10.535Z [info]: GET /api/reviews/book/686fa492dca21dadb9ba8e02
2025-07-11T06:46:10.537Z [info]: GET /api/reviews/book/686fa492dca21dadb9ba8e03
2025-07-11T06:46:10.540Z [info]: GET /api/reviews/book/686fa492dca21dadb9ba8e04
2025-07-11T06:46:10.545Z [info]: GET /api/reviews/book/686fa492dca21dadb9ba8e05
2025-07-11T06:46:10.548Z [info]: GET /api/reviews/book/686fa492dca21dadb9ba8e06
2025-07-11T06:46:10.551Z [info]: GET /api/reviews/book/686fa492dca21dadb9ba8e07
2025-07-11T06:46:10.553Z [info]: GET /api/reviews/book/686fa492dca21dadb9ba8e08
2025-07-11T06:46:10.555Z [info]: GET /api/reviews/book/686fa492dca21dadb9ba8e09
2025-07-11T06:46:10.560Z [info]: GET /api/reviews/book/686fa492dca21dadb9ba8e0a
2025-07-11T06:46:10.563Z [info]: GET /api/reviews/book/686fa492dca21dadb9ba8e0b
2025-07-11T06:46:10.566Z [info]: GET /api/reviews/book/686fa492dca21dadb9ba8e0c
2025-07-11T06:46:10.570Z [info]: GET /api/reviews/book/686fa492dca21dadb9ba8de1
2025-07-11T06:46:10.571Z [info]: GET /api/reviews/book/686fa492dca21dadb9ba8de2
2025-07-11T06:46:47.784Z [info]: GET /api/reviews/book/686fa492dca21dadb9ba8da9
2025-07-11T06:46:47.788Z [info]: GET /api/reviews/book/686fa492dca21dadb9ba8dcf
2025-07-11T06:46:47.790Z [info]: GET /api/reviews/book/686fa492dca21dadb9ba8dda
2025-07-11T06:47:57.695Z [info]: GET /api/reviews/book/686fa492dca21dadb9ba8da9
2025-07-11T06:47:57.699Z [info]: GET /api/reviews/book/686fa492dca21dadb9ba8daa
2025-07-11T06:47:57.705Z [info]: GET /api/reviews/book/686fa492dca21dadb9ba8dab
2025-07-11T06:47:57.713Z [info]: GET /api/reviews/book/686fa492dca21dadb9ba8daf
2025-07-11T06:47:57.717Z [info]: GET /api/reviews/book/686fa492dca21dadb9ba8db0
2025-07-11T06:47:57.720Z [info]: GET /api/reviews/book/686fa492dca21dadb9ba8db2
2025-07-11T06:47:57.733Z [info]: GET /api/reviews/book/686fa492dca21dadb9ba8db3
2025-07-11T06:47:57.737Z [info]: GET /api/reviews/book/686fa492dca21dadb9ba8dac
2025-07-11T06:47:57.744Z [info]: GET /api/reviews/book/686fa492dca21dadb9ba8db6
2025-07-11T06:47:57.747Z [info]: GET /api/reviews/book/686fa492dca21dadb9ba8db7
2025-07-11T06:47:57.750Z [info]: GET /api/reviews/book/686fa492dca21dadb9ba8db8
2025-07-11T06:47:57.758Z [info]: GET /api/reviews/book/686fa492dca21dadb9ba8db9
2025-07-11T06:47:57.764Z [info]: GET /api/reviews/book/686fa492dca21dadb9ba8dba
2025-07-11T06:47:57.769Z [info]: GET /api/reviews/book/686fa492dca21dadb9ba8dad
2025-07-11T06:47:57.776Z [info]: GET /api/reviews/book/686fa492dca21dadb9ba8dbb
2025-07-11T06:47:57.784Z [info]: GET /api/reviews/book/686fa492dca21dadb9ba8dbc
2025-07-11T06:47:57.790Z [info]: GET /api/reviews/book/686fa492dca21dadb9ba8dae
2025-07-11T06:47:57.795Z [info]: GET /api/reviews/book/686fa492dca21dadb9ba8db1
2025-07-11T06:47:57.798Z [info]: GET /api/reviews/book/686fa492dca21dadb9ba8dbd
2025-07-11T06:47:57.801Z [info]: GET /api/reviews/book/686fa492dca21dadb9ba8dbe
2025-07-11T06:47:57.804Z [info]: GET /api/reviews/book/686fa492dca21dadb9ba8dbf
2025-07-11T06:47:57.811Z [info]: GET /api/reviews/book/686fa492dca21dadb9ba8dc0
2025-07-11T06:47:57.817Z [info]: GET /api/reviews/book/686fa492dca21dadb9ba8dc1
2025-07-11T06:47:57.820Z [info]: GET /api/reviews/book/686fa492dca21dadb9ba8dc2
2025-07-11T06:47:57.822Z [info]: GET /api/reviews/book/686fa492dca21dadb9ba8dc3
2025-07-11T06:47:57.826Z [info]: GET /api/reviews/book/686fa492dca21dadb9ba8dc4
2025-07-11T06:47:57.828Z [info]: GET /api/reviews/book/686fa492dca21dadb9ba8dc5
2025-07-11T06:47:57.838Z [info]: GET /api/reviews/book/686fa492dca21dadb9ba8dc6
2025-07-11T06:47:57.847Z [info]: GET /api/reviews/book/686fa492dca21dadb9ba8dc7
2025-07-11T06:47:57.851Z [info]: GET /api/reviews/book/686fa492dca21dadb9ba8dc8
2025-07-11T06:47:57.854Z [info]: GET /api/reviews/book/686fa492dca21dadb9ba8dc9
2025-07-11T06:47:57.858Z [info]: GET /api/reviews/book/686fa492dca21dadb9ba8dca
2025-07-11T06:47:57.861Z [info]: GET /api/reviews/book/686fa492dca21dadb9ba8dcb
2025-07-11T06:47:57.868Z [info]: GET /api/reviews/book/686fa492dca21dadb9ba8dcc
2025-07-11T06:47:57.874Z [info]: GET /api/reviews/book/686fa492dca21dadb9ba8dcd
2025-07-11T06:47:57.876Z [info]: GET /api/reviews/book/686fa492dca21dadb9ba8dce
2025-07-11T06:47:57.879Z [info]: GET /api/reviews/book/686fa492dca21dadb9ba8dcf
2025-07-11T06:47:57.883Z [info]: GET /api/reviews/book/686fa492dca21dadb9ba8dd0
2025-07-11T06:47:57.886Z [info]: GET /api/reviews/book/686fa492dca21dadb9ba8dd1
2025-07-11T06:47:57.900Z [info]: GET /api/reviews/book/686fa492dca21dadb9ba8dd2
2025-07-11T06:47:57.907Z [info]: GET /api/reviews/book/686fa492dca21dadb9ba8dd3
2025-07-11T06:47:57.910Z [info]: GET /api/reviews/book/686fa492dca21dadb9ba8dd4
2025-07-11T06:47:57.912Z [info]: GET /api/reviews/book/686fa492dca21dadb9ba8dd5
2025-07-11T06:47:57.915Z [info]: GET /api/reviews/book/686fa492dca21dadb9ba8dd6
2025-07-11T06:47:57.918Z [info]: GET /api/reviews/book/686fa492dca21dadb9ba8dd7
2025-07-11T06:47:57.925Z [info]: GET /api/reviews/book/686fa492dca21dadb9ba8dd8
2025-07-11T06:47:57.936Z [info]: GET /api/reviews/book/686fa492dca21dadb9ba8dd9
2025-07-11T06:47:57.941Z [info]: GET /api/reviews/book/686fa492dca21dadb9ba8dda
2025-07-11T06:47:57.944Z [info]: GET /api/reviews/book/686fa492dca21dadb9ba8ddb
2025-07-11T06:47:57.948Z [info]: GET /api/reviews/book/686fa492dca21dadb9ba8ddc
2025-07-11T06:47:57.951Z [info]: GET /api/reviews/book/686fa492dca21dadb9ba8ddd
2025-07-11T06:47:57.965Z [info]: GET /api/reviews/book/686fa492dca21dadb9ba8dde
2025-07-11T06:47:57.972Z [info]: GET /api/reviews/book/686fa492dca21dadb9ba8ddf
2025-07-11T06:47:57.975Z [info]: GET /api/reviews/book/686fa492dca21dadb9ba8de0
2025-07-11T06:47:57.977Z [info]: GET /api/reviews/book/686fa492dca21dadb9ba8db5
2025-07-11T06:47:57.980Z [info]: GET /api/reviews/book/686fa492dca21dadb9ba8db4
2025-07-11T06:47:57.983Z [info]: GET /api/reviews/book/686fa492dca21dadb9ba8de3
2025-07-11T06:47:57.990Z [info]: GET /api/reviews/book/686fa492dca21dadb9ba8de4
2025-07-11T06:47:57.996Z [info]: GET /api/reviews/book/686fa492dca21dadb9ba8de5
2025-07-11T06:47:57.999Z [info]: GET /api/reviews/book/686fa492dca21dadb9ba8de6
2025-07-11T06:47:58.001Z [info]: GET /api/reviews/book/686fa492dca21dadb9ba8de7
2025-07-11T06:47:58.008Z [info]: GET /api/reviews/book/686fa492dca21dadb9ba8de8
2025-07-11T06:47:58.010Z [info]: GET /api/reviews/book/686fa492dca21dadb9ba8de9
2025-07-11T06:47:58.016Z [info]: GET /api/reviews/book/686fa492dca21dadb9ba8dea
2025-07-11T06:47:58.025Z [info]: GET /api/reviews/book/686fa492dca21dadb9ba8deb
2025-07-11T06:47:58.028Z [info]: GET /api/reviews/book/686fa492dca21dadb9ba8dec
2025-07-11T06:47:58.032Z [info]: GET /api/reviews/book/686fa492dca21dadb9ba8ded
2025-07-11T06:47:58.035Z [info]: GET /api/reviews/book/686fa492dca21dadb9ba8dee
2025-07-11T06:47:58.039Z [info]: GET /api/reviews/book/686fa492dca21dadb9ba8def
2025-07-11T06:47:58.051Z [info]: GET /api/reviews/book/686fa492dca21dadb9ba8df0
2025-07-11T06:47:58.058Z [info]: GET /api/reviews/book/686fa492dca21dadb9ba8df1
2025-07-11T06:47:58.072Z [info]: GET /api/reviews/book/686fa492dca21dadb9ba8df2
2025-07-11T06:47:58.074Z [info]: GET /api/reviews/book/686fa492dca21dadb9ba8df3
2025-07-11T06:47:58.079Z [info]: GET /api/reviews/book/686fa492dca21dadb9ba8df4
2025-07-11T06:47:58.082Z [info]: GET /api/reviews/book/686fa492dca21dadb9ba8df5
2025-07-11T06:47:58.090Z [info]: GET /api/reviews/book/686fa492dca21dadb9ba8df6
2025-07-11T06:47:58.096Z [info]: GET /api/reviews/book/686fa492dca21dadb9ba8df7
2025-07-11T06:47:58.099Z [info]: GET /api/reviews/book/686fa492dca21dadb9ba8df8
2025-07-11T06:47:58.103Z [info]: GET /api/reviews/book/686fa492dca21dadb9ba8df9
2025-07-11T06:47:58.110Z [info]: GET /api/reviews/book/686fa492dca21dadb9ba8dfa
2025-07-11T06:47:58.114Z [info]: GET /api/reviews/book/686fa492dca21dadb9ba8dfb
2025-07-11T06:47:58.131Z [info]: GET /api/reviews/book/686fa492dca21dadb9ba8dfc
2025-07-11T06:47:58.141Z [info]: GET /api/reviews/book/686fa492dca21dadb9ba8dfd
2025-07-11T06:47:58.145Z [info]: GET /api/reviews/book/686fa492dca21dadb9ba8dfe
2025-07-11T06:47:58.148Z [info]: GET /api/reviews/book/686fa492dca21dadb9ba8dff
2025-07-11T06:47:58.155Z [info]: GET /api/reviews/book/686fa492dca21dadb9ba8e00
2025-07-11T06:47:58.161Z [info]: GET /api/reviews/book/686fa492dca21dadb9ba8e01
2025-07-11T06:47:58.172Z [info]: GET /api/reviews/book/686fa492dca21dadb9ba8e02
2025-07-11T06:47:58.179Z [info]: GET /api/reviews/book/686fa492dca21dadb9ba8e03
2025-07-11T06:47:58.183Z [info]: GET /api/reviews/book/686fa492dca21dadb9ba8e04
2025-07-11T06:47:58.189Z [info]: GET /api/reviews/book/686fa492dca21dadb9ba8e05
2025-07-11T06:47:58.196Z [info]: GET /api/reviews/book/686fa492dca21dadb9ba8e06
2025-07-11T06:47:58.200Z [info]: GET /api/reviews/book/686fa492dca21dadb9ba8e07
2025-07-11T06:47:58.212Z [info]: GET /api/reviews/book/686fa492dca21dadb9ba8e08
2025-07-11T06:47:58.216Z [info]: GET /api/reviews/book/686fa492dca21dadb9ba8e09
2025-07-11T06:47:58.225Z [info]: GET /api/reviews/book/686fa492dca21dadb9ba8e0a
2025-07-11T06:47:58.251Z [info]: GET /api/reviews/book/686fa492dca21dadb9ba8e0b
2025-07-11T06:47:58.264Z [info]: GET /api/reviews/book/686fa492dca21dadb9ba8e0c
2025-07-11T06:47:58.281Z [info]: GET /api/reviews/book/686fa492dca21dadb9ba8de1
2025-07-11T06:47:58.289Z [info]: GET /api/reviews/book/686fa492dca21dadb9ba8de2
2025-07-11T07:20:47.344Z [info]: GET /api/reviews/book/686fa492dca21dadb9ba8da9
2025-07-11T07:20:47.421Z [info]: GET /api/reviews/book/686fa492dca21dadb9ba8daa
2025-07-11T07:20:47.425Z [info]: GET /api/reviews/book/686fa492dca21dadb9ba8dab
2025-07-11T07:20:47.428Z [info]: GET /api/reviews/book/686fa492dca21dadb9ba8daf
2025-07-11T07:20:47.431Z [info]: GET /api/reviews/book/686fa492dca21dadb9ba8db0
2025-07-11T07:20:47.438Z [info]: GET /api/reviews/book/686fa492dca21dadb9ba8db2
2025-07-11T07:20:47.497Z [info]: GET /api/reviews/book/686fa492dca21dadb9ba8db3
2025-07-11T07:20:47.502Z [info]: GET /api/reviews/book/686fa492dca21dadb9ba8dac
2025-07-11T07:20:47.505Z [info]: GET /api/reviews/book/686fa492dca21dadb9ba8db6
2025-07-11T07:20:47.509Z [info]: GET /api/reviews/book/686fa492dca21dadb9ba8db7
2025-07-11T07:20:47.513Z [info]: GET /api/reviews/book/686fa492dca21dadb9ba8db8
2025-07-11T07:20:47.519Z [info]: GET /api/reviews/book/686fa492dca21dadb9ba8db9
2025-07-11T07:20:47.550Z [info]: GET /api/reviews/book/686fa492dca21dadb9ba8dba
2025-07-11T07:20:47.555Z [info]: GET /api/reviews/book/686fa492dca21dadb9ba8dad
2025-07-11T07:20:47.563Z [info]: GET /api/reviews/book/686fa492dca21dadb9ba8dbb
2025-07-11T07:20:47.565Z [info]: GET /api/reviews/book/686fa492dca21dadb9ba8dbc
2025-07-11T07:20:47.567Z [info]: GET /api/reviews/book/686fa492dca21dadb9ba8dae
2025-07-11T07:20:47.571Z [info]: GET /api/reviews/book/686fa492dca21dadb9ba8db1
2025-07-11T07:20:47.592Z [info]: GET /api/reviews/book/686fa492dca21dadb9ba8dbd
2025-07-11T07:20:47.595Z [info]: GET /api/reviews/book/686fa492dca21dadb9ba8dbe
2025-07-11T07:20:47.597Z [info]: GET /api/reviews/book/686fa492dca21dadb9ba8dbf
2025-07-11T07:20:47.599Z [info]: GET /api/reviews/book/686fa492dca21dadb9ba8dc0
2025-07-11T07:20:47.602Z [info]: GET /api/reviews/book/686fa492dca21dadb9ba8dc1
2025-07-11T07:20:47.604Z [info]: GET /api/reviews/book/686fa492dca21dadb9ba8dc2
2025-07-11T07:20:47.614Z [info]: GET /api/reviews/book/686fa492dca21dadb9ba8dc3
2025-07-11T07:20:47.618Z [info]: GET /api/reviews/book/686fa492dca21dadb9ba8dc4
2025-07-11T07:20:47.621Z [info]: GET /api/reviews/book/686fa492dca21dadb9ba8dc5
2025-07-11T07:20:47.623Z [info]: GET /api/reviews/book/686fa492dca21dadb9ba8dc6
2025-07-11T07:20:47.626Z [info]: GET /api/reviews/book/686fa492dca21dadb9ba8dc7
2025-07-11T07:20:47.630Z [info]: GET /api/reviews/book/686fa492dca21dadb9ba8dc8
2025-07-11T07:20:47.641Z [info]: GET /api/reviews/book/686fa492dca21dadb9ba8dc9
2025-07-11T07:20:47.644Z [info]: GET /api/reviews/book/686fa492dca21dadb9ba8dca
2025-07-11T07:20:47.646Z [info]: GET /api/reviews/book/686fa492dca21dadb9ba8dcb
2025-07-11T07:20:47.649Z [info]: GET /api/reviews/book/686fa492dca21dadb9ba8dcc
2025-07-11T07:20:47.651Z [info]: GET /api/reviews/book/686fa492dca21dadb9ba8dcd
2025-07-11T07:20:47.655Z [info]: GET /api/reviews/book/686fa492dca21dadb9ba8dce
2025-07-11T07:20:47.666Z [info]: GET /api/reviews/book/686fa492dca21dadb9ba8dcf
2025-07-11T07:20:47.670Z [info]: GET /api/reviews/book/686fa492dca21dadb9ba8dd0
2025-07-11T07:20:47.675Z [info]: GET /api/reviews/book/686fa492dca21dadb9ba8dd1
2025-07-11T07:20:47.677Z [info]: GET /api/reviews/book/686fa492dca21dadb9ba8dd2
2025-07-11T07:20:47.679Z [info]: GET /api/reviews/book/686fa492dca21dadb9ba8dd3
2025-07-11T07:20:47.681Z [info]: GET /api/reviews/book/686fa492dca21dadb9ba8dd4
2025-07-11T07:20:47.692Z [info]: GET /api/reviews/book/686fa492dca21dadb9ba8dd5
2025-07-11T07:20:47.695Z [info]: GET /api/reviews/book/686fa492dca21dadb9ba8dd6
2025-07-11T07:20:47.697Z [info]: GET /api/reviews/book/686fa492dca21dadb9ba8dd7
2025-07-11T07:20:47.699Z [info]: GET /api/reviews/book/686fa492dca21dadb9ba8dd8
2025-07-11T07:20:47.701Z [info]: GET /api/reviews/book/686fa492dca21dadb9ba8dd9
2025-07-11T07:20:47.704Z [info]: GET /api/reviews/book/686fa492dca21dadb9ba8dda
2025-07-11T07:20:47.720Z [info]: GET /api/reviews/book/686fa492dca21dadb9ba8ddb
2025-07-11T07:20:47.723Z [info]: GET /api/reviews/book/686fa492dca21dadb9ba8ddc
2025-07-11T07:20:47.726Z [info]: GET /api/reviews/book/686fa492dca21dadb9ba8ddd
2025-07-11T07:20:47.728Z [info]: GET /api/reviews/book/686fa492dca21dadb9ba8dde
2025-07-11T07:20:47.731Z [info]: GET /api/reviews/book/686fa492dca21dadb9ba8ddf
2025-07-11T07:20:47.734Z [info]: GET /api/reviews/book/686fa492dca21dadb9ba8de0
2025-07-11T07:20:47.745Z [info]: GET /api/reviews/book/686fa492dca21dadb9ba8db5
2025-07-11T07:20:47.748Z [info]: GET /api/reviews/book/686fa492dca21dadb9ba8db4
2025-07-11T07:20:47.752Z [info]: GET /api/reviews/book/686fa492dca21dadb9ba8de3
2025-07-11T07:20:47.754Z [info]: GET /api/reviews/book/686fa492dca21dadb9ba8de4
2025-07-11T07:20:47.757Z [info]: GET /api/reviews/book/686fa492dca21dadb9ba8de5
2025-07-11T07:20:47.759Z [info]: GET /api/reviews/book/686fa492dca21dadb9ba8de6
2025-07-11T07:20:47.776Z [info]: GET /api/reviews/book/686fa492dca21dadb9ba8de7
2025-07-11T07:20:47.779Z [info]: GET /api/reviews/book/686fa492dca21dadb9ba8de8
2025-07-11T07:20:47.781Z [info]: GET /api/reviews/book/686fa492dca21dadb9ba8de9
2025-07-11T07:20:47.784Z [info]: GET /api/reviews/book/686fa492dca21dadb9ba8dea
2025-07-11T07:20:47.786Z [info]: GET /api/reviews/book/686fa492dca21dadb9ba8deb
2025-07-11T07:20:47.789Z [info]: GET /api/reviews/book/686fa492dca21dadb9ba8dec
2025-07-11T07:20:47.802Z [info]: GET /api/reviews/book/686fa492dca21dadb9ba8ded
2025-07-11T07:20:47.806Z [info]: GET /api/reviews/book/686fa492dca21dadb9ba8dee
2025-07-11T07:20:47.808Z [info]: GET /api/reviews/book/686fa492dca21dadb9ba8def
2025-07-11T07:20:47.811Z [info]: GET /api/reviews/book/686fa492dca21dadb9ba8df0
2025-07-11T07:20:47.814Z [info]: GET /api/reviews/book/686fa492dca21dadb9ba8df1
2025-07-11T07:20:47.818Z [info]: GET /api/reviews/book/686fa492dca21dadb9ba8df2
2025-07-11T07:20:47.835Z [info]: GET /api/reviews/book/686fa492dca21dadb9ba8df3
2025-07-11T07:20:47.838Z [info]: GET /api/reviews/book/686fa492dca21dadb9ba8df4
2025-07-11T07:20:47.841Z [info]: GET /api/reviews/book/686fa492dca21dadb9ba8df5
2025-07-11T07:20:47.844Z [info]: GET /api/reviews/book/686fa492dca21dadb9ba8df6
2025-07-11T07:20:47.851Z [info]: GET /api/reviews/book/686fa492dca21dadb9ba8df7
2025-07-11T07:20:47.854Z [info]: GET /api/reviews/book/686fa492dca21dadb9ba8df8
2025-07-11T07:20:47.860Z [info]: GET /api/reviews/book/686fa492dca21dadb9ba8df9
2025-07-11T07:20:47.864Z [info]: GET /api/reviews/book/686fa492dca21dadb9ba8dfa
2025-07-11T07:20:47.872Z [info]: GET /api/reviews/book/686fa492dca21dadb9ba8dfb
2025-07-11T07:20:47.876Z [info]: GET /api/reviews/book/686fa492dca21dadb9ba8dfc
2025-07-11T07:20:47.886Z [info]: GET /api/reviews/book/686fa492dca21dadb9ba8dfd
2025-07-11T07:20:47.892Z [info]: GET /api/reviews/book/686fa492dca21dadb9ba8dfe
2025-07-11T07:20:47.899Z [info]: GET /api/reviews/book/686fa492dca21dadb9ba8dff
2025-07-11T07:20:47.905Z [info]: GET /api/reviews/book/686fa492dca21dadb9ba8e00
2025-07-11T07:20:47.927Z [info]: GET /api/reviews/book/686fa492dca21dadb9ba8e01
2025-07-11T07:20:47.936Z [info]: GET /api/reviews/book/686fa492dca21dadb9ba8e02
2025-07-11T07:20:47.945Z [info]: GET /api/reviews/book/686fa492dca21dadb9ba8e03
2025-07-11T07:20:47.953Z [info]: GET /api/reviews/book/686fa492dca21dadb9ba8e04
2025-07-11T07:20:47.958Z [info]: GET /api/reviews/book/686fa492dca21dadb9ba8e05
2025-07-11T07:20:47.962Z [info]: GET /api/reviews/book/686fa492dca21dadb9ba8e06
2025-07-11T07:20:47.975Z [info]: GET /api/reviews/book/686fa492dca21dadb9ba8e07
2025-07-11T07:20:47.978Z [info]: GET /api/reviews/book/686fa492dca21dadb9ba8e08
2025-07-11T07:20:47.984Z [info]: GET /api/reviews/book/686fa492dca21dadb9ba8e09
2025-07-11T07:20:47.989Z [info]: GET /api/reviews/book/686fa492dca21dadb9ba8e0a
2025-07-11T07:20:47.993Z [info]: GET /api/reviews/book/686fa492dca21dadb9ba8e0b
2025-07-11T07:20:47.996Z [info]: GET /api/reviews/book/686fa492dca21dadb9ba8e0c
2025-07-11T07:20:48.001Z [info]: GET /api/reviews/book/686fa492dca21dadb9ba8de1
2025-07-11T07:20:48.006Z [info]: GET /api/reviews/book/686fa492dca21dadb9ba8de2
2025-07-11T07:20:48.212Z [info]: GET /api/reviews/book/686fa492dca21dadb9ba8da9
2025-07-11T07:20:48.216Z [info]: GET /api/reviews/book/686fa492dca21dadb9ba8daa
2025-07-11T07:20:48.224Z [info]: GET /api/reviews/book/686fa492dca21dadb9ba8dab
2025-07-11T07:20:48.228Z [info]: GET /api/reviews/book/686fa492dca21dadb9ba8daf
2025-07-11T07:20:48.241Z [info]: GET /api/reviews/book/686fa492dca21dadb9ba8db0
2025-07-11T07:20:48.247Z [info]: GET /api/reviews/book/686fa492dca21dadb9ba8db2
2025-07-11T07:20:48.256Z [info]: GET /api/reviews/book/686fa492dca21dadb9ba8db3
2025-07-11T07:20:48.260Z [info]: GET /api/reviews/book/686fa492dca21dadb9ba8dac
2025-07-11T07:20:48.267Z [info]: GET /api/reviews/book/686fa492dca21dadb9ba8db6
2025-07-11T07:20:48.277Z [info]: GET /api/reviews/book/686fa492dca21dadb9ba8db7
2025-07-11T07:20:48.284Z [info]: GET /api/reviews/book/686fa492dca21dadb9ba8db8
2025-07-11T07:20:48.289Z [info]: GET /api/reviews/book/686fa492dca21dadb9ba8db9
2025-07-11T07:20:48.291Z [info]: GET /api/reviews/book/686fa492dca21dadb9ba8dad
2025-07-11T07:20:48.311Z [info]: GET /api/reviews/book/686fa492dca21dadb9ba8dbb
2025-07-11T07:20:48.321Z [info]: GET /api/reviews/book/686fa492dca21dadb9ba8dba
2025-07-11T07:20:48.337Z [info]: GET /api/reviews/book/686fa492dca21dadb9ba8dbc
2025-07-11T07:20:48.343Z [info]: GET /api/reviews/book/686fa492dca21dadb9ba8dae
2025-07-11T07:20:48.355Z [info]: GET /api/reviews/book/686fa492dca21dadb9ba8db1
2025-07-11T07:20:48.360Z [info]: GET /api/reviews/book/686fa492dca21dadb9ba8dbd
2025-07-11T07:20:48.367Z [info]: GET /api/reviews/book/686fa492dca21dadb9ba8dbe
2025-07-11T07:20:48.379Z [info]: GET /api/reviews/book/686fa492dca21dadb9ba8dbf
2025-07-11T07:20:48.393Z [info]: GET /api/reviews/book/686fa492dca21dadb9ba8dc0
2025-07-11T07:20:48.406Z [info]: GET /api/reviews/book/686fa492dca21dadb9ba8dc1
2025-07-11T07:20:48.416Z [info]: GET /api/reviews/book/686fa492dca21dadb9ba8dc2
2025-07-11T07:20:48.420Z [info]: GET /api/reviews/book/686fa492dca21dadb9ba8dc3
2025-07-11T07:20:48.428Z [info]: GET /api/reviews/book/686fa492dca21dadb9ba8dc4
2025-07-11T07:20:48.433Z [info]: GET /api/reviews/book/686fa492dca21dadb9ba8dc5
2025-07-11T07:20:48.443Z [info]: GET /api/reviews/book/686fa492dca21dadb9ba8dc6
2025-07-11T07:20:48.451Z [info]: GET /api/reviews/book/686fa492dca21dadb9ba8dc7
2025-07-11T07:20:48.460Z [info]: GET /api/reviews/book/686fa492dca21dadb9ba8dc8
2025-07-11T07:20:48.466Z [info]: GET /api/reviews/book/686fa492dca21dadb9ba8dc9
2025-07-11T07:20:48.471Z [info]: GET /api/reviews/book/686fa492dca21dadb9ba8dca
2025-07-11T07:20:48.476Z [info]: GET /api/reviews/book/686fa492dca21dadb9ba8dcb
2025-07-11T07:20:48.492Z [info]: GET /api/reviews/book/686fa492dca21dadb9ba8dcc
2025-07-11T07:20:48.499Z [info]: GET /api/reviews/book/686fa492dca21dadb9ba8dcd
2025-07-11T07:20:48.505Z [info]: GET /api/reviews/book/686fa492dca21dadb9ba8dce
2025-07-11T07:20:48.509Z [info]: GET /api/reviews/book/686fa492dca21dadb9ba8dcf
2025-07-11T07:20:48.514Z [info]: GET /api/reviews/book/686fa492dca21dadb9ba8dd0
2025-07-11T07:20:48.521Z [info]: GET /api/reviews/book/686fa492dca21dadb9ba8dd1
2025-07-11T07:20:48.530Z [info]: GET /api/reviews/book/686fa492dca21dadb9ba8dd2
2025-07-11T07:20:48.540Z [info]: GET /api/reviews/book/686fa492dca21dadb9ba8dd3
2025-07-11T07:20:48.559Z [info]: GET /api/reviews/book/686fa492dca21dadb9ba8dd4
2025-07-11T07:20:48.562Z [info]: GET /api/reviews/book/686fa492dca21dadb9ba8dd5
2025-07-11T07:20:48.575Z [info]: GET /api/reviews/book/686fa492dca21dadb9ba8dd6
2025-07-11T07:20:48.584Z [info]: GET /api/reviews/book/686fa492dca21dadb9ba8dd7
2025-07-11T07:20:48.592Z [info]: GET /api/reviews/book/686fa492dca21dadb9ba8dda
2025-07-11T07:20:48.597Z [info]: GET /api/reviews/book/686fa492dca21dadb9ba8ddb
2025-07-11T07:20:48.602Z [info]: GET /api/reviews/book/686fa492dca21dadb9ba8dd8
2025-07-11T07:20:48.609Z [info]: GET /api/reviews/book/686fa492dca21dadb9ba8dd9
2025-07-11T07:20:48.617Z [info]: GET /api/reviews/book/686fa492dca21dadb9ba8ddc
2025-07-11T07:20:48.624Z [info]: GET /api/reviews/book/686fa492dca21dadb9ba8ddd
2025-07-11T07:20:48.631Z [info]: GET /api/reviews/book/686fa492dca21dadb9ba8dde
2025-07-11T07:20:48.637Z [info]: GET /api/reviews/book/686fa492dca21dadb9ba8ddf
2025-07-11T07:20:48.644Z [info]: GET /api/reviews/book/686fa492dca21dadb9ba8de0
2025-07-11T07:20:48.654Z [info]: GET /api/reviews/book/686fa492dca21dadb9ba8db5
2025-07-11T07:20:48.664Z [info]: GET /api/reviews/book/686fa492dca21dadb9ba8db4
2025-07-11T07:20:48.671Z [info]: GET /api/reviews/book/686fa492dca21dadb9ba8de4
2025-07-11T07:20:48.679Z [info]: GET /api/reviews/book/686fa492dca21dadb9ba8de3
2025-07-11T07:20:48.684Z [info]: GET /api/reviews/book/686fa492dca21dadb9ba8de5
2025-07-11T07:20:48.687Z [info]: GET /api/reviews/book/686fa492dca21dadb9ba8de6
2025-07-11T07:20:48.690Z [info]: GET /api/reviews/book/686fa492dca21dadb9ba8de7
2025-07-11T07:20:48.694Z [info]: GET /api/reviews/book/686fa492dca21dadb9ba8dea
2025-07-11T07:20:48.698Z [info]: GET /api/reviews/book/686fa492dca21dadb9ba8de9
2025-07-11T07:20:48.705Z [info]: GET /api/reviews/book/686fa492dca21dadb9ba8de8
2025-07-11T07:20:48.711Z [info]: GET /api/reviews/book/686fa492dca21dadb9ba8deb
2025-07-11T07:20:48.715Z [info]: GET /api/reviews/book/686fa492dca21dadb9ba8dec
2025-07-11T07:20:48.723Z [info]: GET /api/reviews/book/686fa492dca21dadb9ba8ded
2025-07-11T07:20:48.732Z [info]: GET /api/reviews/book/686fa492dca21dadb9ba8dee
2025-07-11T07:20:48.740Z [info]: GET /api/reviews/book/686fa492dca21dadb9ba8def
2025-07-11T07:20:48.755Z [info]: GET /api/reviews/book/686fa492dca21dadb9ba8df0
2025-07-11T07:20:48.763Z [info]: GET /api/reviews/book/686fa492dca21dadb9ba8df1
2025-07-11T07:20:48.777Z [info]: GET /api/reviews/book/686fa492dca21dadb9ba8df2
2025-07-11T07:20:48.786Z [info]: GET /api/reviews/book/686fa492dca21dadb9ba8df3
2025-07-11T07:20:48.790Z [info]: GET /api/reviews/book/686fa492dca21dadb9ba8df4
2025-07-11T07:20:48.797Z [info]: GET /api/reviews/book/686fa492dca21dadb9ba8df5
2025-07-11T07:20:48.809Z [info]: GET /api/reviews/book/686fa492dca21dadb9ba8df6
2025-07-11T07:20:48.814Z [info]: GET /api/reviews/book/686fa492dca21dadb9ba8df7
2025-07-11T07:20:48.866Z [info]: GET /api/reviews/book/686fa492dca21dadb9ba8df8
2025-07-11T07:20:48.875Z [info]: GET /api/reviews/book/686fa492dca21dadb9ba8df9
2025-07-11T07:20:48.885Z [info]: GET /api/reviews/book/686fa492dca21dadb9ba8dfa
2025-07-11T07:20:48.894Z [info]: GET /api/reviews/book/686fa492dca21dadb9ba8dfb
2025-07-11T07:20:48.909Z [info]: GET /api/reviews/book/686fa492dca21dadb9ba8e00
2025-07-11T07:20:48.914Z [info]: GET /api/reviews/book/686fa492dca21dadb9ba8dfd
2025-07-11T07:20:48.920Z [info]: GET /api/reviews/book/686fa492dca21dadb9ba8dfc
2025-07-11T07:20:48.924Z [info]: GET /api/reviews/book/686fa492dca21dadb9ba8dff
2025-07-11T07:20:48.928Z [info]: GET /api/reviews/book/686fa492dca21dadb9ba8dfe
2025-07-11T07:20:48.934Z [info]: GET /api/reviews/book/686fa492dca21dadb9ba8e03
2025-07-11T07:20:48.945Z [info]: GET /api/reviews/book/686fa492dca21dadb9ba8e02
2025-07-11T07:20:48.953Z [info]: GET /api/reviews/book/686fa492dca21dadb9ba8e01
2025-07-11T07:20:48.959Z [info]: GET /api/reviews/book/686fa492dca21dadb9ba8e04
2025-07-11T07:20:48.963Z [info]: GET /api/reviews/book/686fa492dca21dadb9ba8e05
2025-07-11T07:20:48.969Z [info]: GET /api/reviews/book/686fa492dca21dadb9ba8e06
2025-07-11T07:20:48.979Z [info]: GET /api/reviews/book/686fa492dca21dadb9ba8e07
2025-07-11T07:20:48.987Z [info]: GET /api/reviews/book/686fa492dca21dadb9ba8e08
2025-07-11T07:20:48.999Z [info]: GET /api/reviews/book/686fa492dca21dadb9ba8e09
2025-07-11T07:20:49.015Z [info]: GET /api/reviews/book/686fa492dca21dadb9ba8e0a
2025-07-11T07:20:49.021Z [info]: GET /api/reviews/book/686fa492dca21dadb9ba8e0b
2025-07-11T07:20:49.028Z [info]: GET /api/reviews/book/686fa492dca21dadb9ba8e0c
2025-07-11T07:20:49.034Z [info]: GET /api/reviews/book/686fa492dca21dadb9ba8de1
2025-07-11T07:20:49.104Z [info]: GET /api/reviews/book/686fa492dca21dadb9ba8de2
2025-07-11T07:26:34.407Z [info]: GET /api/reviews/book/686fa492dca21dadb9ba8da9
2025-07-11T07:26:34.457Z [info]: GET /api/reviews/book/686fa492dca21dadb9ba8daa
2025-07-11T07:26:34.467Z [info]: GET /api/reviews/book/686fa492dca21dadb9ba8dab
2025-07-11T07:26:34.471Z [info]: GET /api/reviews/book/686fa492dca21dadb9ba8daf
2025-07-11T07:26:34.475Z [info]: GET /api/reviews/book/686fa492dca21dadb9ba8db0
2025-07-11T07:26:34.480Z [info]: GET /api/reviews/book/686fa492dca21dadb9ba8db2
2025-07-11T07:26:34.510Z [info]: GET /api/reviews/book/686fa492dca21dadb9ba8db3
2025-07-11T07:26:34.523Z [info]: GET /api/reviews/book/686fa492dca21dadb9ba8dac
2025-07-11T07:26:34.534Z [info]: GET /api/reviews/book/686fa492dca21dadb9ba8db6
2025-07-11T07:26:34.546Z [info]: GET /api/reviews/book/686fa492dca21dadb9ba8db7
2025-07-11T07:26:34.551Z [info]: GET /api/reviews/book/686fa492dca21dadb9ba8db8
2025-07-11T07:26:34.554Z [info]: GET /api/reviews/book/686fa492dca21dadb9ba8db9
2025-07-11T07:26:34.588Z [info]: GET /api/reviews/book/686fa492dca21dadb9ba8dba
2025-07-11T07:26:34.592Z [info]: GET /api/reviews/book/686fa492dca21dadb9ba8dad
2025-07-11T07:26:34.595Z [info]: GET /api/reviews/book/686fa492dca21dadb9ba8dbb
2025-07-11T07:26:34.599Z [info]: GET /api/reviews/book/686fa492dca21dadb9ba8dbc
2025-07-11T07:26:34.602Z [info]: GET /api/reviews/book/686fa492dca21dadb9ba8dae
2025-07-11T07:26:34.606Z [info]: GET /api/reviews/book/686fa492dca21dadb9ba8db1
2025-07-11T07:26:34.644Z [info]: GET /api/reviews/book/686fa492dca21dadb9ba8dbd
2025-07-11T07:26:34.648Z [info]: GET /api/reviews/book/686fa492dca21dadb9ba8dbe
2025-07-11T07:26:34.654Z [info]: GET /api/reviews/book/686fa492dca21dadb9ba8dbf
2025-07-11T07:26:34.661Z [info]: GET /api/reviews/book/686fa492dca21dadb9ba8dc0
2025-07-11T07:26:34.668Z [info]: GET /api/reviews/book/686fa492dca21dadb9ba8dc1
2025-07-11T07:26:34.671Z [info]: GET /api/reviews/book/686fa492dca21dadb9ba8dc2
2025-07-11T07:26:34.689Z [info]: GET /api/reviews/book/686fa492dca21dadb9ba8dc3
2025-07-11T07:26:34.692Z [info]: GET /api/reviews/book/686fa492dca21dadb9ba8dc4
2025-07-11T07:26:34.695Z [info]: GET /api/reviews/book/686fa492dca21dadb9ba8dc5
2025-07-11T07:26:34.706Z [info]: GET /api/reviews/book/686fa492dca21dadb9ba8dc6
2025-07-11T07:26:34.709Z [info]: GET /api/reviews/book/686fa492dca21dadb9ba8dc7
2025-07-11T07:26:34.712Z [info]: GET /api/reviews/book/686fa492dca21dadb9ba8dc8
2025-07-11T07:26:34.726Z [info]: GET /api/reviews/book/686fa492dca21dadb9ba8dc9
2025-07-11T07:26:34.730Z [info]: GET /api/reviews/book/686fa492dca21dadb9ba8dca
2025-07-11T07:26:34.733Z [info]: GET /api/reviews/book/686fa492dca21dadb9ba8dcb
2025-07-11T07:26:34.736Z [info]: GET /api/reviews/book/686fa492dca21dadb9ba8dcc
2025-07-11T07:26:34.741Z [info]: GET /api/reviews/book/686fa492dca21dadb9ba8dcd
2025-07-11T07:26:34.745Z [info]: GET /api/reviews/book/686fa492dca21dadb9ba8dce
2025-07-11T07:26:34.767Z [info]: GET /api/reviews/book/686fa492dca21dadb9ba8dcf
2025-07-11T07:26:34.774Z [info]: GET /api/reviews/book/686fa492dca21dadb9ba8dd0
2025-07-11T07:26:34.785Z [info]: GET /api/reviews/book/686fa492dca21dadb9ba8dd1
2025-07-11T07:26:34.792Z [info]: GET /api/reviews/book/686fa492dca21dadb9ba8dd2
2025-07-11T07:26:34.795Z [info]: GET /api/reviews/book/686fa492dca21dadb9ba8dd3
2025-07-11T07:26:34.802Z [info]: GET /api/reviews/book/686fa492dca21dadb9ba8dd4
2025-07-11T07:26:34.818Z [info]: GET /api/reviews/book/686fa492dca21dadb9ba8dd5
2025-07-11T07:26:34.831Z [info]: GET /api/reviews/book/686fa492dca21dadb9ba8dd6
2025-07-11T07:26:34.835Z [info]: GET /api/reviews/book/686fa492dca21dadb9ba8dd7
2025-07-11T07:26:34.838Z [info]: GET /api/reviews/book/686fa492dca21dadb9ba8dd8
2025-07-11T07:26:34.844Z [info]: GET /api/reviews/book/686fa492dca21dadb9ba8dd9
2025-07-11T07:26:34.854Z [info]: GET /api/reviews/book/686fa492dca21dadb9ba8dda
2025-07-11T07:26:34.875Z [info]: GET /api/reviews/book/686fa492dca21dadb9ba8ddb
2025-07-11T07:26:34.888Z [info]: GET /api/reviews/book/686fa492dca21dadb9ba8ddc
2025-07-11T07:26:34.892Z [info]: GET /api/reviews/book/686fa492dca21dadb9ba8ddd
2025-07-11T07:26:34.899Z [info]: GET /api/reviews/book/686fa492dca21dadb9ba8dde
2025-07-11T07:26:34.909Z [info]: GET /api/reviews/book/686fa492dca21dadb9ba8ddf
2025-07-11T07:26:34.917Z [info]: GET /api/reviews/book/686fa492dca21dadb9ba8de0
2025-07-11T07:26:34.966Z [info]: GET /api/reviews/book/686fa492dca21dadb9ba8db5
2025-07-11T07:26:34.969Z [info]: GET /api/reviews/book/686fa492dca21dadb9ba8db4
2025-07-11T07:26:34.977Z [info]: GET /api/reviews/book/686fa492dca21dadb9ba8de3
2025-07-11T07:26:34.992Z [info]: GET /api/reviews/book/686fa492dca21dadb9ba8de4
2025-07-11T07:26:35.000Z [info]: GET /api/reviews/book/686fa492dca21dadb9ba8de5
2025-07-11T07:26:35.010Z [info]: GET /api/reviews/book/686fa492dca21dadb9ba8de6
2025-07-11T07:26:35.062Z [info]: GET /api/reviews/book/686fa492dca21dadb9ba8de7
2025-07-11T07:26:35.076Z [info]: GET /api/reviews/book/686fa492dca21dadb9ba8de8
2025-07-11T07:26:35.088Z [info]: GET /api/reviews/book/686fa492dca21dadb9ba8de9
2025-07-11T07:26:35.094Z [info]: GET /api/reviews/book/686fa492dca21dadb9ba8dea
2025-07-11T07:26:35.102Z [info]: GET /api/reviews/book/686fa492dca21dadb9ba8deb
2025-07-11T07:26:35.106Z [info]: GET /api/reviews/book/686fa492dca21dadb9ba8dec
2025-07-11T07:26:35.130Z [info]: GET /api/reviews/book/686fa492dca21dadb9ba8ded
2025-07-11T07:26:35.139Z [info]: GET /api/reviews/book/686fa492dca21dadb9ba8dee
2025-07-11T07:26:35.144Z [info]: GET /api/reviews/book/686fa492dca21dadb9ba8def
2025-07-11T07:26:35.149Z [info]: GET /api/reviews/book/686fa492dca21dadb9ba8df0
2025-07-11T07:26:35.152Z [info]: GET /api/reviews/book/686fa492dca21dadb9ba8df1
2025-07-11T07:26:35.156Z [info]: GET /api/reviews/book/686fa492dca21dadb9ba8df2
2025-07-11T07:26:35.179Z [info]: GET /api/reviews/book/686fa492dca21dadb9ba8df3
2025-07-11T07:26:35.192Z [info]: GET /api/reviews/book/686fa492dca21dadb9ba8df4
2025-07-11T07:26:35.196Z [info]: GET /api/reviews/book/686fa492dca21dadb9ba8df5
2025-07-11T07:26:35.202Z [info]: GET /api/reviews/book/686fa492dca21dadb9ba8df6
2025-07-11T07:26:35.205Z [info]: GET /api/reviews/book/686fa492dca21dadb9ba8df7
2025-07-11T07:26:35.208Z [info]: GET /api/reviews/book/686fa492dca21dadb9ba8df8
2025-07-11T07:26:35.222Z [info]: GET /api/reviews/book/686fa492dca21dadb9ba8df9
2025-07-11T07:26:35.227Z [info]: GET /api/reviews/book/686fa492dca21dadb9ba8dfa
2025-07-11T07:26:35.235Z [info]: GET /api/reviews/book/686fa492dca21dadb9ba8dfb
2025-07-11T07:26:35.239Z [info]: GET /api/reviews/book/686fa492dca21dadb9ba8dfc
2025-07-11T07:26:35.243Z [info]: GET /api/reviews/book/686fa492dca21dadb9ba8dfd
2025-07-11T07:26:35.247Z [info]: GET /api/reviews/book/686fa492dca21dadb9ba8dfe
2025-07-11T07:26:35.288Z [info]: GET /api/reviews/book/686fa492dca21dadb9ba8dff
2025-07-11T07:26:35.297Z [info]: GET /api/reviews/book/686fa492dca21dadb9ba8e00
2025-07-11T07:26:35.304Z [info]: GET /api/reviews/book/686fa492dca21dadb9ba8e01
2025-07-11T07:26:35.310Z [info]: GET /api/reviews/book/686fa492dca21dadb9ba8e02
2025-07-11T07:26:35.315Z [info]: GET /api/reviews/book/686fa492dca21dadb9ba8e03
2025-07-11T07:26:35.320Z [info]: GET /api/reviews/book/686fa492dca21dadb9ba8e04
2025-07-11T07:26:35.351Z [info]: GET /api/reviews/book/686fa492dca21dadb9ba8e05
2025-07-11T07:26:35.355Z [info]: GET /api/reviews/book/686fa492dca21dadb9ba8e06
2025-07-11T07:26:35.366Z [info]: GET /api/reviews/book/686fa492dca21dadb9ba8e07
2025-07-11T07:26:35.377Z [info]: GET /api/reviews/book/686fa492dca21dadb9ba8e08
2025-07-11T07:26:35.381Z [info]: GET /api/reviews/book/686fa492dca21dadb9ba8e09
2025-07-11T07:26:35.385Z [info]: GET /api/reviews/book/686fa492dca21dadb9ba8e0a
2025-07-11T07:26:35.405Z [info]: GET /api/reviews/book/686fa492dca21dadb9ba8e0b
2025-07-11T07:26:35.415Z [info]: GET /api/reviews/book/686fa492dca21dadb9ba8e0c
2025-07-11T07:26:35.419Z [info]: GET /api/reviews/book/686fa492dca21dadb9ba8de1
2025-07-11T07:26:35.423Z [info]: GET /api/reviews/book/686fa492dca21dadb9ba8de2
2025-07-11T07:27:27.018Z [info]: GET /api/reviews/book/686fa492dca21dadb9ba8db8
2025-07-11T07:27:27.020Z [info]: GET /api/reviews/book/686fa492dca21dadb9ba8dbe
2025-07-11T07:27:27.021Z [info]: GET /api/reviews/book/686fa492dca21dadb9ba8dd8
2025-07-11T07:27:40.856Z [info]: GET /api/reviews/book/686fa492dca21dadb9ba8dd8
2025-07-11T07:37:13.761Z [info]: Redis connected
2025-07-11T07:37:13.791Z [info]: MongoDB connected
2025-07-11T07:37:13.800Z [info]: Review Service running on port 3002
2025-07-11T07:37:29.439Z [info]: GET /api/reviews/book/686fa492dca21dadb9ba8dcd
2025-07-11T07:37:29.673Z [info]: GET /api/reviews/book/686fa492dca21dadb9ba8dd8
2025-07-11T07:37:38.405Z [info]: GET /api/reviews/book/686fa492dca21dadb9ba8e00
2025-07-11T07:37:38.410Z [info]: GET /api/reviews/book/686fa492dca21dadb9ba8ddf
2025-07-11T07:37:38.414Z [info]: GET /api/reviews/book/686fa492dca21dadb9ba8dd0
2025-07-11T07:37:38.421Z [info]: GET /api/reviews/book/686fa492dca21dadb9ba8dc1
2025-07-11T07:37:38.426Z [info]: GET /api/reviews/book/686fa492dca21dadb9ba8e08
2025-07-11T07:37:38.432Z [info]: GET /api/reviews/book/686fa492dca21dadb9ba8dfa
2025-07-11T07:37:38.472Z [info]: GET /api/reviews/book/686fa492dca21dadb9ba8dac
2025-07-11T07:37:38.484Z [info]: GET /api/reviews/book/686fa492dca21dadb9ba8db9
2025-07-11T07:37:38.491Z [info]: GET /api/reviews/book/686fa492dca21dadb9ba8e03
2025-07-11T07:37:38.496Z [info]: GET /api/reviews/book/686fa492dca21dadb9ba8dbf
2025-07-11T07:37:38.540Z [info]: GET /api/reviews/book/686fa492dca21dadb9ba8de0
2025-07-11T07:37:38.545Z [info]: GET /api/reviews/book/686fa492dca21dadb9ba8dda
2025-07-11T07:37:38.551Z [info]: GET /api/reviews/book/686fa492dca21dadb9ba8dbb
2025-07-11T07:37:38.556Z [info]: GET /api/reviews/book/686fa492dca21dadb9ba8dc3
2025-07-11T07:37:38.579Z [info]: GET /api/reviews/book/686fa492dca21dadb9ba8e0b
2025-07-11T07:38:51.100Z [info]: GET /api/reviews/book/686fa492dca21dadb9ba8dfe
2025-07-11T07:38:51.104Z [info]: GET /api/reviews/book/686fa492dca21dadb9ba8dbf
2025-07-11T07:38:51.112Z [info]: GET /api/reviews/book/686fa492dca21dadb9ba8e03
2025-07-11T07:38:51.116Z [info]: GET /api/reviews/book/686fa492dca21dadb9ba8dd1
2025-07-11T07:38:51.123Z [info]: GET /api/reviews/book/686fa492dca21dadb9ba8dac
2025-07-11T07:38:51.128Z [info]: GET /api/reviews/book/686fa492dca21dadb9ba8df2
2025-07-11T07:38:51.135Z [info]: GET /api/reviews/book/686fa492dca21dadb9ba8dda
2025-07-11T07:38:51.139Z [info]: GET /api/reviews/book/686fa492dca21dadb9ba8dfc
2025-07-11T07:38:51.143Z [info]: GET /api/reviews/book/686fa492dca21dadb9ba8dad
2025-07-11T07:38:51.153Z [info]: GET /api/reviews/book/686fa492dca21dadb9ba8de0
2025-07-11T07:38:51.157Z [info]: GET /api/reviews/book/686fa492dca21dadb9ba8db4
2025-07-11T07:38:51.166Z [info]: GET /api/reviews/book/686fa492dca21dadb9ba8de4
2025-07-11T07:38:55.361Z [info]: GET /api/reviews/book/686fa492dca21dadb9ba8dbf
2025-07-11T07:38:55.366Z [info]: GET /api/reviews/book/686fa492dca21dadb9ba8dfe
2025-07-11T07:38:55.369Z [info]: GET /api/reviews/book/686fa492dca21dadb9ba8e03
2025-07-11T07:38:55.372Z [info]: GET /api/reviews/book/686fa492dca21dadb9ba8dd1
2025-07-11T07:38:55.374Z [info]: GET /api/reviews/book/686fa492dca21dadb9ba8df2
2025-07-11T07:38:55.378Z [info]: GET /api/reviews/book/686fa492dca21dadb9ba8dac
2025-07-11T07:38:55.393Z [info]: GET /api/reviews/book/686fa492dca21dadb9ba8de0
2025-07-11T07:38:55.397Z [info]: GET /api/reviews/book/686fa492dca21dadb9ba8db4
2025-07-11T07:38:55.406Z [info]: GET /api/reviews/book/686fa492dca21dadb9ba8de4
2025-07-11T07:38:57.293Z [info]: GET /api/reviews/book/686fa492dca21dadb9ba8dfe
2025-07-11T07:39:44.302Z [info]: Redis connected
2025-07-11T07:39:44.331Z [info]: MongoDB connected
2025-07-11T07:39:44.343Z [info]: Review Service running on port 3002
2025-07-11T07:40:29.504Z [info]: GET /api/reviews/book/686fa492dca21dadb9ba8e03
2025-07-11T07:40:34.392Z [info]: GET /api/reviews/book/686fa492dca21dadb9ba8e07
2025-07-11T07:40:34.399Z [info]: GET /api/reviews/book/686fa492dca21dadb9ba8e08
2025-07-11T07:40:34.402Z [info]: GET /api/reviews/book/686fa492dca21dadb9ba8e09
2025-07-11T07:40:34.406Z [info]: GET /api/reviews/book/686fa492dca21dadb9ba8e0a
2025-07-11T07:40:34.410Z [info]: GET /api/reviews/book/686fa492dca21dadb9ba8e0b
2025-07-11T07:40:38.439Z [info]: GET /api/reviews/book/686fa492dca21dadb9ba8e0b
2025-07-11T07:41:15.071Z [info]: Redis connected
2025-07-11T07:41:15.094Z [info]: MongoDB connected
2025-07-11T07:41:15.103Z [info]: Review Service running on port 3002
2025-07-11T07:41:36.744Z [info]: GET /api/reviews/book/1
2025-07-11T07:41:36.757Z [error]: Error fetching reviews:
2025-07-11T07:41:36.770Z [info]: GET /api/reviews/book/2
2025-07-11T07:41:36.773Z [error]: Error fetching reviews:
2025-07-11T07:41:36.776Z [info]: GET /api/reviews/book/3
2025-07-11T07:41:36.778Z [error]: Error fetching reviews:
2025-07-11T07:41:36.782Z [info]: GET /api/reviews/book/4
2025-07-11T07:41:36.785Z [error]: Error fetching reviews:
2025-07-11T07:41:37.253Z [info]: GET /api/reviews/book/686fa492dca21dadb9ba8da9
2025-07-11T07:41:37.263Z [info]: GET /api/reviews/book/686fa492dca21dadb9ba8daa
2025-07-11T07:41:37.268Z [info]: GET /api/reviews/book/686fa492dca21dadb9ba8dab
2025-07-11T07:41:37.273Z [info]: GET /api/reviews/book/686fa492dca21dadb9ba8daf
2025-07-11T07:41:37.278Z [info]: GET /api/reviews/book/686fa492dca21dadb9ba8db0
2025-07-11T07:41:37.298Z [info]: GET /api/reviews/book/686fa492dca21dadb9ba8db2
2025-07-11T07:41:37.307Z [info]: GET /api/reviews/book/686fa492dca21dadb9ba8db3
2025-07-11T07:41:37.311Z [info]: GET /api/reviews/book/686fa492dca21dadb9ba8dac
2025-07-11T07:41:37.313Z [info]: GET /api/reviews/book/686fa492dca21dadb9ba8db6
2025-07-11T07:41:37.317Z [info]: GET /api/reviews/book/686fa492dca21dadb9ba8db7
2025-07-11T07:41:37.351Z [info]: GET /api/reviews/book/686fa492dca21dadb9ba8db8
2025-07-11T07:41:37.355Z [info]: GET /api/reviews/book/686fa492dca21dadb9ba8db9
2025-07-11T07:41:37.358Z [info]: GET /api/reviews/book/686fa492dca21dadb9ba8dba
2025-07-11T07:41:37.364Z [info]: GET /api/reviews/book/686fa492dca21dadb9ba8dad
2025-07-11T07:41:37.383Z [info]: GET /api/reviews/book/686fa492dca21dadb9ba8dbb
2025-07-11T07:41:37.387Z [info]: GET /api/reviews/book/686fa492dca21dadb9ba8dbc
2025-07-11T07:41:37.391Z [info]: GET /api/reviews/book/686fa492dca21dadb9ba8dae
2025-07-11T07:41:37.393Z [info]: GET /api/reviews/book/686fa492dca21dadb9ba8db1
2025-07-11T07:41:37.405Z [info]: GET /api/reviews/book/686fa492dca21dadb9ba8dbd
2025-07-11T07:41:37.409Z [info]: GET /api/reviews/book/686fa492dca21dadb9ba8dbe
2025-07-11T07:41:37.412Z [info]: GET /api/reviews/book/686fa492dca21dadb9ba8dbf
2025-07-11T07:41:37.415Z [info]: GET /api/reviews/book/686fa492dca21dadb9ba8dc0
2025-07-11T07:41:37.426Z [info]: GET /api/reviews/book/686fa492dca21dadb9ba8dc1
2025-07-11T07:41:37.429Z [info]: GET /api/reviews/book/686fa492dca21dadb9ba8dc2
2025-07-11T07:41:37.433Z [info]: GET /api/reviews/book/686fa492dca21dadb9ba8dc3
2025-07-11T07:41:37.436Z [info]: GET /api/reviews/book/686fa492dca21dadb9ba8dc4
2025-07-11T07:41:37.439Z [info]: GET /api/reviews/book/686fa492dca21dadb9ba8dc5
2025-07-11T07:41:37.454Z [info]: GET /api/reviews/book/686fa492dca21dadb9ba8dc6
2025-07-11T07:41:37.457Z [info]: GET /api/reviews/book/686fa492dca21dadb9ba8dc7
2025-07-11T07:41:37.459Z [info]: GET /api/reviews/book/686fa492dca21dadb9ba8dc8
2025-07-11T07:41:37.462Z [info]: GET /api/reviews/book/686fa492dca21dadb9ba8dc9
2025-07-11T07:41:37.466Z [info]: GET /api/reviews/book/686fa492dca21dadb9ba8dca
2025-07-11T07:41:37.478Z [info]: GET /api/reviews/book/686fa492dca21dadb9ba8dcb
2025-07-11T07:41:37.482Z [info]: GET /api/reviews/book/686fa492dca21dadb9ba8dcc
2025-07-11T07:41:37.487Z [info]: GET /api/reviews/book/686fa492dca21dadb9ba8dcd
2025-07-11T07:41:37.491Z [info]: GET /api/reviews/book/686fa492dca21dadb9ba8dce
2025-07-11T07:41:37.493Z [info]: GET /api/reviews/book/686fa492dca21dadb9ba8dcf
2025-07-11T07:41:37.497Z [info]: GET /api/reviews/book/686fa492dca21dadb9ba8dd0
2025-07-11T07:41:37.502Z [info]: GET /api/reviews/book/686fa492dca21dadb9ba8dd1
2025-07-11T07:41:37.510Z [info]: GET /api/reviews/book/686fa492dca21dadb9ba8dd2
2025-07-11T07:41:37.516Z [info]: GET /api/reviews/book/686fa492dca21dadb9ba8dd3
2025-07-11T07:41:37.523Z [info]: GET /api/reviews/book/686fa492dca21dadb9ba8dd4
2025-07-11T07:41:37.526Z [info]: GET /api/reviews/book/686fa492dca21dadb9ba8dd5
2025-07-11T07:41:37.530Z [info]: GET /api/reviews/book/686fa492dca21dadb9ba8dd6
2025-07-11T07:41:37.534Z [info]: GET /api/reviews/book/686fa492dca21dadb9ba8dd7
2025-07-11T07:41:37.544Z [info]: GET /api/reviews/book/686fa492dca21dadb9ba8dd8
2025-07-11T07:41:37.550Z [info]: GET /api/reviews/book/686fa492dca21dadb9ba8dd9
2025-07-11T07:41:37.554Z [info]: GET /api/reviews/book/686fa492dca21dadb9ba8ddb
2025-07-11T07:41:37.562Z [info]: GET /api/reviews/book/686fa492dca21dadb9ba8ddc
2025-07-11T07:41:37.567Z [info]: GET /api/reviews/book/686fa492dca21dadb9ba8dda
2025-07-11T07:41:37.574Z [info]: GET /api/reviews/book/686fa492dca21dadb9ba8ddd
2025-07-11T07:41:37.592Z [info]: GET /api/reviews/book/686fa492dca21dadb9ba8dde
2025-07-11T07:41:37.601Z [info]: GET /api/reviews/book/686fa492dca21dadb9ba8ddf
2025-07-11T07:41:37.605Z [info]: GET /api/reviews/book/686fa492dca21dadb9ba8de0
2025-07-11T07:41:37.608Z [info]: GET /api/reviews/book/686fa492dca21dadb9ba8db5
2025-07-11T07:41:37.611Z [info]: GET /api/reviews/book/686fa492dca21dadb9ba8db4
2025-07-11T07:41:37.616Z [info]: GET /api/reviews/book/686fa492dca21dadb9ba8de3
2025-07-11T07:41:37.626Z [info]: GET /api/reviews/book/686fa492dca21dadb9ba8de5
2025-07-11T07:41:37.633Z [info]: GET /api/reviews/book/686fa492dca21dadb9ba8de6
2025-07-11T07:41:37.636Z [info]: GET /api/reviews/book/686fa492dca21dadb9ba8de7
2025-07-11T07:41:37.639Z [info]: GET /api/reviews/book/686fa492dca21dadb9ba8de8
2025-07-11T07:41:37.642Z [info]: GET /api/reviews/book/686fa492dca21dadb9ba8de9
2025-07-11T07:41:37.648Z [info]: GET /api/reviews/book/686fa492dca21dadb9ba8dea
2025-07-11T07:41:37.661Z [info]: GET /api/reviews/book/686fa492dca21dadb9ba8deb
2025-07-11T07:41:37.670Z [info]: GET /api/reviews/book/686fa492dca21dadb9ba8de4
2025-07-11T07:41:37.675Z [info]: GET /api/reviews/book/686fa492dca21dadb9ba8dec
2025-07-11T07:41:37.679Z [info]: GET /api/reviews/book/686fa492dca21dadb9ba8ded
2025-07-11T07:41:37.684Z [info]: GET /api/reviews/book/686fa492dca21dadb9ba8dee
2025-07-11T07:41:37.690Z [info]: GET /api/reviews/book/686fa492dca21dadb9ba8def
2025-07-11T07:41:37.703Z [info]: GET /api/reviews/book/686fa492dca21dadb9ba8df0
2025-07-11T07:41:37.709Z [info]: GET /api/reviews/book/686fa492dca21dadb9ba8df1
2025-07-11T07:41:37.712Z [info]: GET /api/reviews/book/686fa492dca21dadb9ba8df2
2025-07-11T07:41:37.716Z [info]: GET /api/reviews/book/686fa492dca21dadb9ba8df3
2025-07-11T07:41:37.719Z [info]: GET /api/reviews/book/686fa492dca21dadb9ba8df4
2025-07-11T07:41:37.725Z [info]: GET /api/reviews/book/686fa492dca21dadb9ba8df5
2025-07-11T07:41:37.737Z [info]: GET /api/reviews/book/686fa492dca21dadb9ba8df6
2025-07-11T07:41:37.743Z [info]: GET /api/reviews/book/686fa492dca21dadb9ba8df7
2025-07-11T07:41:37.748Z [info]: GET /api/reviews/book/686fa492dca21dadb9ba8df8
2025-07-11T07:41:37.753Z [info]: GET /api/reviews/book/686fa492dca21dadb9ba8df9
2025-07-11T07:41:37.757Z [info]: GET /api/reviews/book/686fa492dca21dadb9ba8dfa
2025-07-11T07:41:37.765Z [info]: GET /api/reviews/book/686fa492dca21dadb9ba8dfb
2025-07-11T07:41:37.783Z [info]: GET /api/reviews/book/686fa492dca21dadb9ba8dfc
2025-07-11T07:41:37.789Z [info]: GET /api/reviews/book/686fa492dca21dadb9ba8dfd
2025-07-11T07:41:37.796Z [info]: GET /api/reviews/book/686fa492dca21dadb9ba8dfe
2025-07-11T07:41:37.801Z [info]: GET /api/reviews/book/686fa492dca21dadb9ba8dff
2025-07-11T07:41:37.839Z [info]: GET /api/reviews/book/686fa492dca21dadb9ba8e00
2025-07-11T07:41:37.891Z [info]: GET /api/reviews/book/686fa492dca21dadb9ba8e01
2025-07-11T07:41:37.919Z [info]: GET /api/reviews/book/686fa492dca21dadb9ba8e02
2025-07-11T07:41:37.942Z [info]: GET /api/reviews/book/686fa492dca21dadb9ba8e03
2025-07-11T07:41:37.964Z [info]: GET /api/reviews/book/686fa492dca21dadb9ba8e04
2025-07-11T07:41:37.983Z [info]: GET /api/reviews/book/686fa492dca21dadb9ba8e05
2025-07-11T07:41:38.001Z [info]: GET /api/reviews/book/686fa492dca21dadb9ba8e06
2025-07-11T07:41:38.031Z [info]: GET /api/reviews/book/686fa492dca21dadb9ba8e07
2025-07-11T07:41:38.038Z [info]: GET /api/reviews/book/686fa492dca21dadb9ba8e08
2025-07-11T07:41:38.061Z [info]: GET /api/reviews/book/686fa492dca21dadb9ba8e09
2025-07-11T07:41:38.076Z [info]: GET /api/reviews/book/686fa492dca21dadb9ba8e0a
2025-07-11T07:41:38.084Z [info]: GET /api/reviews/book/686fa492dca21dadb9ba8e0b
2025-07-11T07:41:38.087Z [info]: GET /api/reviews/book/686fa492dca21dadb9ba8e0c
2025-07-11T07:41:38.091Z [info]: GET /api/reviews/book/686fa492dca21dadb9ba8de1
2025-07-11T07:41:38.098Z [info]: GET /api/reviews/book/686fa492dca21dadb9ba8de2
2025-07-11T07:41:42.110Z [info]: GET /api/reviews/book/686fa492dca21dadb9ba8da9
2025-07-11T07:41:42.118Z [info]: GET /api/reviews/book/686fa492dca21dadb9ba8daa
2025-07-11T07:41:42.129Z [info]: GET /api/reviews/book/686fa492dca21dadb9ba8dab
2025-07-11T07:41:42.137Z [info]: GET /api/reviews/book/686fa492dca21dadb9ba8daf
2025-07-11T07:41:42.150Z [info]: GET /api/reviews/book/686fa492dca21dadb9ba8db0
2025-07-11T07:41:42.170Z [info]: GET /api/reviews/book/686fa492dca21dadb9ba8db2
2025-07-11T07:41:42.179Z [info]: GET /api/reviews/book/686fa492dca21dadb9ba8db3
2025-07-11T07:41:42.183Z [info]: GET /api/reviews/book/686fa492dca21dadb9ba8dac
2025-07-11T07:41:42.191Z [info]: GET /api/reviews/book/686fa492dca21dadb9ba8db6
2025-07-11T07:41:42.199Z [info]: GET /api/reviews/book/686fa492dca21dadb9ba8db7
2025-07-11T07:41:42.211Z [info]: GET /api/reviews/book/686fa492dca21dadb9ba8db8
2025-07-11T07:41:42.221Z [info]: GET /api/reviews/book/686fa492dca21dadb9ba8db9
2025-07-11T07:41:42.227Z [info]: GET /api/reviews/book/686fa492dca21dadb9ba8dba
2025-07-11T07:41:42.232Z [info]: GET /api/reviews/book/686fa492dca21dadb9ba8dad
2025-07-11T07:41:42.240Z [info]: GET /api/reviews/book/686fa492dca21dadb9ba8dbb
2025-07-11T07:41:42.247Z [info]: GET /api/reviews/book/686fa492dca21dadb9ba8dbc
2025-07-11T07:41:42.255Z [info]: GET /api/reviews/book/686fa492dca21dadb9ba8dae
2025-07-11T07:41:42.261Z [info]: GET /api/reviews/book/686fa492dca21dadb9ba8db1
2025-07-11T07:41:42.267Z [info]: GET /api/reviews/book/686fa492dca21dadb9ba8dbd
2025-07-11T07:41:42.271Z [info]: GET /api/reviews/book/686fa492dca21dadb9ba8dbe
2025-07-11T07:41:42.277Z [info]: GET /api/reviews/book/686fa492dca21dadb9ba8dbf
2025-07-11T07:41:42.284Z [info]: GET /api/reviews/book/686fa492dca21dadb9ba8dc0
2025-07-11T07:41:42.292Z [info]: GET /api/reviews/book/686fa492dca21dadb9ba8dc1
2025-07-11T07:41:42.302Z [info]: GET /api/reviews/book/686fa492dca21dadb9ba8dc2
2025-07-11T07:41:42.312Z [info]: GET /api/reviews/book/686fa492dca21dadb9ba8dc3
2025-07-11T07:41:42.317Z [info]: GET /api/reviews/book/686fa492dca21dadb9ba8dc4
2025-07-11T07:41:42.324Z [info]: GET /api/reviews/book/686fa492dca21dadb9ba8dc5
2025-07-11T07:41:42.332Z [info]: GET /api/reviews/book/686fa492dca21dadb9ba8dc6
2025-07-11T07:41:42.339Z [info]: GET /api/reviews/book/686fa492dca21dadb9ba8dc7
2025-07-11T07:41:42.345Z [info]: GET /api/reviews/book/686fa492dca21dadb9ba8dc8
2025-07-11T07:41:42.351Z [info]: GET /api/reviews/book/686fa492dca21dadb9ba8dc9
2025-07-11T07:41:42.355Z [info]: GET /api/reviews/book/686fa492dca21dadb9ba8dca
2025-07-11T07:41:42.361Z [info]: GET /api/reviews/book/686fa492dca21dadb9ba8dcb
2025-07-11T07:41:42.367Z [info]: GET /api/reviews/book/686fa492dca21dadb9ba8dcc
2025-07-11T07:41:42.375Z [info]: GET /api/reviews/book/686fa492dca21dadb9ba8dcd
2025-07-11T07:41:42.380Z [info]: GET /api/reviews/book/686fa492dca21dadb9ba8dce
2025-07-11T07:41:42.386Z [info]: GET /api/reviews/book/686fa492dca21dadb9ba8dcf
2025-07-11T07:41:42.389Z [info]: GET /api/reviews/book/686fa492dca21dadb9ba8dd0
2025-07-11T07:41:42.392Z [info]: GET /api/reviews/book/686fa492dca21dadb9ba8dd1
2025-07-11T07:41:42.396Z [info]: GET /api/reviews/book/686fa492dca21dadb9ba8dd2
2025-07-11T07:41:42.403Z [info]: GET /api/reviews/book/686fa492dca21dadb9ba8dd3
2025-07-11T07:41:42.407Z [info]: GET /api/reviews/book/686fa492dca21dadb9ba8dd4
2025-07-11T07:41:42.412Z [info]: GET /api/reviews/book/686fa492dca21dadb9ba8dd5
2025-07-11T07:41:42.415Z [info]: GET /api/reviews/book/686fa492dca21dadb9ba8dd6
2025-07-11T07:41:42.419Z [info]: GET /api/reviews/book/686fa492dca21dadb9ba8dd7
2025-07-11T07:41:42.424Z [info]: GET /api/reviews/book/686fa492dca21dadb9ba8dd8
2025-07-11T07:41:42.433Z [info]: GET /api/reviews/book/686fa492dca21dadb9ba8dd9
2025-07-11T07:41:42.436Z [info]: GET /api/reviews/book/686fa492dca21dadb9ba8dda
2025-07-11T07:41:42.441Z [info]: GET /api/reviews/book/686fa492dca21dadb9ba8ddb
2025-07-11T07:41:42.444Z [info]: GET /api/reviews/book/686fa492dca21dadb9ba8ddc
2025-07-11T07:41:42.448Z [info]: GET /api/reviews/book/686fa492dca21dadb9ba8ddd
2025-07-11T07:41:42.453Z [info]: GET /api/reviews/book/686fa492dca21dadb9ba8dde
2025-07-11T07:41:42.459Z [info]: GET /api/reviews/book/686fa492dca21dadb9ba8ddf
2025-07-11T07:41:42.464Z [info]: GET /api/reviews/book/686fa492dca21dadb9ba8de0
2025-07-11T07:41:42.469Z [info]: GET /api/reviews/book/686fa492dca21dadb9ba8db5
2025-07-11T07:41:42.474Z [info]: GET /api/reviews/book/686fa492dca21dadb9ba8db4
2025-07-11T07:41:42.484Z [info]: GET /api/reviews/book/686fa492dca21dadb9ba8de3
2025-07-11T07:41:42.492Z [info]: GET /api/reviews/book/686fa492dca21dadb9ba8de4
2025-07-11T07:41:42.501Z [info]: GET /api/reviews/book/686fa492dca21dadb9ba8de5
2025-07-11T07:41:42.512Z [info]: GET /api/reviews/book/686fa492dca21dadb9ba8de6
2025-07-11T07:41:42.517Z [info]: GET /api/reviews/book/686fa492dca21dadb9ba8de7
2025-07-11T07:41:42.520Z [info]: GET /api/reviews/book/686fa492dca21dadb9ba8de8
2025-07-11T07:41:42.526Z [info]: GET /api/reviews/book/686fa492dca21dadb9ba8de9
2025-07-11T07:41:42.531Z [info]: GET /api/reviews/book/686fa492dca21dadb9ba8dea
2025-07-11T07:41:42.537Z [info]: GET /api/reviews/book/686fa492dca21dadb9ba8deb
2025-07-11T07:41:42.543Z [info]: GET /api/reviews/book/686fa492dca21dadb9ba8dec
2025-07-11T07:41:42.548Z [info]: GET /api/reviews/book/686fa492dca21dadb9ba8ded
2025-07-11T07:41:42.550Z [info]: GET /api/reviews/book/686fa492dca21dadb9ba8dee
2025-07-11T07:41:42.563Z [info]: GET /api/reviews/book/686fa492dca21dadb9ba8def
2025-07-11T07:41:42.570Z [info]: GET /api/reviews/book/686fa492dca21dadb9ba8df0
2025-07-11T07:41:42.576Z [info]: GET /api/reviews/book/686fa492dca21dadb9ba8df1
2025-07-11T07:41:42.579Z [info]: GET /api/reviews/book/686fa492dca21dadb9ba8df2
2025-07-11T07:41:42.583Z [info]: GET /api/reviews/book/686fa492dca21dadb9ba8df3
2025-07-11T07:41:42.586Z [info]: GET /api/reviews/book/686fa492dca21dadb9ba8df4
2025-07-11T07:41:42.591Z [info]: GET /api/reviews/book/686fa492dca21dadb9ba8df5
2025-07-11T07:41:42.596Z [info]: GET /api/reviews/book/686fa492dca21dadb9ba8df6
2025-07-11T07:41:42.601Z [info]: GET /api/reviews/book/686fa492dca21dadb9ba8df7
2025-07-11T07:41:42.605Z [info]: GET /api/reviews/book/686fa492dca21dadb9ba8df8
2025-07-11T07:41:42.610Z [info]: GET /api/reviews/book/686fa492dca21dadb9ba8df9
2025-07-11T07:41:42.613Z [info]: GET /api/reviews/book/686fa492dca21dadb9ba8dfa
2025-07-11T07:41:42.617Z [info]: GET /api/reviews/book/686fa492dca21dadb9ba8dfb
2025-07-11T07:41:42.621Z [info]: GET /api/reviews/book/686fa492dca21dadb9ba8dfc
2025-07-11T07:41:42.629Z [info]: GET /api/reviews/book/686fa492dca21dadb9ba8dfd
2025-07-11T07:41:42.633Z [info]: GET /api/reviews/book/686fa492dca21dadb9ba8dfe
2025-07-11T07:41:42.639Z [info]: GET /api/reviews/book/686fa492dca21dadb9ba8dff
2025-07-11T07:41:42.642Z [info]: GET /api/reviews/book/686fa492dca21dadb9ba8e00
2025-07-11T07:41:42.646Z [info]: GET /api/reviews/book/686fa492dca21dadb9ba8e01
2025-07-11T07:41:42.651Z [info]: GET /api/reviews/book/686fa492dca21dadb9ba8e02
2025-07-11T07:41:42.656Z [info]: GET /api/reviews/book/686fa492dca21dadb9ba8e03
2025-07-11T07:41:42.661Z [info]: GET /api/reviews/book/686fa492dca21dadb9ba8e04
2025-07-11T07:41:42.665Z [info]: GET /api/reviews/book/686fa492dca21dadb9ba8e05
2025-07-11T07:41:42.668Z [info]: GET /api/reviews/book/686fa492dca21dadb9ba8e06
2025-07-11T07:41:42.672Z [info]: GET /api/reviews/book/686fa492dca21dadb9ba8e07
2025-07-11T07:41:42.678Z [info]: GET /api/reviews/book/686fa492dca21dadb9ba8e08
2025-07-11T07:41:42.686Z [info]: GET /api/reviews/book/686fa492dca21dadb9ba8e09
2025-07-11T07:41:42.691Z [info]: GET /api/reviews/book/686fa492dca21dadb9ba8e0a
2025-07-11T07:41:42.695Z [info]: GET /api/reviews/book/686fa492dca21dadb9ba8e0b
2025-07-11T07:41:42.698Z [info]: GET /api/reviews/book/686fa492dca21dadb9ba8e0c
2025-07-11T07:41:42.702Z [info]: GET /api/reviews/book/686fa492dca21dadb9ba8de1
2025-07-11T07:41:42.706Z [info]: GET /api/reviews/book/686fa492dca21dadb9ba8de2
2025-07-11T07:41:49.404Z [info]: GET /api/reviews/book/1
2025-07-11T07:41:49.407Z [error]: Error fetching reviews:
2025-07-11T07:41:49.410Z [info]: GET /api/reviews/book/2
2025-07-11T07:41:49.413Z [error]: Error fetching reviews:
2025-07-11T07:41:49.415Z [info]: GET /api/reviews/book/3
2025-07-11T07:41:49.417Z [error]: Error fetching reviews:
2025-07-11T07:41:49.421Z [info]: GET /api/reviews/book/4
2025-07-11T07:41:49.423Z [error]: Error fetching reviews:
2025-07-11T07:41:49.778Z [info]: GET /api/reviews/book/686fa492dca21dadb9ba8da9
2025-07-11T07:41:49.781Z [info]: GET /api/reviews/book/686fa492dca21dadb9ba8daa
2025-07-11T07:41:49.784Z [info]: GET /api/reviews/book/686fa492dca21dadb9ba8dab
2025-07-11T07:41:49.791Z [info]: GET /api/reviews/book/686fa492dca21dadb9ba8daf
2025-07-11T07:41:49.799Z [info]: GET /api/reviews/book/686fa492dca21dadb9ba8db0
2025-07-11T07:41:49.804Z [info]: GET /api/reviews/book/686fa492dca21dadb9ba8db2
2025-07-11T07:41:49.809Z [info]: GET /api/reviews/book/686fa492dca21dadb9ba8db3
2025-07-11T07:41:49.813Z [info]: GET /api/reviews/book/686fa492dca21dadb9ba8dac
2025-07-11T07:41:49.820Z [info]: GET /api/reviews/book/686fa492dca21dadb9ba8db6
2025-07-11T07:41:49.824Z [info]: GET /api/reviews/book/686fa492dca21dadb9ba8db7
2025-07-11T07:41:49.829Z [info]: GET /api/reviews/book/686fa492dca21dadb9ba8db8
2025-07-11T07:41:49.831Z [info]: GET /api/reviews/book/686fa492dca21dadb9ba8db9
2025-07-11T07:41:49.835Z [info]: GET /api/reviews/book/686fa492dca21dadb9ba8dba
2025-07-11T07:41:49.839Z [info]: GET /api/reviews/book/686fa492dca21dadb9ba8dad
2025-07-11T07:41:49.844Z [info]: GET /api/reviews/book/686fa492dca21dadb9ba8dbb
2025-07-11T07:41:49.847Z [info]: GET /api/reviews/book/686fa492dca21dadb9ba8dbc
2025-07-11T07:41:49.852Z [info]: GET /api/reviews/book/686fa492dca21dadb9ba8dae
2025-07-11T07:41:49.855Z [info]: GET /api/reviews/book/686fa492dca21dadb9ba8db1
2025-07-11T07:41:49.859Z [info]: GET /api/reviews/book/686fa492dca21dadb9ba8dbd
2025-07-11T07:41:49.863Z [info]: GET /api/reviews/book/686fa492dca21dadb9ba8dbe
2025-07-11T07:41:49.868Z [info]: GET /api/reviews/book/686fa492dca21dadb9ba8dbf
2025-07-11T07:41:49.872Z [info]: GET /api/reviews/book/686fa492dca21dadb9ba8dc0
2025-07-11T07:41:49.875Z [info]: GET /api/reviews/book/686fa492dca21dadb9ba8dc1
2025-07-11T07:41:49.877Z [info]: GET /api/reviews/book/686fa492dca21dadb9ba8dc2
2025-07-11T07:41:49.880Z [info]: GET /api/reviews/book/686fa492dca21dadb9ba8dc3
2025-07-11T07:41:49.884Z [info]: GET /api/reviews/book/686fa492dca21dadb9ba8dc4
2025-07-11T07:41:49.890Z [info]: GET /api/reviews/book/686fa492dca21dadb9ba8dc5
2025-07-11T07:41:49.894Z [info]: GET /api/reviews/book/686fa492dca21dadb9ba8dc6
2025-07-11T07:41:49.899Z [info]: GET /api/reviews/book/686fa492dca21dadb9ba8dc7
2025-07-11T07:41:49.902Z [info]: GET /api/reviews/book/686fa492dca21dadb9ba8dc8
2025-07-11T07:41:49.905Z [info]: GET /api/reviews/book/686fa492dca21dadb9ba8dc9
2025-07-11T07:41:49.909Z [info]: GET /api/reviews/book/686fa492dca21dadb9ba8dca
2025-07-11T07:41:49.917Z [info]: GET /api/reviews/book/686fa492dca21dadb9ba8dcb
2025-07-11T07:41:49.922Z [info]: GET /api/reviews/book/686fa492dca21dadb9ba8dcc
2025-07-11T07:41:49.927Z [info]: GET /api/reviews/book/686fa492dca21dadb9ba8dcd
2025-07-11T07:41:49.929Z [info]: GET /api/reviews/book/686fa492dca21dadb9ba8dce
2025-07-11T07:41:49.932Z [info]: GET /api/reviews/book/686fa492dca21dadb9ba8dcf
2025-07-11T07:41:49.938Z [info]: GET /api/reviews/book/686fa492dca21dadb9ba8dd0
2025-07-11T07:41:49.950Z [info]: GET /api/reviews/book/686fa492dca21dadb9ba8dd1
2025-07-11T07:41:49.956Z [info]: GET /api/reviews/book/686fa492dca21dadb9ba8dd2
2025-07-11T07:41:49.960Z [info]: GET /api/reviews/book/686fa492dca21dadb9ba8dd3
2025-07-11T07:41:49.962Z [info]: GET /api/reviews/book/686fa492dca21dadb9ba8dd4
2025-07-11T07:41:49.965Z [info]: GET /api/reviews/book/686fa492dca21dadb9ba8dd5
2025-07-11T07:41:49.968Z [info]: GET /api/reviews/book/686fa492dca21dadb9ba8dd6
2025-07-11T07:41:49.973Z [info]: GET /api/reviews/book/686fa492dca21dadb9ba8dd7
2025-07-11T07:41:49.976Z [info]: GET /api/reviews/book/686fa492dca21dadb9ba8dd8
2025-07-11T07:41:49.980Z [info]: GET /api/reviews/book/686fa492dca21dadb9ba8dd9
2025-07-11T07:41:49.982Z [info]: GET /api/reviews/book/686fa492dca21dadb9ba8dda
2025-07-11T07:41:49.987Z [info]: GET /api/reviews/book/686fa492dca21dadb9ba8ddb
2025-07-11T07:41:49.990Z [info]: GET /api/reviews/book/686fa492dca21dadb9ba8ddc
2025-07-11T07:41:49.996Z [info]: GET /api/reviews/book/686fa492dca21dadb9ba8ddd
2025-07-11T07:41:50.000Z [info]: GET /api/reviews/book/686fa492dca21dadb9ba8dde
2025-07-11T07:41:50.006Z [info]: GET /api/reviews/book/686fa492dca21dadb9ba8ddf
2025-07-11T07:41:50.009Z [info]: GET /api/reviews/book/686fa492dca21dadb9ba8de0
2025-07-11T07:41:50.013Z [info]: GET /api/reviews/book/686fa492dca21dadb9ba8db5
2025-07-11T07:41:50.018Z [info]: GET /api/reviews/book/686fa492dca21dadb9ba8db4
2025-07-11T07:41:50.026Z [info]: GET /api/reviews/book/686fa492dca21dadb9ba8de3
2025-07-11T07:41:50.031Z [info]: GET /api/reviews/book/686fa492dca21dadb9ba8de4
2025-07-11T07:41:50.037Z [info]: GET /api/reviews/book/686fa492dca21dadb9ba8de5
2025-07-11T07:41:50.041Z [info]: GET /api/reviews/book/686fa492dca21dadb9ba8de6
2025-07-11T07:41:50.047Z [info]: GET /api/reviews/book/686fa492dca21dadb9ba8de7
2025-07-11T07:41:50.053Z [info]: GET /api/reviews/book/686fa492dca21dadb9ba8de8
2025-07-11T07:41:50.060Z [info]: GET /api/reviews/book/686fa492dca21dadb9ba8de9
2025-07-11T07:41:50.065Z [info]: GET /api/reviews/book/686fa492dca21dadb9ba8dea
2025-07-11T07:41:50.070Z [info]: GET /api/reviews/book/686fa492dca21dadb9ba8deb
2025-07-11T07:41:50.073Z [info]: GET /api/reviews/book/686fa492dca21dadb9ba8dec
2025-07-11T07:41:50.077Z [info]: GET /api/reviews/book/686fa492dca21dadb9ba8ded
2025-07-11T07:41:50.081Z [info]: GET /api/reviews/book/686fa492dca21dadb9ba8dee
2025-07-11T07:41:50.087Z [info]: GET /api/reviews/book/686fa492dca21dadb9ba8def
2025-07-11T07:41:50.091Z [info]: GET /api/reviews/book/686fa492dca21dadb9ba8df0
2025-07-11T07:41:50.094Z [info]: GET /api/reviews/book/686fa492dca21dadb9ba8df1
2025-07-11T07:41:50.097Z [info]: GET /api/reviews/book/686fa492dca21dadb9ba8df2
2025-07-11T07:41:50.100Z [info]: GET /api/reviews/book/686fa492dca21dadb9ba8df3
2025-07-11T07:41:50.104Z [info]: GET /api/reviews/book/686fa492dca21dadb9ba8df4
2025-07-11T07:41:50.108Z [info]: GET /api/reviews/book/686fa492dca21dadb9ba8df5
2025-07-11T07:41:50.113Z [info]: GET /api/reviews/book/686fa492dca21dadb9ba8df6
2025-07-11T07:41:50.116Z [info]: GET /api/reviews/book/686fa492dca21dadb9ba8df7
2025-07-11T07:41:50.120Z [info]: GET /api/reviews/book/686fa492dca21dadb9ba8df8
2025-07-11T07:41:50.123Z [info]: GET /api/reviews/book/686fa492dca21dadb9ba8df9
2025-07-11T07:41:50.128Z [info]: GET /api/reviews/book/686fa492dca21dadb9ba8dfa
2025-07-11T07:41:50.132Z [info]: GET /api/reviews/book/686fa492dca21dadb9ba8dfb
2025-07-11T07:41:50.137Z [info]: GET /api/reviews/book/686fa492dca21dadb9ba8dfc
2025-07-11T07:41:50.142Z [info]: GET /api/reviews/book/686fa492dca21dadb9ba8dfd
2025-07-11T07:41:50.145Z [info]: GET /api/reviews/book/686fa492dca21dadb9ba8dfe
2025-07-11T07:41:50.150Z [info]: GET /api/reviews/book/686fa492dca21dadb9ba8dff
2025-07-11T07:41:50.159Z [info]: GET /api/reviews/book/686fa492dca21dadb9ba8e00
2025-07-11T07:41:50.170Z [info]: GET /api/reviews/book/686fa492dca21dadb9ba8e01
2025-07-11T07:41:50.176Z [info]: GET /api/reviews/book/686fa492dca21dadb9ba8e02
2025-07-11T07:41:50.182Z [info]: GET /api/reviews/book/686fa492dca21dadb9ba8e03
2025-07-11T07:41:50.185Z [info]: GET /api/reviews/book/686fa492dca21dadb9ba8e04
2025-07-11T07:41:50.190Z [info]: GET /api/reviews/book/686fa492dca21dadb9ba8e05
2025-07-11T07:41:50.193Z [info]: GET /api/reviews/book/686fa492dca21dadb9ba8e06
2025-07-11T07:41:50.198Z [info]: GET /api/reviews/book/686fa492dca21dadb9ba8e07
2025-07-11T07:41:50.203Z [info]: GET /api/reviews/book/686fa492dca21dadb9ba8e08
2025-07-11T07:41:50.207Z [info]: GET /api/reviews/book/686fa492dca21dadb9ba8e09
2025-07-11T07:41:50.209Z [info]: GET /api/reviews/book/686fa492dca21dadb9ba8e0a
2025-07-11T07:41:50.213Z [info]: GET /api/reviews/book/686fa492dca21dadb9ba8e0b
2025-07-11T07:41:50.216Z [info]: GET /api/reviews/book/686fa492dca21dadb9ba8e0c
2025-07-11T07:41:50.233Z [info]: GET /api/reviews/book/686fa492dca21dadb9ba8de1
2025-07-11T07:41:50.245Z [info]: GET /api/reviews/book/686fa492dca21dadb9ba8de2
2025-07-11T07:41:55.065Z [info]: GET /api/reviews/book/686fa492dca21dadb9ba8da9
2025-07-11T07:41:55.070Z [info]: GET /api/reviews/book/686fa492dca21dadb9ba8daa
2025-07-11T07:41:55.073Z [info]: GET /api/reviews/book/686fa492dca21dadb9ba8dab
2025-07-11T07:41:55.077Z [info]: GET /api/reviews/book/686fa492dca21dadb9ba8daf
2025-07-11T07:41:55.079Z [info]: GET /api/reviews/book/686fa492dca21dadb9ba8db0
2025-07-11T07:41:55.082Z [info]: GET /api/reviews/book/686fa492dca21dadb9ba8db2
2025-07-11T07:41:55.084Z [info]: GET /api/reviews/book/686fa492dca21dadb9ba8db3
2025-07-11T07:41:55.092Z [info]: GET /api/reviews/book/686fa492dca21dadb9ba8dac
2025-07-11T07:41:55.095Z [info]: GET /api/reviews/book/686fa492dca21dadb9ba8db6
2025-07-11T07:41:55.098Z [info]: GET /api/reviews/book/686fa492dca21dadb9ba8db7
2025-07-11T07:41:55.101Z [info]: GET /api/reviews/book/686fa492dca21dadb9ba8db8
2025-07-11T07:41:55.103Z [info]: GET /api/reviews/book/686fa492dca21dadb9ba8db9
2025-07-11T07:41:55.105Z [info]: GET /api/reviews/book/686fa492dca21dadb9ba8dba
2025-07-11T07:41:55.117Z [info]: GET /api/reviews/book/686fa492dca21dadb9ba8dad
2025-07-11T07:41:55.119Z [info]: GET /api/reviews/book/686fa492dca21dadb9ba8dbb
2025-07-11T07:41:55.120Z [info]: GET /api/reviews/book/686fa492dca21dadb9ba8dbc
2025-07-11T07:41:55.123Z [info]: GET /api/reviews/book/686fa492dca21dadb9ba8dae
2025-07-11T07:41:55.125Z [info]: GET /api/reviews/book/686fa492dca21dadb9ba8db1
2025-07-11T07:41:55.127Z [info]: GET /api/reviews/book/686fa492dca21dadb9ba8dbd
2025-07-11T07:41:55.137Z [info]: GET /api/reviews/book/686fa492dca21dadb9ba8dbe
2025-07-11T07:41:55.140Z [info]: GET /api/reviews/book/686fa492dca21dadb9ba8dbf
2025-07-11T07:41:55.143Z [info]: GET /api/reviews/book/686fa492dca21dadb9ba8dc0
2025-07-11T07:41:55.144Z [info]: GET /api/reviews/book/686fa492dca21dadb9ba8dc1
2025-07-11T07:41:55.147Z [info]: GET /api/reviews/book/686fa492dca21dadb9ba8dc2
2025-07-11T07:41:55.149Z [info]: GET /api/reviews/book/686fa492dca21dadb9ba8dc3
2025-07-11T07:41:55.173Z [info]: GET /api/reviews/book/686fa492dca21dadb9ba8dc4
2025-07-11T07:41:55.175Z [info]: GET /api/reviews/book/686fa492dca21dadb9ba8dc5
2025-07-11T07:41:55.177Z [info]: GET /api/reviews/book/686fa492dca21dadb9ba8dc6
2025-07-11T07:41:55.179Z [info]: GET /api/reviews/book/686fa492dca21dadb9ba8dc7
2025-07-11T07:41:55.182Z [info]: GET /api/reviews/book/686fa492dca21dadb9ba8dc8
2025-07-11T07:41:55.184Z [info]: GET /api/reviews/book/686fa492dca21dadb9ba8dc9
2025-07-11T07:41:55.193Z [info]: GET /api/reviews/book/686fa492dca21dadb9ba8dca
2025-07-11T07:41:55.195Z [info]: GET /api/reviews/book/686fa492dca21dadb9ba8dcb
2025-07-11T07:41:55.197Z [info]: GET /api/reviews/book/686fa492dca21dadb9ba8dcc
2025-07-11T07:41:55.199Z [info]: GET /api/reviews/book/686fa492dca21dadb9ba8dcd
2025-07-11T07:41:55.202Z [info]: GET /api/reviews/book/686fa492dca21dadb9ba8dce
2025-07-11T07:41:55.204Z [info]: GET /api/reviews/book/686fa492dca21dadb9ba8dcf
2025-07-11T07:41:55.211Z [info]: GET /api/reviews/book/686fa492dca21dadb9ba8dd0
2025-07-11T07:41:55.214Z [info]: GET /api/reviews/book/686fa492dca21dadb9ba8dd1
2025-07-11T07:41:55.216Z [info]: GET /api/reviews/book/686fa492dca21dadb9ba8dd2
2025-07-11T07:41:55.218Z [info]: GET /api/reviews/book/686fa492dca21dadb9ba8dd3
2025-07-11T07:41:55.220Z [info]: GET /api/reviews/book/686fa492dca21dadb9ba8dd4
2025-07-11T07:41:55.222Z [info]: GET /api/reviews/book/686fa492dca21dadb9ba8dd5
2025-07-11T07:41:55.231Z [info]: GET /api/reviews/book/686fa492dca21dadb9ba8dd6
2025-07-11T07:41:55.234Z [info]: GET /api/reviews/book/686fa492dca21dadb9ba8dd7
2025-07-11T07:41:55.235Z [info]: GET /api/reviews/book/686fa492dca21dadb9ba8dd8
2025-07-11T07:41:55.237Z [info]: GET /api/reviews/book/686fa492dca21dadb9ba8dd9
2025-07-11T07:41:55.240Z [info]: GET /api/reviews/book/686fa492dca21dadb9ba8dda
2025-07-11T07:41:55.242Z [info]: GET /api/reviews/book/686fa492dca21dadb9ba8ddb
2025-07-11T07:41:55.253Z [info]: GET /api/reviews/book/686fa492dca21dadb9ba8ddc
2025-07-11T07:41:55.256Z [info]: GET /api/reviews/book/686fa492dca21dadb9ba8ddd
2025-07-11T07:41:55.259Z [info]: GET /api/reviews/book/686fa492dca21dadb9ba8dde
2025-07-11T07:41:55.261Z [info]: GET /api/reviews/book/686fa492dca21dadb9ba8ddf
2025-07-11T07:41:55.263Z [info]: GET /api/reviews/book/686fa492dca21dadb9ba8de0
2025-07-11T07:41:55.267Z [info]: GET /api/reviews/book/686fa492dca21dadb9ba8db5
2025-07-11T07:41:55.276Z [info]: GET /api/reviews/book/686fa492dca21dadb9ba8db4
2025-07-11T07:41:55.279Z [info]: GET /api/reviews/book/686fa492dca21dadb9ba8de3
2025-07-11T07:41:55.282Z [info]: GET /api/reviews/book/686fa492dca21dadb9ba8de4
2025-07-11T07:41:55.284Z [info]: GET /api/reviews/book/686fa492dca21dadb9ba8de5
2025-07-11T07:41:55.286Z [info]: GET /api/reviews/book/686fa492dca21dadb9ba8de6
2025-07-11T07:41:55.288Z [info]: GET /api/reviews/book/686fa492dca21dadb9ba8de7
2025-07-11T07:41:55.299Z [info]: GET /api/reviews/book/686fa492dca21dadb9ba8de8
2025-07-11T07:41:55.302Z [info]: GET /api/reviews/book/686fa492dca21dadb9ba8de9
2025-07-11T07:41:55.305Z [info]: GET /api/reviews/book/686fa492dca21dadb9ba8dea
2025-07-11T07:41:55.308Z [info]: GET /api/reviews/book/686fa492dca21dadb9ba8deb
2025-07-11T07:41:55.310Z [info]: GET /api/reviews/book/686fa492dca21dadb9ba8dec
2025-07-11T07:41:55.314Z [info]: GET /api/reviews/book/686fa492dca21dadb9ba8ded
2025-07-11T07:41:55.325Z [info]: GET /api/reviews/book/686fa492dca21dadb9ba8dee
2025-07-11T07:41:55.328Z [info]: GET /api/reviews/book/686fa492dca21dadb9ba8def
2025-07-11T07:41:55.330Z [info]: GET /api/reviews/book/686fa492dca21dadb9ba8df0
2025-07-11T07:41:55.332Z [info]: GET /api/reviews/book/686fa492dca21dadb9ba8df1
2025-07-11T07:41:55.334Z [info]: GET /api/reviews/book/686fa492dca21dadb9ba8df2
2025-07-11T07:41:55.336Z [info]: GET /api/reviews/book/686fa492dca21dadb9ba8df3
2025-07-11T07:41:55.344Z [info]: GET /api/reviews/book/686fa492dca21dadb9ba8df4
2025-07-11T07:41:55.347Z [info]: GET /api/reviews/book/686fa492dca21dadb9ba8df5
2025-07-11T07:41:55.349Z [info]: GET /api/reviews/book/686fa492dca21dadb9ba8df6
2025-07-11T07:41:55.351Z [info]: GET /api/reviews/book/686fa492dca21dadb9ba8df7
2025-07-11T07:41:55.353Z [info]: GET /api/reviews/book/686fa492dca21dadb9ba8df8
2025-07-11T07:41:55.356Z [info]: GET /api/reviews/book/686fa492dca21dadb9ba8df9
2025-07-11T07:41:55.364Z [info]: GET /api/reviews/book/686fa492dca21dadb9ba8dfa
2025-07-11T07:41:55.366Z [info]: GET /api/reviews/book/686fa492dca21dadb9ba8dfb
2025-07-11T07:41:55.368Z [info]: GET /api/reviews/book/686fa492dca21dadb9ba8dfc
2025-07-11T07:41:55.370Z [info]: GET /api/reviews/book/686fa492dca21dadb9ba8dfd
2025-07-11T07:41:55.372Z [info]: GET /api/reviews/book/686fa492dca21dadb9ba8dfe
2025-07-11T07:41:55.374Z [info]: GET /api/reviews/book/686fa492dca21dadb9ba8dff
2025-07-11T07:41:55.384Z [info]: GET /api/reviews/book/686fa492dca21dadb9ba8e00
2025-07-11T07:41:55.386Z [info]: GET /api/reviews/book/686fa492dca21dadb9ba8e01
2025-07-11T07:41:55.389Z [info]: GET /api/reviews/book/686fa492dca21dadb9ba8e02
2025-07-11T07:41:55.390Z [info]: GET /api/reviews/book/686fa492dca21dadb9ba8e03
2025-07-11T07:41:55.392Z [info]: GET /api/reviews/book/686fa492dca21dadb9ba8e04
2025-07-11T07:41:55.394Z [info]: GET /api/reviews/book/686fa492dca21dadb9ba8e05
2025-07-11T07:41:55.402Z [info]: GET /api/reviews/book/686fa492dca21dadb9ba8e06
2025-07-11T07:41:55.405Z [info]: GET /api/reviews/book/686fa492dca21dadb9ba8e07
2025-07-11T07:41:55.407Z [info]: GET /api/reviews/book/686fa492dca21dadb9ba8e08
2025-07-11T07:41:55.409Z [info]: GET /api/reviews/book/686fa492dca21dadb9ba8e09
2025-07-11T07:41:55.411Z [info]: GET /api/reviews/book/686fa492dca21dadb9ba8e0a
2025-07-11T07:41:55.414Z [info]: GET /api/reviews/book/686fa492dca21dadb9ba8e0b
2025-07-11T07:41:55.422Z [info]: GET /api/reviews/book/686fa492dca21dadb9ba8e0c
2025-07-11T07:41:55.424Z [info]: GET /api/reviews/book/686fa492dca21dadb9ba8de1
2025-07-11T07:41:55.427Z [info]: GET /api/reviews/book/686fa492dca21dadb9ba8de2
2025-07-11T07:42:14.135Z [info]: GET /api/reviews/book/1
2025-07-11T07:42:14.138Z [error]: Error fetching reviews:
2025-07-11T07:42:14.141Z [info]: GET /api/reviews/book/2
2025-07-11T07:42:14.144Z [error]: Error fetching reviews:
2025-07-11T07:42:14.151Z [info]: GET /api/reviews/book/3
2025-07-11T07:42:14.154Z [error]: Error fetching reviews:
2025-07-11T07:42:14.156Z [info]: GET /api/reviews/book/4
2025-07-11T07:42:14.157Z [error]: Error fetching reviews:
2025-07-11T07:42:14.440Z [info]: GET /api/reviews/book/686fa492dca21dadb9ba8da9
2025-07-11T07:42:14.443Z [info]: GET /api/reviews/book/686fa492dca21dadb9ba8daa
2025-07-11T07:42:14.447Z [info]: GET /api/reviews/book/686fa492dca21dadb9ba8dab
2025-07-11T07:42:14.451Z [info]: GET /api/reviews/book/686fa492dca21dadb9ba8daf
2025-07-11T07:42:14.456Z [info]: GET /api/reviews/book/686fa492dca21dadb9ba8db0
2025-07-11T07:42:14.460Z [info]: GET /api/reviews/book/686fa492dca21dadb9ba8db2
2025-07-11T07:42:14.463Z [info]: GET /api/reviews/book/686fa492dca21dadb9ba8db3
2025-07-11T07:42:14.466Z [info]: GET /api/reviews/book/686fa492dca21dadb9ba8dac
2025-07-11T07:42:14.470Z [info]: GET /api/reviews/book/686fa492dca21dadb9ba8db6
2025-07-11T07:42:14.475Z [info]: GET /api/reviews/book/686fa492dca21dadb9ba8db7
2025-07-11T07:42:14.479Z [info]: GET /api/reviews/book/686fa492dca21dadb9ba8db8
2025-07-11T07:42:14.484Z [info]: GET /api/reviews/book/686fa492dca21dadb9ba8db9
2025-07-11T07:42:14.487Z [info]: GET /api/reviews/book/686fa492dca21dadb9ba8dba
2025-07-11T07:42:14.490Z [info]: GET /api/reviews/book/686fa492dca21dadb9ba8dad
2025-07-11T07:42:14.494Z [info]: GET /api/reviews/book/686fa492dca21dadb9ba8dbb
2025-07-11T07:42:14.499Z [info]: GET /api/reviews/book/686fa492dca21dadb9ba8dbc
2025-07-11T07:42:14.502Z [info]: GET /api/reviews/book/686fa492dca21dadb9ba8dae
2025-07-11T07:42:14.507Z [info]: GET /api/reviews/book/686fa492dca21dadb9ba8db1
2025-07-11T07:42:14.510Z [info]: GET /api/reviews/book/686fa492dca21dadb9ba8dbd
2025-07-11T07:42:14.514Z [info]: GET /api/reviews/book/686fa492dca21dadb9ba8dbe
2025-07-11T07:42:14.517Z [info]: GET /api/reviews/book/686fa492dca21dadb9ba8dbf
2025-07-11T07:42:14.523Z [info]: GET /api/reviews/book/686fa492dca21dadb9ba8dc0
2025-07-11T07:42:14.526Z [info]: GET /api/reviews/book/686fa492dca21dadb9ba8dc1
2025-07-11T07:42:14.530Z [info]: GET /api/reviews/book/686fa492dca21dadb9ba8dc2
2025-07-11T07:42:14.533Z [info]: GET /api/reviews/book/686fa492dca21dadb9ba8dc3
2025-07-11T07:42:14.535Z [info]: GET /api/reviews/book/686fa492dca21dadb9ba8dc4
2025-07-11T07:42:14.540Z [info]: GET /api/reviews/book/686fa492dca21dadb9ba8dc5
2025-07-11T07:42:14.543Z [info]: GET /api/reviews/book/686fa492dca21dadb9ba8dc6
2025-07-11T07:42:14.548Z [info]: GET /api/reviews/book/686fa492dca21dadb9ba8dc7
2025-07-11T07:42:14.551Z [info]: GET /api/reviews/book/686fa492dca21dadb9ba8dc8
2025-07-11T07:42:14.554Z [info]: GET /api/reviews/book/686fa492dca21dadb9ba8dc9
2025-07-11T07:42:14.558Z [info]: GET /api/reviews/book/686fa492dca21dadb9ba8dca
2025-07-11T07:42:14.561Z [info]: GET /api/reviews/book/686fa492dca21dadb9ba8dcb
2025-07-11T07:42:14.566Z [info]: GET /api/reviews/book/686fa492dca21dadb9ba8dcc
2025-07-11T07:42:14.570Z [info]: GET /api/reviews/book/686fa492dca21dadb9ba8dcd
2025-07-11T07:42:14.574Z [info]: GET /api/reviews/book/686fa492dca21dadb9ba8dce
2025-07-11T07:42:14.576Z [info]: GET /api/reviews/book/686fa492dca21dadb9ba8dcf
2025-07-11T07:42:14.580Z [info]: GET /api/reviews/book/686fa492dca21dadb9ba8dd0
2025-07-11T07:42:14.583Z [info]: GET /api/reviews/book/686fa492dca21dadb9ba8dd1
2025-07-11T07:42:14.587Z [info]: GET /api/reviews/book/686fa492dca21dadb9ba8dd2
2025-07-11T07:42:14.590Z [info]: GET /api/reviews/book/686fa492dca21dadb9ba8dd3
2025-07-11T07:42:14.594Z [info]: GET /api/reviews/book/686fa492dca21dadb9ba8dd4
2025-07-11T07:42:14.596Z [info]: GET /api/reviews/book/686fa492dca21dadb9ba8dd5
2025-07-11T07:42:14.599Z [info]: GET /api/reviews/book/686fa492dca21dadb9ba8dd6
2025-07-11T07:42:14.602Z [info]: GET /api/reviews/book/686fa492dca21dadb9ba8dd7
2025-07-11T07:42:14.607Z [info]: GET /api/reviews/book/686fa492dca21dadb9ba8dd8
2025-07-11T07:42:14.611Z [info]: GET /api/reviews/book/686fa492dca21dadb9ba8dd9
2025-07-11T07:42:14.614Z [info]: GET /api/reviews/book/686fa492dca21dadb9ba8dda
2025-07-11T07:42:14.616Z [info]: GET /api/reviews/book/686fa492dca21dadb9ba8ddb
2025-07-11T07:42:14.620Z [info]: GET /api/reviews/book/686fa492dca21dadb9ba8ddc
2025-07-11T07:42:14.622Z [info]: GET /api/reviews/book/686fa492dca21dadb9ba8ddd
2025-07-11T07:42:14.626Z [info]: GET /api/reviews/book/686fa492dca21dadb9ba8dde
2025-07-11T07:42:14.630Z [info]: GET /api/reviews/book/686fa492dca21dadb9ba8ddf
2025-07-11T07:42:14.633Z [info]: GET /api/reviews/book/686fa492dca21dadb9ba8de0
2025-07-11T07:42:14.635Z [info]: GET /api/reviews/book/686fa492dca21dadb9ba8db5
2025-07-11T07:42:14.638Z [info]: GET /api/reviews/book/686fa492dca21dadb9ba8db4
2025-07-11T07:42:14.641Z [info]: GET /api/reviews/book/686fa492dca21dadb9ba8de3
2025-07-11T07:42:14.646Z [info]: GET /api/reviews/book/686fa492dca21dadb9ba8de4
2025-07-11T07:42:14.650Z [info]: GET /api/reviews/book/686fa492dca21dadb9ba8de5
2025-07-11T07:42:14.653Z [info]: GET /api/reviews/book/686fa492dca21dadb9ba8de6
2025-07-11T07:42:14.656Z [info]: GET /api/reviews/book/686fa492dca21dadb9ba8de7
2025-07-11T07:42:14.659Z [info]: GET /api/reviews/book/686fa492dca21dadb9ba8de8
2025-07-11T07:42:14.663Z [info]: GET /api/reviews/book/686fa492dca21dadb9ba8de9
2025-07-11T07:42:14.667Z [info]: GET /api/reviews/book/686fa492dca21dadb9ba8dea
2025-07-11T07:42:14.671Z [info]: GET /api/reviews/book/686fa492dca21dadb9ba8deb
2025-07-11T07:42:14.674Z [info]: GET /api/reviews/book/686fa492dca21dadb9ba8dec
2025-07-11T07:42:14.676Z [info]: GET /api/reviews/book/686fa492dca21dadb9ba8ded
2025-07-11T07:42:14.682Z [info]: GET /api/reviews/book/686fa492dca21dadb9ba8dee
2025-07-11T07:42:14.686Z [info]: GET /api/reviews/book/686fa492dca21dadb9ba8def
2025-07-11T07:42:14.693Z [info]: GET /api/reviews/book/686fa492dca21dadb9ba8df0
2025-07-11T07:42:14.698Z [info]: GET /api/reviews/book/686fa492dca21dadb9ba8df1
2025-07-11T07:42:14.702Z [info]: GET /api/reviews/book/686fa492dca21dadb9ba8df2
2025-07-11T07:42:14.704Z [info]: GET /api/reviews/book/686fa492dca21dadb9ba8df3
2025-07-11T07:42:14.708Z [info]: GET /api/reviews/book/686fa492dca21dadb9ba8df4
2025-07-11T07:42:14.711Z [info]: GET /api/reviews/book/686fa492dca21dadb9ba8df5
2025-07-11T07:42:14.718Z [info]: GET /api/reviews/book/686fa492dca21dadb9ba8df6
2025-07-11T07:42:14.722Z [info]: GET /api/reviews/book/686fa492dca21dadb9ba8df7
2025-07-11T07:42:14.729Z [info]: GET /api/reviews/book/686fa492dca21dadb9ba8df8
2025-07-11T07:42:14.736Z [info]: GET /api/reviews/book/686fa492dca21dadb9ba8df9
2025-07-11T07:42:14.746Z [info]: GET /api/reviews/book/686fa492dca21dadb9ba8dfa
2025-07-11T07:42:14.750Z [info]: GET /api/reviews/book/686fa492dca21dadb9ba8dfb
2025-07-11T07:42:14.754Z [info]: GET /api/reviews/book/686fa492dca21dadb9ba8dfc
2025-07-11T07:42:14.758Z [info]: GET /api/reviews/book/686fa492dca21dadb9ba8dfd
2025-07-11T07:42:14.761Z [info]: GET /api/reviews/book/686fa492dca21dadb9ba8dfe
2025-07-11T07:42:14.763Z [info]: GET /api/reviews/book/686fa492dca21dadb9ba8dff
2025-07-11T07:42:14.767Z [info]: GET /api/reviews/book/686fa492dca21dadb9ba8e00
2025-07-11T07:42:14.770Z [info]: GET /api/reviews/book/686fa492dca21dadb9ba8e01
2025-07-11T07:42:14.776Z [info]: GET /api/reviews/book/686fa492dca21dadb9ba8e02
2025-07-11T07:42:14.780Z [info]: GET /api/reviews/book/686fa492dca21dadb9ba8e03
2025-07-11T07:42:14.783Z [info]: GET /api/reviews/book/686fa492dca21dadb9ba8e04
2025-07-11T07:42:14.786Z [info]: GET /api/reviews/book/686fa492dca21dadb9ba8e05
2025-07-11T07:42:14.789Z [info]: GET /api/reviews/book/686fa492dca21dadb9ba8e06
2025-07-11T07:42:14.793Z [info]: GET /api/reviews/book/686fa492dca21dadb9ba8e07
2025-07-11T07:42:14.799Z [info]: GET /api/reviews/book/686fa492dca21dadb9ba8e08
2025-07-11T07:42:14.802Z [info]: GET /api/reviews/book/686fa492dca21dadb9ba8e09
2025-07-11T07:42:14.806Z [info]: GET /api/reviews/book/686fa492dca21dadb9ba8e0a
2025-07-11T07:42:14.808Z [info]: GET /api/reviews/book/686fa492dca21dadb9ba8e0b
2025-07-11T07:42:14.812Z [info]: GET /api/reviews/book/686fa492dca21dadb9ba8e0c
2025-07-11T07:42:14.817Z [info]: GET /api/reviews/book/686fa492dca21dadb9ba8de1
2025-07-11T07:42:14.822Z [info]: GET /api/reviews/book/686fa492dca21dadb9ba8de2
2025-07-11T07:42:20.650Z [info]: GET /api/reviews/book/686fa492dca21dadb9ba8db2
2025-07-11T07:42:20.652Z [info]: GET /api/reviews/book/686fa492dca21dadb9ba8dcc
2025-07-11T07:42:20.655Z [info]: GET /api/reviews/book/686fa492dca21dadb9ba8dcd
2025-07-11T07:42:20.658Z [info]: GET /api/reviews/book/686fa492dca21dadb9ba8de0
2025-07-11T07:42:20.665Z [info]: GET /api/reviews/book/686fa492dca21dadb9ba8db4
2025-07-11T07:42:20.667Z [info]: GET /api/reviews/book/686fa492dca21dadb9ba8de4
2025-07-11T07:42:20.669Z [info]: GET /api/reviews/book/686fa492dca21dadb9ba8df3
2025-07-11T07:42:20.672Z [info]: GET /api/reviews/book/686fa492dca21dadb9ba8df8
2025-07-11T07:42:20.676Z [info]: GET /api/reviews/book/686fa492dca21dadb9ba8df9
2025-07-11T07:42:20.682Z [info]: GET /api/reviews/book/686fa492dca21dadb9ba8e0a
2025-07-11T07:42:23.284Z [info]: GET /api/reviews/book/1
2025-07-11T07:42:23.286Z [error]: Error fetching reviews:
2025-07-11T07:42:23.288Z [info]: GET /api/reviews/book/2
2025-07-11T07:42:23.293Z [error]: Error fetching reviews:
2025-07-11T07:42:23.296Z [info]: GET /api/reviews/book/3
2025-07-11T07:42:23.298Z [error]: Error fetching reviews:
2025-07-11T07:42:23.300Z [info]: GET /api/reviews/book/4
2025-07-11T07:42:23.301Z [error]: Error fetching reviews:
2025-07-11T07:42:23.608Z [info]: GET /api/reviews/book/686fa492dca21dadb9ba8da9
2025-07-11T07:42:23.612Z [info]: GET /api/reviews/book/686fa492dca21dadb9ba8daa
2025-07-11T07:42:23.619Z [info]: GET /api/reviews/book/686fa492dca21dadb9ba8dab
2025-07-11T07:42:23.624Z [info]: GET /api/reviews/book/686fa492dca21dadb9ba8daf
2025-07-11T07:42:23.628Z [info]: GET /api/reviews/book/686fa492dca21dadb9ba8db0
2025-07-11T07:42:23.634Z [info]: GET /api/reviews/book/686fa492dca21dadb9ba8db2
2025-07-11T07:42:23.637Z [info]: GET /api/reviews/book/686fa492dca21dadb9ba8db3
2025-07-11T07:42:23.642Z [info]: GET /api/reviews/book/686fa492dca21dadb9ba8dac
2025-07-11T07:42:23.651Z [info]: GET /api/reviews/book/686fa492dca21dadb9ba8db6
2025-07-11T07:42:23.657Z [info]: GET /api/reviews/book/686fa492dca21dadb9ba8db7
2025-07-11T07:42:23.660Z [info]: GET /api/reviews/book/686fa492dca21dadb9ba8db8
2025-07-11T07:42:23.663Z [info]: GET /api/reviews/book/686fa492dca21dadb9ba8db9
2025-07-11T07:42:23.666Z [info]: GET /api/reviews/book/686fa492dca21dadb9ba8dba
2025-07-11T07:42:23.670Z [info]: GET /api/reviews/book/686fa492dca21dadb9ba8dad
2025-07-11T07:42:23.680Z [info]: GET /api/reviews/book/686fa492dca21dadb9ba8dbb
2025-07-11T07:42:23.686Z [info]: GET /api/reviews/book/686fa492dca21dadb9ba8dbc
2025-07-11T07:42:23.691Z [info]: GET /api/reviews/book/686fa492dca21dadb9ba8dae
2025-07-11T07:42:23.694Z [info]: GET /api/reviews/book/686fa492dca21dadb9ba8db1
2025-07-11T07:42:23.697Z [info]: GET /api/reviews/book/686fa492dca21dadb9ba8dbd
2025-07-11T07:42:23.700Z [info]: GET /api/reviews/book/686fa492dca21dadb9ba8dbe
2025-07-11T07:42:23.709Z [info]: GET /api/reviews/book/686fa492dca21dadb9ba8dbf
2025-07-11T07:42:23.713Z [info]: GET /api/reviews/book/686fa492dca21dadb9ba8dc0
2025-07-11T07:42:23.715Z [info]: GET /api/reviews/book/686fa492dca21dadb9ba8dc1
2025-07-11T07:42:23.717Z [info]: GET /api/reviews/book/686fa492dca21dadb9ba8dc2
2025-07-11T07:42:23.720Z [info]: GET /api/reviews/book/686fa492dca21dadb9ba8dc3
2025-07-11T07:42:23.723Z [info]: GET /api/reviews/book/686fa492dca21dadb9ba8dc4
2025-07-11T07:42:23.732Z [info]: GET /api/reviews/book/686fa492dca21dadb9ba8dc5
2025-07-11T07:42:23.737Z [info]: GET /api/reviews/book/686fa492dca21dadb9ba8dc6
2025-07-11T07:42:23.741Z [info]: GET /api/reviews/book/686fa492dca21dadb9ba8dc7
2025-07-11T07:42:23.743Z [info]: GET /api/reviews/book/686fa492dca21dadb9ba8dc8
2025-07-11T07:42:23.745Z [info]: GET /api/reviews/book/686fa492dca21dadb9ba8dc9
2025-07-11T07:42:23.750Z [info]: GET /api/reviews/book/686fa492dca21dadb9ba8dca
2025-07-11T07:42:23.759Z [info]: GET /api/reviews/book/686fa492dca21dadb9ba8dcb
2025-07-11T07:42:23.764Z [info]: GET /api/reviews/book/686fa492dca21dadb9ba8dcc
2025-07-11T07:42:23.766Z [info]: GET /api/reviews/book/686fa492dca21dadb9ba8dcd
2025-07-11T07:42:23.768Z [info]: GET /api/reviews/book/686fa492dca21dadb9ba8dce
2025-07-11T07:42:23.771Z [info]: GET /api/reviews/book/686fa492dca21dadb9ba8dcf
2025-07-11T07:42:23.774Z [info]: GET /api/reviews/book/686fa492dca21dadb9ba8dd0
2025-07-11T07:42:23.784Z [info]: GET /api/reviews/book/686fa492dca21dadb9ba8dd1
2025-07-11T07:42:23.787Z [info]: GET /api/reviews/book/686fa492dca21dadb9ba8dd2
2025-07-11T07:42:23.790Z [info]: GET /api/reviews/book/686fa492dca21dadb9ba8dd3
2025-07-11T07:42:23.792Z [info]: GET /api/reviews/book/686fa492dca21dadb9ba8dd4
2025-07-11T07:42:23.794Z [info]: GET /api/reviews/book/686fa492dca21dadb9ba8dd5
2025-07-11T07:42:23.796Z [info]: GET /api/reviews/book/686fa492dca21dadb9ba8dd6
2025-07-11T07:42:23.802Z [info]: GET /api/reviews/book/686fa492dca21dadb9ba8dd7
2025-07-11T07:42:23.806Z [info]: GET /api/reviews/book/686fa492dca21dadb9ba8dd8
2025-07-11T07:42:23.809Z [info]: GET /api/reviews/book/686fa492dca21dadb9ba8dd9
2025-07-11T07:42:23.811Z [info]: GET /api/reviews/book/686fa492dca21dadb9ba8dda
2025-07-11T07:42:23.813Z [info]: GET /api/reviews/book/686fa492dca21dadb9ba8ddb
2025-07-11T07:42:23.816Z [info]: GET /api/reviews/book/686fa492dca21dadb9ba8ddc
2025-07-11T07:42:23.824Z [info]: GET /api/reviews/book/686fa492dca21dadb9ba8ddd
2025-07-11T07:42:23.828Z [info]: GET /api/reviews/book/686fa492dca21dadb9ba8dde
2025-07-11T07:42:23.831Z [info]: GET /api/reviews/book/686fa492dca21dadb9ba8ddf
2025-07-11T07:42:23.832Z [info]: GET /api/reviews/book/686fa492dca21dadb9ba8de0
2025-07-11T07:42:23.834Z [info]: GET /api/reviews/book/686fa492dca21dadb9ba8db5
2025-07-11T07:42:23.839Z [info]: GET /api/reviews/book/686fa492dca21dadb9ba8db4
2025-07-11T07:42:23.844Z [info]: GET /api/reviews/book/686fa492dca21dadb9ba8de3
2025-07-11T07:42:23.848Z [info]: GET /api/reviews/book/686fa492dca21dadb9ba8de4
2025-07-11T07:42:23.851Z [info]: GET /api/reviews/book/686fa492dca21dadb9ba8de5
2025-07-11T07:42:23.855Z [info]: GET /api/reviews/book/686fa492dca21dadb9ba8de6
2025-07-11T07:42:23.857Z [info]: GET /api/reviews/book/686fa492dca21dadb9ba8de7
2025-07-11T07:42:23.863Z [info]: GET /api/reviews/book/686fa492dca21dadb9ba8de8
2025-07-11T07:42:23.889Z [info]: GET /api/reviews/book/686fa492dca21dadb9ba8de9
2025-07-11T07:42:23.894Z [info]: GET /api/reviews/book/686fa492dca21dadb9ba8dea
2025-07-11T07:42:23.896Z [info]: GET /api/reviews/book/686fa492dca21dadb9ba8deb
2025-07-11T07:42:23.897Z [info]: GET /api/reviews/book/686fa492dca21dadb9ba8dec
2025-07-11T07:42:23.899Z [info]: GET /api/reviews/book/686fa492dca21dadb9ba8ded
2025-07-11T07:42:23.903Z [info]: GET /api/reviews/book/686fa492dca21dadb9ba8dee
2025-07-11T07:42:23.911Z [info]: GET /api/reviews/book/686fa492dca21dadb9ba8def
2025-07-11T07:42:23.914Z [info]: GET /api/reviews/book/686fa492dca21dadb9ba8df0
2025-07-11T07:42:23.917Z [info]: GET /api/reviews/book/686fa492dca21dadb9ba8df1
2025-07-11T07:42:23.919Z [info]: GET /api/reviews/book/686fa492dca21dadb9ba8df2
2025-07-11T07:42:23.921Z [info]: GET /api/reviews/book/686fa492dca21dadb9ba8df3
2025-07-11T07:42:23.924Z [info]: GET /api/reviews/book/686fa492dca21dadb9ba8df4
2025-07-11T07:42:23.930Z [info]: GET /api/reviews/book/686fa492dca21dadb9ba8df5
2025-07-11T07:42:23.934Z [info]: GET /api/reviews/book/686fa492dca21dadb9ba8df6
2025-07-11T07:42:23.936Z [info]: GET /api/reviews/book/686fa492dca21dadb9ba8df7
2025-07-11T07:42:23.939Z [info]: GET /api/reviews/book/686fa492dca21dadb9ba8df8
2025-07-11T07:42:23.942Z [info]: GET /api/reviews/book/686fa492dca21dadb9ba8df9
2025-07-11T07:42:23.945Z [info]: GET /api/reviews/book/686fa492dca21dadb9ba8dfa
2025-07-11T07:42:23.952Z [info]: GET /api/reviews/book/686fa492dca21dadb9ba8dfb
2025-07-11T07:42:23.956Z [info]: GET /api/reviews/book/686fa492dca21dadb9ba8dfc
2025-07-11T07:42:23.959Z [info]: GET /api/reviews/book/686fa492dca21dadb9ba8dfd
2025-07-11T07:42:23.960Z [info]: GET /api/reviews/book/686fa492dca21dadb9ba8dfe
2025-07-11T07:42:23.963Z [info]: GET /api/reviews/book/686fa492dca21dadb9ba8dff
2025-07-11T07:42:23.966Z [info]: GET /api/reviews/book/686fa492dca21dadb9ba8e00
2025-07-11T07:42:23.974Z [info]: GET /api/reviews/book/686fa492dca21dadb9ba8e01
2025-07-11T07:42:23.978Z [info]: GET /api/reviews/book/686fa492dca21dadb9ba8e02
2025-07-11T07:42:23.981Z [info]: GET /api/reviews/book/686fa492dca21dadb9ba8e03
2025-07-11T07:42:23.983Z [info]: GET /api/reviews/book/686fa492dca21dadb9ba8e04
2025-07-11T07:42:23.985Z [info]: GET /api/reviews/book/686fa492dca21dadb9ba8e05
2025-07-11T07:42:23.990Z [info]: GET /api/reviews/book/686fa492dca21dadb9ba8e06
2025-07-11T07:42:23.997Z [info]: GET /api/reviews/book/686fa492dca21dadb9ba8e07
2025-07-11T07:42:24.001Z [info]: GET /api/reviews/book/686fa492dca21dadb9ba8e08
2025-07-11T07:42:24.005Z [info]: GET /api/reviews/book/686fa492dca21dadb9ba8e09
2025-07-11T07:42:24.007Z [info]: GET /api/reviews/book/686fa492dca21dadb9ba8e0a
2025-07-11T07:42:24.010Z [info]: GET /api/reviews/book/686fa492dca21dadb9ba8e0b
2025-07-11T07:42:24.013Z [info]: GET /api/reviews/book/686fa492dca21dadb9ba8e0c
2025-07-11T07:42:24.021Z [info]: GET /api/reviews/book/686fa492dca21dadb9ba8de1
2025-07-11T07:42:24.025Z [info]: GET /api/reviews/book/686fa492dca21dadb9ba8de2
2025-07-11T07:42:27.479Z [info]: GET /api/reviews/book/686fa492dca21dadb9ba8da9
2025-07-11T07:42:27.482Z [info]: GET /api/reviews/book/686fa492dca21dadb9ba8daa
2025-07-11T07:42:27.488Z [info]: GET /api/reviews/book/686fa492dca21dadb9ba8dab
2025-07-11T07:42:27.494Z [info]: GET /api/reviews/book/686fa492dca21dadb9ba8daf
2025-07-11T07:42:27.496Z [info]: GET /api/reviews/book/686fa492dca21dadb9ba8db0
2025-07-11T07:42:27.500Z [info]: GET /api/reviews/book/686fa492dca21dadb9ba8db3
2025-07-11T07:42:27.504Z [info]: GET /api/reviews/book/686fa492dca21dadb9ba8db2
2025-07-11T07:42:27.507Z [info]: GET /api/reviews/book/686fa492dca21dadb9ba8dac
2025-07-11T07:42:27.512Z [info]: GET /api/reviews/book/686fa492dca21dadb9ba8db6
2025-07-11T07:42:27.516Z [info]: GET /api/reviews/book/686fa492dca21dadb9ba8db7
2025-07-11T07:42:27.522Z [info]: GET /api/reviews/book/686fa492dca21dadb9ba8db8
2025-07-11T07:42:27.526Z [info]: GET /api/reviews/book/686fa492dca21dadb9ba8db9
2025-07-11T07:42:27.529Z [info]: GET /api/reviews/book/686fa492dca21dadb9ba8dba
2025-07-11T07:42:27.531Z [info]: GET /api/reviews/book/686fa492dca21dadb9ba8dad
2025-07-11T07:42:27.535Z [info]: GET /api/reviews/book/686fa492dca21dadb9ba8dbb
2025-07-11T07:42:27.539Z [info]: GET /api/reviews/book/686fa492dca21dadb9ba8dbc
2025-07-11T07:42:27.545Z [info]: GET /api/reviews/book/686fa492dca21dadb9ba8dae
2025-07-11T07:42:27.547Z [info]: GET /api/reviews/book/686fa492dca21dadb9ba8db1
2025-07-11T07:42:27.551Z [info]: GET /api/reviews/book/686fa492dca21dadb9ba8dbd
2025-07-11T07:42:27.553Z [info]: GET /api/reviews/book/686fa492dca21dadb9ba8dbe
2025-07-11T07:42:27.556Z [info]: GET /api/reviews/book/686fa492dca21dadb9ba8dbf
2025-07-11T07:42:27.560Z [info]: GET /api/reviews/book/686fa492dca21dadb9ba8dc0
2025-07-11T07:42:27.565Z [info]: GET /api/reviews/book/686fa492dca21dadb9ba8dc1
2025-07-11T07:42:27.570Z [info]: GET /api/reviews/book/686fa492dca21dadb9ba8dc2
2025-07-11T07:42:27.577Z [info]: GET /api/reviews/book/686fa492dca21dadb9ba8dc3
2025-07-11T07:42:27.588Z [info]: GET /api/reviews/book/686fa492dca21dadb9ba8dc4
2025-07-11T07:42:27.592Z [info]: GET /api/reviews/book/686fa492dca21dadb9ba8dc5
2025-07-11T07:42:27.595Z [info]: GET /api/reviews/book/686fa492dca21dadb9ba8dc6
2025-07-11T07:42:27.600Z [info]: GET /api/reviews/book/686fa492dca21dadb9ba8dc7
2025-07-11T07:42:27.605Z [info]: GET /api/reviews/book/686fa492dca21dadb9ba8dc8
2025-07-11T07:42:27.608Z [info]: GET /api/reviews/book/686fa492dca21dadb9ba8dc9
2025-07-11T07:42:27.610Z [info]: GET /api/reviews/book/686fa492dca21dadb9ba8dca
2025-07-11T07:42:27.614Z [info]: GET /api/reviews/book/686fa492dca21dadb9ba8dcb
2025-07-11T07:42:27.618Z [info]: GET /api/reviews/book/686fa492dca21dadb9ba8dcc
2025-07-11T07:42:27.622Z [info]: GET /api/reviews/book/686fa492dca21dadb9ba8dcd
2025-07-11T07:42:27.626Z [info]: GET /api/reviews/book/686fa492dca21dadb9ba8dce
2025-07-11T07:42:27.630Z [info]: GET /api/reviews/book/686fa492dca21dadb9ba8dcf
2025-07-11T07:42:27.633Z [info]: GET /api/reviews/book/686fa492dca21dadb9ba8dd0
2025-07-11T07:42:27.637Z [info]: GET /api/reviews/book/686fa492dca21dadb9ba8dd1
2025-07-11T07:42:27.640Z [info]: GET /api/reviews/book/686fa492dca21dadb9ba8dd2
2025-07-11T07:42:27.645Z [info]: GET /api/reviews/book/686fa492dca21dadb9ba8dd3
2025-07-11T07:42:27.647Z [info]: GET /api/reviews/book/686fa492dca21dadb9ba8dd4
2025-07-11T07:42:27.651Z [info]: GET /api/reviews/book/686fa492dca21dadb9ba8dd5
2025-07-11T07:42:27.653Z [info]: GET /api/reviews/book/686fa492dca21dadb9ba8dd6
2025-07-11T07:42:27.656Z [info]: GET /api/reviews/book/686fa492dca21dadb9ba8dd7
2025-07-11T07:42:27.659Z [info]: GET /api/reviews/book/686fa492dca21dadb9ba8dd8
2025-07-11T07:42:27.664Z [info]: GET /api/reviews/book/686fa492dca21dadb9ba8dd9
2025-07-11T07:42:27.668Z [info]: GET /api/reviews/book/686fa492dca21dadb9ba8dda
2025-07-11T07:42:27.672Z [info]: GET /api/reviews/book/686fa492dca21dadb9ba8ddb
2025-07-11T07:42:27.674Z [info]: GET /api/reviews/book/686fa492dca21dadb9ba8ddc
2025-07-11T07:42:27.677Z [info]: GET /api/reviews/book/686fa492dca21dadb9ba8ddd
2025-07-11T07:42:27.682Z [info]: GET /api/reviews/book/686fa492dca21dadb9ba8dde
2025-07-11T07:42:27.688Z [info]: GET /api/reviews/book/686fa492dca21dadb9ba8ddf
2025-07-11T07:42:27.691Z [info]: GET /api/reviews/book/686fa492dca21dadb9ba8de0
2025-07-11T07:42:27.695Z [info]: GET /api/reviews/book/686fa492dca21dadb9ba8db5
2025-07-11T07:42:27.697Z [info]: GET /api/reviews/book/686fa492dca21dadb9ba8db4
2025-07-11T07:42:27.699Z [info]: GET /api/reviews/book/686fa492dca21dadb9ba8de3
2025-07-11T07:42:27.703Z [info]: GET /api/reviews/book/686fa492dca21dadb9ba8de4
2025-07-11T07:42:27.708Z [info]: GET /api/reviews/book/686fa492dca21dadb9ba8de5
2025-07-11T07:42:27.712Z [info]: GET /api/reviews/book/686fa492dca21dadb9ba8de6
2025-07-11T07:42:27.719Z [info]: GET /api/reviews/book/686fa492dca21dadb9ba8de7
2025-07-11T07:42:27.722Z [info]: GET /api/reviews/book/686fa492dca21dadb9ba8de8
2025-07-11T07:42:27.726Z [info]: GET /api/reviews/book/686fa492dca21dadb9ba8de9
2025-07-11T07:42:27.730Z [info]: GET /api/reviews/book/686fa492dca21dadb9ba8dea
2025-07-11T07:42:27.736Z [info]: GET /api/reviews/book/686fa492dca21dadb9ba8deb
2025-07-11T07:42:27.741Z [info]: GET /api/reviews/book/686fa492dca21dadb9ba8dec
2025-07-11T07:42:27.744Z [info]: GET /api/reviews/book/686fa492dca21dadb9ba8ded
2025-07-11T07:42:27.746Z [info]: GET /api/reviews/book/686fa492dca21dadb9ba8dee
2025-07-11T07:42:27.750Z [info]: GET /api/reviews/book/686fa492dca21dadb9ba8def
2025-07-11T07:42:27.754Z [info]: GET /api/reviews/book/686fa492dca21dadb9ba8df0
2025-07-11T07:42:27.759Z [info]: GET /api/reviews/book/686fa492dca21dadb9ba8df1
2025-07-11T07:42:27.762Z [info]: GET /api/reviews/book/686fa492dca21dadb9ba8df2
2025-07-11T07:42:27.765Z [info]: GET /api/reviews/book/686fa492dca21dadb9ba8df3
2025-07-11T07:42:27.768Z [info]: GET /api/reviews/book/686fa492dca21dadb9ba8df4
2025-07-11T07:42:27.770Z [info]: GET /api/reviews/book/686fa492dca21dadb9ba8df5
2025-07-11T07:42:27.774Z [info]: GET /api/reviews/book/686fa492dca21dadb9ba8df6
2025-07-11T07:42:27.778Z [info]: GET /api/reviews/book/686fa492dca21dadb9ba8df7
2025-07-11T07:42:27.781Z [info]: GET /api/reviews/book/686fa492dca21dadb9ba8df8
2025-07-11T07:42:27.784Z [info]: GET /api/reviews/book/686fa492dca21dadb9ba8df9
2025-07-11T07:42:27.786Z [info]: GET /api/reviews/book/686fa492dca21dadb9ba8dfa
2025-07-11T07:42:27.790Z [info]: GET /api/reviews/book/686fa492dca21dadb9ba8dfb
2025-07-11T07:42:27.793Z [info]: GET /api/reviews/book/686fa492dca21dadb9ba8dfc
2025-07-11T07:42:27.798Z [info]: GET /api/reviews/book/686fa492dca21dadb9ba8dfd
2025-07-11T07:42:27.802Z [info]: GET /api/reviews/book/686fa492dca21dadb9ba8dfe
2025-07-11T07:42:27.807Z [info]: GET /api/reviews/book/686fa492dca21dadb9ba8dff
2025-07-11T07:42:27.810Z [info]: GET /api/reviews/book/686fa492dca21dadb9ba8e00
2025-07-11T07:42:27.813Z [info]: GET /api/reviews/book/686fa492dca21dadb9ba8e01
2025-07-11T07:42:27.816Z [info]: GET /api/reviews/book/686fa492dca21dadb9ba8e02
2025-07-11T07:42:27.823Z [info]: GET /api/reviews/book/686fa492dca21dadb9ba8e03
2025-07-11T07:42:27.827Z [info]: GET /api/reviews/book/686fa492dca21dadb9ba8e04
2025-07-11T07:42:27.830Z [info]: GET /api/reviews/book/686fa492dca21dadb9ba8e05
2025-07-11T07:42:27.832Z [info]: GET /api/reviews/book/686fa492dca21dadb9ba8e06
2025-07-11T07:42:27.837Z [info]: GET /api/reviews/book/686fa492dca21dadb9ba8e07
2025-07-11T07:42:27.840Z [info]: GET /api/reviews/book/686fa492dca21dadb9ba8e08
2025-07-11T07:42:27.844Z [info]: GET /api/reviews/book/686fa492dca21dadb9ba8e09
2025-07-11T07:42:27.847Z [info]: GET /api/reviews/book/686fa492dca21dadb9ba8e0a
2025-07-11T07:42:27.853Z [info]: GET /api/reviews/book/686fa492dca21dadb9ba8e0b
2025-07-11T07:42:27.856Z [info]: GET /api/reviews/book/686fa492dca21dadb9ba8e0c
2025-07-11T07:42:27.860Z [info]: GET /api/reviews/book/686fa492dca21dadb9ba8de1
2025-07-11T07:42:27.864Z [info]: GET /api/reviews/book/686fa492dca21dadb9ba8de2
2025-07-11T07:42:33.087Z [info]: GET /api/reviews/book/1
2025-07-11T07:42:33.088Z [error]: Error fetching reviews:
2025-07-11T07:42:33.092Z [info]: GET /api/reviews/book/2
2025-07-11T07:42:33.093Z [error]: Error fetching reviews:
2025-07-11T07:42:33.096Z [info]: GET /api/reviews/book/3
2025-07-11T07:42:33.101Z [error]: Error fetching reviews:
2025-07-11T07:42:33.104Z [info]: GET /api/reviews/book/4
2025-07-11T07:42:33.105Z [error]: Error fetching reviews:
2025-07-11T07:42:33.421Z [info]: GET /api/reviews/book/686fa492dca21dadb9ba8da9
2025-07-11T07:42:33.424Z [info]: GET /api/reviews/book/686fa492dca21dadb9ba8daa
2025-07-11T07:42:33.433Z [info]: GET /api/reviews/book/686fa492dca21dadb9ba8dab
2025-07-11T07:42:33.437Z [info]: GET /api/reviews/book/686fa492dca21dadb9ba8daf
2025-07-11T07:42:33.440Z [info]: GET /api/reviews/book/686fa492dca21dadb9ba8db2
2025-07-11T07:42:33.447Z [info]: GET /api/reviews/book/686fa492dca21dadb9ba8db3
2025-07-11T07:42:33.452Z [info]: GET /api/reviews/book/686fa492dca21dadb9ba8db0
2025-07-11T07:42:33.456Z [info]: GET /api/reviews/book/686fa492dca21dadb9ba8dac
2025-07-11T07:42:33.462Z [info]: GET /api/reviews/book/686fa492dca21dadb9ba8db6
2025-07-11T07:42:33.465Z [info]: GET /api/reviews/book/686fa492dca21dadb9ba8db7
2025-07-11T07:42:33.468Z [info]: GET /api/reviews/book/686fa492dca21dadb9ba8db8
2025-07-11T07:42:33.472Z [info]: GET /api/reviews/book/686fa492dca21dadb9ba8db9
2025-07-11T07:42:33.481Z [info]: GET /api/reviews/book/686fa492dca21dadb9ba8dba
2025-07-11T07:42:33.489Z [info]: GET /api/reviews/book/686fa492dca21dadb9ba8dad
2025-07-11T07:42:33.493Z [info]: GET /api/reviews/book/686fa492dca21dadb9ba8dbb
2025-07-11T07:42:33.495Z [info]: GET /api/reviews/book/686fa492dca21dadb9ba8dbc
2025-07-11T07:42:33.500Z [info]: GET /api/reviews/book/686fa492dca21dadb9ba8dae
2025-07-11T07:42:33.503Z [info]: GET /api/reviews/book/686fa492dca21dadb9ba8db1
2025-07-11T07:42:33.508Z [info]: GET /api/reviews/book/686fa492dca21dadb9ba8dbd
2025-07-11T07:42:33.512Z [info]: GET /api/reviews/book/686fa492dca21dadb9ba8dbe
2025-07-11T07:42:33.516Z [info]: GET /api/reviews/book/686fa492dca21dadb9ba8dbf
2025-07-11T07:42:33.519Z [info]: GET /api/reviews/book/686fa492dca21dadb9ba8dc0
2025-07-11T07:42:33.522Z [info]: GET /api/reviews/book/686fa492dca21dadb9ba8dc1
2025-07-11T07:42:33.528Z [info]: GET /api/reviews/book/686fa492dca21dadb9ba8dc2
2025-07-11T07:42:33.533Z [info]: GET /api/reviews/book/686fa492dca21dadb9ba8dc3
2025-07-11T07:42:33.538Z [info]: GET /api/reviews/book/686fa492dca21dadb9ba8dc4
2025-07-11T07:42:33.541Z [info]: GET /api/reviews/book/686fa492dca21dadb9ba8dc5
2025-07-11T07:42:33.543Z [info]: GET /api/reviews/book/686fa492dca21dadb9ba8dc6
2025-07-11T07:42:33.548Z [info]: GET /api/reviews/book/686fa492dca21dadb9ba8dc7
2025-07-11T07:42:33.551Z [info]: GET /api/reviews/book/686fa492dca21dadb9ba8dc8
2025-07-11T07:42:33.555Z [info]: GET /api/reviews/book/686fa492dca21dadb9ba8dc9
2025-07-11T07:42:33.557Z [info]: GET /api/reviews/book/686fa492dca21dadb9ba8dca
2025-07-11T07:42:33.560Z [info]: GET /api/reviews/book/686fa492dca21dadb9ba8dcb
2025-07-11T07:42:33.564Z [info]: GET /api/reviews/book/686fa492dca21dadb9ba8dcc
2025-07-11T07:42:33.567Z [info]: GET /api/reviews/book/686fa492dca21dadb9ba8dcd
2025-07-11T07:42:33.571Z [info]: GET /api/reviews/book/686fa492dca21dadb9ba8dce
2025-07-11T07:42:33.576Z [info]: GET /api/reviews/book/686fa492dca21dadb9ba8dcf
2025-07-11T07:42:33.581Z [info]: GET /api/reviews/book/686fa492dca21dadb9ba8dd0
2025-07-11T07:42:33.584Z [info]: GET /api/reviews/book/686fa492dca21dadb9ba8dd1
2025-07-11T07:42:33.587Z [info]: GET /api/reviews/book/686fa492dca21dadb9ba8dd2
2025-07-11T07:42:33.591Z [info]: GET /api/reviews/book/686fa492dca21dadb9ba8dd3
2025-07-11T07:42:33.595Z [info]: GET /api/reviews/book/686fa492dca21dadb9ba8dd4
2025-07-11T07:42:33.600Z [info]: GET /api/reviews/book/686fa492dca21dadb9ba8dd5
2025-07-11T07:42:33.603Z [info]: GET /api/reviews/book/686fa492dca21dadb9ba8dd6
2025-07-11T07:42:33.607Z [info]: GET /api/reviews/book/686fa492dca21dadb9ba8dd7
2025-07-11T07:42:33.609Z [info]: GET /api/reviews/book/686fa492dca21dadb9ba8dd8
2025-07-11T07:42:33.613Z [info]: GET /api/reviews/book/686fa492dca21dadb9ba8dd9
2025-07-11T07:42:33.616Z [info]: GET /api/reviews/book/686fa492dca21dadb9ba8dda
2025-07-11T07:42:33.620Z [info]: GET /api/reviews/book/686fa492dca21dadb9ba8ddb
2025-07-11T07:42:33.623Z [info]: GET /api/reviews/book/686fa492dca21dadb9ba8ddc
2025-07-11T07:42:33.627Z [info]: GET /api/reviews/book/686fa492dca21dadb9ba8ddd
2025-07-11T07:42:33.630Z [info]: GET /api/reviews/book/686fa492dca21dadb9ba8dde
2025-07-11T07:42:33.632Z [info]: GET /api/reviews/book/686fa492dca21dadb9ba8ddf
2025-07-11T07:42:33.635Z [info]: GET /api/reviews/book/686fa492dca21dadb9ba8de0
2025-07-11T07:42:33.640Z [info]: GET /api/reviews/book/686fa492dca21dadb9ba8db5
2025-07-11T07:42:33.643Z [info]: GET /api/reviews/book/686fa492dca21dadb9ba8db4
2025-07-11T07:42:33.646Z [info]: GET /api/reviews/book/686fa492dca21dadb9ba8de3
2025-07-11T07:42:33.649Z [info]: GET /api/reviews/book/686fa492dca21dadb9ba8de4
2025-07-11T07:42:33.651Z [info]: GET /api/reviews/book/686fa492dca21dadb9ba8de5
2025-07-11T07:42:33.654Z [info]: GET /api/reviews/book/686fa492dca21dadb9ba8de6
2025-07-11T07:42:33.659Z [info]: GET /api/reviews/book/686fa492dca21dadb9ba8de7
2025-07-11T07:42:33.663Z [info]: GET /api/reviews/book/686fa492dca21dadb9ba8de8
2025-07-11T07:42:33.667Z [info]: GET /api/reviews/book/686fa492dca21dadb9ba8de9
2025-07-11T07:42:33.670Z [info]: GET /api/reviews/book/686fa492dca21dadb9ba8dea
2025-07-11T07:42:33.674Z [info]: GET /api/reviews/book/686fa492dca21dadb9ba8deb
2025-07-11T07:42:33.680Z [info]: GET /api/reviews/book/686fa492dca21dadb9ba8dec
2025-07-11T07:42:33.686Z [info]: GET /api/reviews/book/686fa492dca21dadb9ba8ded
2025-07-11T07:42:33.691Z [info]: GET /api/reviews/book/686fa492dca21dadb9ba8dee
2025-07-11T07:42:33.694Z [info]: GET /api/reviews/book/686fa492dca21dadb9ba8def
2025-07-11T07:42:33.698Z [info]: GET /api/reviews/book/686fa492dca21dadb9ba8df0
2025-07-11T07:42:33.701Z [info]: GET /api/reviews/book/686fa492dca21dadb9ba8df1
2025-07-11T07:42:33.705Z [info]: GET /api/reviews/book/686fa492dca21dadb9ba8df2
2025-07-11T07:42:33.709Z [info]: GET /api/reviews/book/686fa492dca21dadb9ba8df3
2025-07-11T07:42:33.718Z [info]: GET /api/reviews/book/686fa492dca21dadb9ba8df4
2025-07-11T07:42:33.723Z [info]: GET /api/reviews/book/686fa492dca21dadb9ba8df5
2025-07-11T07:42:33.725Z [info]: GET /api/reviews/book/686fa492dca21dadb9ba8df6
2025-07-11T07:42:33.728Z [info]: GET /api/reviews/book/686fa492dca21dadb9ba8df7
2025-07-11T07:42:33.731Z [info]: GET /api/reviews/book/686fa492dca21dadb9ba8df8
2025-07-11T07:42:33.736Z [info]: GET /api/reviews/book/686fa492dca21dadb9ba8df9
2025-07-11T07:42:33.741Z [info]: GET /api/reviews/book/686fa492dca21dadb9ba8dfa
2025-07-11T07:42:33.752Z [info]: GET /api/reviews/book/686fa492dca21dadb9ba8dfb
2025-07-11T07:42:33.757Z [info]: GET /api/reviews/book/686fa492dca21dadb9ba8dfc
2025-07-11T07:42:33.760Z [info]: GET /api/reviews/book/686fa492dca21dadb9ba8dfd
2025-07-11T07:42:33.764Z [info]: GET /api/reviews/book/686fa492dca21dadb9ba8dfe
2025-07-11T07:42:33.769Z [info]: GET /api/reviews/book/686fa492dca21dadb9ba8dff
2025-07-11T07:42:33.773Z [info]: GET /api/reviews/book/686fa492dca21dadb9ba8e00
2025-07-11T07:42:33.777Z [info]: GET /api/reviews/book/686fa492dca21dadb9ba8e01
2025-07-11T07:42:33.779Z [info]: GET /api/reviews/book/686fa492dca21dadb9ba8e02
2025-07-11T07:42:33.783Z [info]: GET /api/reviews/book/686fa492dca21dadb9ba8e03
2025-07-11T07:42:33.787Z [info]: GET /api/reviews/book/686fa492dca21dadb9ba8e04
2025-07-11T07:42:33.792Z [info]: GET /api/reviews/book/686fa492dca21dadb9ba8e05
2025-07-11T07:42:33.797Z [info]: GET /api/reviews/book/686fa492dca21dadb9ba8e06
2025-07-11T07:42:33.801Z [info]: GET /api/reviews/book/686fa492dca21dadb9ba8e07
2025-07-11T07:42:33.803Z [info]: GET /api/reviews/book/686fa492dca21dadb9ba8e08
2025-07-11T07:42:33.806Z [info]: GET /api/reviews/book/686fa492dca21dadb9ba8e09
2025-07-11T07:42:33.810Z [info]: GET /api/reviews/book/686fa492dca21dadb9ba8e0a
2025-07-11T07:42:33.816Z [info]: GET /api/reviews/book/686fa492dca21dadb9ba8e0b
2025-07-11T07:42:33.820Z [info]: GET /api/reviews/book/686fa492dca21dadb9ba8e0c
2025-07-11T07:42:33.824Z [info]: GET /api/reviews/book/686fa492dca21dadb9ba8de1
2025-07-11T07:42:33.827Z [info]: GET /api/reviews/book/686fa492dca21dadb9ba8de2
2025-07-11T07:42:38.525Z [info]: GET /api/reviews/book/686fa492dca21dadb9ba8db7
2025-07-11T07:42:38.528Z [info]: GET /api/reviews/book/686fa492dca21dadb9ba8dad
2025-07-11T07:42:38.530Z [info]: GET /api/reviews/book/686fa492dca21dadb9ba8dbc
2025-07-11T07:42:38.533Z [info]: GET /api/reviews/book/686fa492dca21dadb9ba8dbf
2025-07-11T07:42:38.534Z [info]: GET /api/reviews/book/686fa492dca21dadb9ba8db5
2025-07-11T07:42:38.536Z [info]: GET /api/reviews/book/686fa492dca21dadb9ba8dfa
2025-07-11T07:42:38.794Z [info]: GET /api/reviews/book/686fa492dca21dadb9ba8da9
2025-07-11T07:42:38.796Z [info]: GET /api/reviews/book/686fa492dca21dadb9ba8daa
2025-07-11T07:42:38.798Z [info]: GET /api/reviews/book/686fa492dca21dadb9ba8dab
2025-07-11T07:42:38.802Z [info]: GET /api/reviews/book/686fa492dca21dadb9ba8daf
2025-07-11T07:42:38.806Z [info]: GET /api/reviews/book/686fa492dca21dadb9ba8db0
2025-07-11T07:42:38.811Z [info]: GET /api/reviews/book/686fa492dca21dadb9ba8db2
2025-07-11T07:42:38.814Z [info]: GET /api/reviews/book/686fa492dca21dadb9ba8db3
2025-07-11T07:42:38.816Z [info]: GET /api/reviews/book/686fa492dca21dadb9ba8dac
2025-07-11T07:42:38.819Z [info]: GET /api/reviews/book/686fa492dca21dadb9ba8db6
2025-07-11T07:42:38.823Z [info]: GET /api/reviews/book/686fa492dca21dadb9ba8db8
2025-07-11T07:42:38.830Z [info]: GET /api/reviews/book/686fa492dca21dadb9ba8db9
2025-07-11T07:42:38.832Z [info]: GET /api/reviews/book/686fa492dca21dadb9ba8dba
2025-07-11T07:42:38.835Z [info]: GET /api/reviews/book/686fa492dca21dadb9ba8dbb
2025-07-11T07:42:38.837Z [info]: GET /api/reviews/book/686fa492dca21dadb9ba8dae
2025-07-11T07:42:38.840Z [info]: GET /api/reviews/book/686fa492dca21dadb9ba8db1
2025-07-11T07:42:38.844Z [info]: GET /api/reviews/book/686fa492dca21dadb9ba8dbd
2025-07-11T07:42:38.848Z [info]: GET /api/reviews/book/686fa492dca21dadb9ba8dbe
2025-07-11T07:42:38.851Z [info]: GET /api/reviews/book/686fa492dca21dadb9ba8dc0
2025-07-11T07:42:38.853Z [info]: GET /api/reviews/book/686fa492dca21dadb9ba8dc1
2025-07-11T07:42:38.857Z [info]: GET /api/reviews/book/686fa492dca21dadb9ba8dc2
2025-07-11T07:42:38.860Z [info]: GET /api/reviews/book/686fa492dca21dadb9ba8dc3
2025-07-11T07:42:38.863Z [info]: GET /api/reviews/book/686fa492dca21dadb9ba8dc4
2025-07-11T07:42:38.866Z [info]: GET /api/reviews/book/686fa492dca21dadb9ba8dc5
2025-07-11T07:42:38.869Z [info]: GET /api/reviews/book/686fa492dca21dadb9ba8dc6
2025-07-11T07:42:38.872Z [info]: GET /api/reviews/book/686fa492dca21dadb9ba8dc7
2025-07-11T07:42:38.875Z [info]: GET /api/reviews/book/686fa492dca21dadb9ba8dc8
2025-07-11T07:42:38.877Z [info]: GET /api/reviews/book/686fa492dca21dadb9ba8dc9
2025-07-11T07:42:38.880Z [info]: GET /api/reviews/book/686fa492dca21dadb9ba8dca
2025-07-11T07:42:38.884Z [info]: GET /api/reviews/book/686fa492dca21dadb9ba8dcb
2025-07-11T07:42:38.887Z [info]: GET /api/reviews/book/686fa492dca21dadb9ba8dcc
2025-07-11T07:42:38.892Z [info]: GET /api/reviews/book/686fa492dca21dadb9ba8dcd
2025-07-11T07:42:38.895Z [info]: GET /api/reviews/book/686fa492dca21dadb9ba8dce
2025-07-11T07:42:38.898Z [info]: GET /api/reviews/book/686fa492dca21dadb9ba8dcf
2025-07-11T07:42:38.901Z [info]: GET /api/reviews/book/686fa492dca21dadb9ba8dd0
2025-07-11T07:42:38.905Z [info]: GET /api/reviews/book/686fa492dca21dadb9ba8dd1
2025-07-11T07:42:38.908Z [info]: GET /api/reviews/book/686fa492dca21dadb9ba8dd2
2025-07-11T07:42:38.916Z [info]: GET /api/reviews/book/686fa492dca21dadb9ba8dd3
2025-07-11T07:42:38.920Z [info]: GET /api/reviews/book/686fa492dca21dadb9ba8dd4
2025-07-11T07:42:38.927Z [info]: GET /api/reviews/book/686fa492dca21dadb9ba8dd5
2025-07-11T07:42:38.929Z [info]: GET /api/reviews/book/686fa492dca21dadb9ba8dd6
2025-07-11T07:42:38.934Z [info]: GET /api/reviews/book/686fa492dca21dadb9ba8dd7
2025-07-11T07:42:38.938Z [info]: GET /api/reviews/book/686fa492dca21dadb9ba8dd8
2025-07-11T07:42:38.941Z [info]: GET /api/reviews/book/686fa492dca21dadb9ba8dd9
2025-07-11T07:42:38.943Z [info]: GET /api/reviews/book/686fa492dca21dadb9ba8dda
2025-07-11T07:42:38.946Z [info]: GET /api/reviews/book/686fa492dca21dadb9ba8ddb
2025-07-11T07:42:38.948Z [info]: GET /api/reviews/book/686fa492dca21dadb9ba8ddc
2025-07-11T07:42:38.953Z [info]: GET /api/reviews/book/686fa492dca21dadb9ba8ddd
2025-07-11T07:42:38.955Z [info]: GET /api/reviews/book/686fa492dca21dadb9ba8dde
2025-07-11T07:42:38.959Z [info]: GET /api/reviews/book/686fa492dca21dadb9ba8ddf
2025-07-11T07:42:38.961Z [info]: GET /api/reviews/book/686fa492dca21dadb9ba8de0
2025-07-11T07:42:38.964Z [info]: GET /api/reviews/book/686fa492dca21dadb9ba8db4
2025-07-11T07:42:38.968Z [info]: GET /api/reviews/book/686fa492dca21dadb9ba8de3
2025-07-11T07:42:38.973Z [info]: GET /api/reviews/book/686fa492dca21dadb9ba8de4
2025-07-11T07:42:38.976Z [info]: GET /api/reviews/book/686fa492dca21dadb9ba8de5
2025-07-11T07:42:38.979Z [info]: GET /api/reviews/book/686fa492dca21dadb9ba8de6
2025-07-11T07:42:38.981Z [info]: GET /api/reviews/book/686fa492dca21dadb9ba8de7
2025-07-11T07:42:38.984Z [info]: GET /api/reviews/book/686fa492dca21dadb9ba8de8
2025-07-11T07:42:38.987Z [info]: GET /api/reviews/book/686fa492dca21dadb9ba8de9
2025-07-11T07:42:38.991Z [info]: GET /api/reviews/book/686fa492dca21dadb9ba8dea
2025-07-11T07:42:38.994Z [info]: GET /api/reviews/book/686fa492dca21dadb9ba8deb
2025-07-11T07:42:38.997Z [info]: GET /api/reviews/book/686fa492dca21dadb9ba8dec
2025-07-11T07:42:38.999Z [info]: GET /api/reviews/book/686fa492dca21dadb9ba8ded
2025-07-11T07:42:39.003Z [info]: GET /api/reviews/book/686fa492dca21dadb9ba8dee
2025-07-11T07:42:39.008Z [info]: GET /api/reviews/book/686fa492dca21dadb9ba8def
2025-07-11T07:42:39.013Z [info]: GET /api/reviews/book/686fa492dca21dadb9ba8df0
2025-07-11T07:42:39.017Z [info]: GET /api/reviews/book/686fa492dca21dadb9ba8df1
2025-07-11T07:42:39.020Z [info]: GET /api/reviews/book/686fa492dca21dadb9ba8df2
2025-07-11T07:42:39.023Z [info]: GET /api/reviews/book/686fa492dca21dadb9ba8df3
2025-07-11T07:42:39.026Z [info]: GET /api/reviews/book/686fa492dca21dadb9ba8df4
2025-07-11T07:42:39.030Z [info]: GET /api/reviews/book/686fa492dca21dadb9ba8df5
2025-07-11T07:42:39.033Z [info]: GET /api/reviews/book/686fa492dca21dadb9ba8df6
2025-07-11T07:42:39.036Z [info]: GET /api/reviews/book/686fa492dca21dadb9ba8df7
2025-07-11T07:42:39.039Z [info]: GET /api/reviews/book/686fa492dca21dadb9ba8df8
2025-07-11T07:42:39.042Z [info]: GET /api/reviews/book/686fa492dca21dadb9ba8df9
2025-07-11T07:42:39.046Z [info]: GET /api/reviews/book/686fa492dca21dadb9ba8dfb
2025-07-11T07:42:39.048Z [info]: GET /api/reviews/book/686fa492dca21dadb9ba8dfc
2025-07-11T07:42:39.052Z [info]: GET /api/reviews/book/686fa492dca21dadb9ba8dfd
2025-07-11T07:42:39.055Z [info]: GET /api/reviews/book/686fa492dca21dadb9ba8dfe
2025-07-11T07:42:39.060Z [info]: GET /api/reviews/book/686fa492dca21dadb9ba8dff
2025-07-11T07:42:39.062Z [info]: GET /api/reviews/book/686fa492dca21dadb9ba8e00
2025-07-11T07:42:39.065Z [info]: GET /api/reviews/book/686fa492dca21dadb9ba8e01
2025-07-11T07:42:39.068Z [info]: GET /api/reviews/book/686fa492dca21dadb9ba8e02
2025-07-11T07:42:39.072Z [info]: GET /api/reviews/book/686fa492dca21dadb9ba8e03
2025-07-11T07:42:39.075Z [info]: GET /api/reviews/book/686fa492dca21dadb9ba8e04
2025-07-11T07:42:39.078Z [info]: GET /api/reviews/book/686fa492dca21dadb9ba8e05
2025-07-11T07:42:39.079Z [info]: GET /api/reviews/book/686fa492dca21dadb9ba8e06
2025-07-11T07:42:39.081Z [info]: GET /api/reviews/book/686fa492dca21dadb9ba8e07
2025-07-11T07:42:39.084Z [info]: GET /api/reviews/book/686fa492dca21dadb9ba8e08
2025-07-11T07:42:39.088Z [info]: GET /api/reviews/book/686fa492dca21dadb9ba8e09
2025-07-11T07:42:39.091Z [info]: GET /api/reviews/book/686fa492dca21dadb9ba8e0a
2025-07-11T07:42:39.094Z [info]: GET /api/reviews/book/686fa492dca21dadb9ba8e0b
2025-07-11T07:42:39.096Z [info]: GET /api/reviews/book/686fa492dca21dadb9ba8e0c
2025-07-11T07:42:39.100Z [info]: GET /api/reviews/book/686fa492dca21dadb9ba8de1
2025-07-11T07:42:39.103Z [info]: GET /api/reviews/book/686fa492dca21dadb9ba8de2
2025-07-11T07:42:54.878Z [info]: GET /api/reviews/book/686fa492dca21dadb9ba8dbf
2025-07-11T07:42:54.881Z [info]: GET /api/reviews/book/686fa492dca21dadb9ba8dfe
2025-07-11T07:42:54.883Z [info]: GET /api/reviews/book/686fa492dca21dadb9ba8e03
2025-07-11T07:42:54.886Z [info]: GET /api/reviews/book/686fa492dca21dadb9ba8dd1
2025-07-11T07:42:54.894Z [info]: GET /api/reviews/book/686fa492dca21dadb9ba8dda
2025-07-11T07:42:54.897Z [info]: GET /api/reviews/book/686fa492dca21dadb9ba8df2
2025-07-11T07:42:54.900Z [info]: GET /api/reviews/book/686fa492dca21dadb9ba8dac
2025-07-11T07:42:54.910Z [info]: GET /api/reviews/book/686fa492dca21dadb9ba8dfc
2025-07-11T07:42:54.913Z [info]: GET /api/reviews/book/686fa492dca21dadb9ba8dad
2025-07-11T07:42:54.918Z [info]: GET /api/reviews/book/686fa492dca21dadb9ba8de0
2025-07-11T07:42:54.926Z [info]: GET /api/reviews/book/686fa492dca21dadb9ba8db4
2025-07-11T07:42:54.929Z [info]: GET /api/reviews/book/686fa492dca21dadb9ba8de4
2025-07-11T07:42:57.982Z [info]: GET /api/reviews/book/686fa492dca21dadb9ba8dfc
2025-07-11T07:43:05.748Z [info]: GET /api/reviews/book/686fa492dca21dadb9ba8dbf
2025-07-11T07:43:05.751Z [info]: GET /api/reviews/book/686fa492dca21dadb9ba8dfe
2025-07-11T07:43:05.754Z [info]: GET /api/reviews/book/686fa492dca21dadb9ba8e03
2025-07-11T07:43:05.763Z [info]: GET /api/reviews/book/686fa492dca21dadb9ba8dd1
2025-07-11T07:43:05.765Z [info]: GET /api/reviews/book/686fa492dca21dadb9ba8df2
2025-07-11T07:43:05.768Z [info]: GET /api/reviews/book/686fa492dca21dadb9ba8dac
2025-07-11T07:43:05.772Z [info]: GET /api/reviews/book/686fa492dca21dadb9ba8de0
2025-07-11T07:43:05.774Z [info]: GET /api/reviews/book/686fa492dca21dadb9ba8db4
2025-07-11T07:43:05.781Z [info]: GET /api/reviews/book/686fa492dca21dadb9ba8de4
2025-07-11T07:43:11.367Z [info]: GET /api/reviews/book/1
2025-07-11T07:43:11.369Z [error]: Error fetching reviews:
2025-07-11T07:43:11.371Z [info]: GET /api/reviews/book/2
2025-07-11T07:43:11.372Z [error]: Error fetching reviews:
2025-07-11T07:43:11.375Z [info]: GET /api/reviews/book/3
2025-07-11T07:43:11.378Z [error]: Error fetching reviews:
2025-07-11T07:43:11.381Z [info]: GET /api/reviews/book/4
2025-07-11T07:43:11.383Z [error]: Error fetching reviews:
2025-07-11T07:43:11.696Z [info]: GET /api/reviews/book/686fa492dca21dadb9ba8da9
2025-07-11T07:43:11.700Z [info]: GET /api/reviews/book/686fa492dca21dadb9ba8daa
2025-07-11T07:43:11.702Z [info]: GET /api/reviews/book/686fa492dca21dadb9ba8dab
2025-07-11T07:43:11.708Z [info]: GET /api/reviews/book/686fa492dca21dadb9ba8daf
2025-07-11T07:43:11.715Z [info]: GET /api/reviews/book/686fa492dca21dadb9ba8db0
2025-07-11T07:43:11.718Z [info]: GET /api/reviews/book/686fa492dca21dadb9ba8db2
2025-07-11T07:43:11.721Z [info]: GET /api/reviews/book/686fa492dca21dadb9ba8db3
2025-07-11T07:43:11.724Z [info]: GET /api/reviews/book/686fa492dca21dadb9ba8dac
2025-07-11T07:43:11.727Z [info]: GET /api/reviews/book/686fa492dca21dadb9ba8db6
2025-07-11T07:43:11.732Z [info]: GET /api/reviews/book/686fa492dca21dadb9ba8db7
2025-07-11T07:43:11.739Z [info]: GET /api/reviews/book/686fa492dca21dadb9ba8db8
2025-07-11T07:43:11.743Z [info]: GET /api/reviews/book/686fa492dca21dadb9ba8db9
2025-07-11T07:43:11.746Z [info]: GET /api/reviews/book/686fa492dca21dadb9ba8dba
2025-07-11T07:43:11.750Z [info]: GET /api/reviews/book/686fa492dca21dadb9ba8dad
2025-07-11T07:43:11.752Z [info]: GET /api/reviews/book/686fa492dca21dadb9ba8dbb
2025-07-11T07:43:11.758Z [info]: GET /api/reviews/book/686fa492dca21dadb9ba8dbc
2025-07-11T07:43:11.763Z [info]: GET /api/reviews/book/686fa492dca21dadb9ba8dae
2025-07-11T07:43:11.765Z [info]: GET /api/reviews/book/686fa492dca21dadb9ba8db1
2025-07-11T07:43:11.767Z [info]: GET /api/reviews/book/686fa492dca21dadb9ba8dbd
2025-07-11T07:43:11.771Z [info]: GET /api/reviews/book/686fa492dca21dadb9ba8dbe
2025-07-11T07:43:11.775Z [info]: GET /api/reviews/book/686fa492dca21dadb9ba8dbf
2025-07-11T07:43:11.782Z [info]: GET /api/reviews/book/686fa492dca21dadb9ba8dc0
2025-07-11T07:43:11.788Z [info]: GET /api/reviews/book/686fa492dca21dadb9ba8dc1
2025-07-11T07:43:11.790Z [info]: GET /api/reviews/book/686fa492dca21dadb9ba8dc2
2025-07-11T07:43:11.793Z [info]: GET /api/reviews/book/686fa492dca21dadb9ba8dc3
2025-07-11T07:43:11.798Z [info]: GET /api/reviews/book/686fa492dca21dadb9ba8dc4
2025-07-11T07:43:11.802Z [info]: GET /api/reviews/book/686fa492dca21dadb9ba8dc5
2025-07-11T07:43:11.807Z [info]: GET /api/reviews/book/686fa492dca21dadb9ba8dc6
2025-07-11T07:43:11.811Z [info]: GET /api/reviews/book/686fa492dca21dadb9ba8dc7
2025-07-11T07:43:11.813Z [info]: GET /api/reviews/book/686fa492dca21dadb9ba8dc8
2025-07-11T07:43:11.815Z [info]: GET /api/reviews/book/686fa492dca21dadb9ba8dc9
2025-07-11T07:43:11.818Z [info]: GET /api/reviews/book/686fa492dca21dadb9ba8dca
2025-07-11T07:43:11.820Z [info]: GET /api/reviews/book/686fa492dca21dadb9ba8dcb
2025-07-11T07:43:11.828Z [info]: GET /api/reviews/book/686fa492dca21dadb9ba8dcc
2025-07-11T07:43:11.833Z [info]: GET /api/reviews/book/686fa492dca21dadb9ba8dcd
2025-07-11T07:43:11.836Z [info]: GET /api/reviews/book/686fa492dca21dadb9ba8dce
2025-07-11T07:43:11.838Z [info]: GET /api/reviews/book/686fa492dca21dadb9ba8dcf
2025-07-11T07:43:11.840Z [info]: GET /api/reviews/book/686fa492dca21dadb9ba8dd0
2025-07-11T07:43:11.843Z [info]: GET /api/reviews/book/686fa492dca21dadb9ba8dd1
2025-07-11T07:43:11.848Z [info]: GET /api/reviews/book/686fa492dca21dadb9ba8dd2
2025-07-11T07:43:11.853Z [info]: GET /api/reviews/book/686fa492dca21dadb9ba8dd3
2025-07-11T07:43:11.855Z [info]: GET /api/reviews/book/686fa492dca21dadb9ba8dd4
2025-07-11T07:43:11.857Z [info]: GET /api/reviews/book/686fa492dca21dadb9ba8dd5
2025-07-11T07:43:11.860Z [info]: GET /api/reviews/book/686fa492dca21dadb9ba8dd6
2025-07-11T07:43:11.862Z [info]: GET /api/reviews/book/686fa492dca21dadb9ba8dd7
2025-07-11T07:43:11.867Z [info]: GET /api/reviews/book/686fa492dca21dadb9ba8dd8
2025-07-11T07:43:11.871Z [info]: GET /api/reviews/book/686fa492dca21dadb9ba8dd9
2025-07-11T07:43:11.873Z [info]: GET /api/reviews/book/686fa492dca21dadb9ba8dda
2025-07-11T07:43:11.875Z [info]: GET /api/reviews/book/686fa492dca21dadb9ba8ddb
2025-07-11T07:43:11.878Z [info]: GET /api/reviews/book/686fa492dca21dadb9ba8ddc
2025-07-11T07:43:11.880Z [info]: GET /api/reviews/book/686fa492dca21dadb9ba8ddd
2025-07-11T07:43:11.885Z [info]: GET /api/reviews/book/686fa492dca21dadb9ba8dde
2025-07-11T07:43:11.889Z [info]: GET /api/reviews/book/686fa492dca21dadb9ba8ddf
2025-07-11T07:43:11.891Z [info]: GET /api/reviews/book/686fa492dca21dadb9ba8de0
2025-07-11T07:43:11.892Z [info]: GET /api/reviews/book/686fa492dca21dadb9ba8db5
2025-07-11T07:43:11.896Z [info]: GET /api/reviews/book/686fa492dca21dadb9ba8db4
2025-07-11T07:43:11.898Z [info]: GET /api/reviews/book/686fa492dca21dadb9ba8de3
2025-07-11T07:43:11.903Z [info]: GET /api/reviews/book/686fa492dca21dadb9ba8de4
2025-07-11T07:43:11.908Z [info]: GET /api/reviews/book/686fa492dca21dadb9ba8de5
2025-07-11T07:43:11.910Z [info]: GET /api/reviews/book/686fa492dca21dadb9ba8de6
2025-07-11T07:43:11.913Z [info]: GET /api/reviews/book/686fa492dca21dadb9ba8de7
2025-07-11T07:43:11.916Z [info]: GET /api/reviews/book/686fa492dca21dadb9ba8de8
2025-07-11T07:43:11.918Z [info]: GET /api/reviews/book/686fa492dca21dadb9ba8de9
2025-07-11T07:43:11.923Z [info]: GET /api/reviews/book/686fa492dca21dadb9ba8dea
2025-07-11T07:43:11.930Z [info]: GET /api/reviews/book/686fa492dca21dadb9ba8deb
2025-07-11T07:43:11.933Z [info]: GET /api/reviews/book/686fa492dca21dadb9ba8dec
2025-07-11T07:43:11.936Z [info]: GET /api/reviews/book/686fa492dca21dadb9ba8ded
2025-07-11T07:43:11.940Z [info]: GET /api/reviews/book/686fa492dca21dadb9ba8dee
2025-07-11T07:43:11.943Z [info]: GET /api/reviews/book/686fa492dca21dadb9ba8def
2025-07-11T07:43:11.950Z [info]: GET /api/reviews/book/686fa492dca21dadb9ba8df0
2025-07-11T07:43:11.955Z [info]: GET /api/reviews/book/686fa492dca21dadb9ba8df1
2025-07-11T07:43:11.957Z [info]: GET /api/reviews/book/686fa492dca21dadb9ba8df2
2025-07-11T07:43:11.959Z [info]: GET /api/reviews/book/686fa492dca21dadb9ba8df3
2025-07-11T07:43:11.961Z [info]: GET /api/reviews/book/686fa492dca21dadb9ba8df4
2025-07-11T07:43:11.964Z [info]: GET /api/reviews/book/686fa492dca21dadb9ba8df5
2025-07-11T07:43:11.968Z [info]: GET /api/reviews/book/686fa492dca21dadb9ba8df6
2025-07-11T07:43:11.971Z [info]: GET /api/reviews/book/686fa492dca21dadb9ba8df7
2025-07-11T07:43:11.974Z [info]: GET /api/reviews/book/686fa492dca21dadb9ba8df8
2025-07-11T07:43:11.976Z [info]: GET /api/reviews/book/686fa492dca21dadb9ba8df9
2025-07-11T07:43:11.979Z [info]: GET /api/reviews/book/686fa492dca21dadb9ba8dfa
2025-07-11T07:43:11.981Z [info]: GET /api/reviews/book/686fa492dca21dadb9ba8dfb
2025-07-11T07:43:11.986Z [info]: GET /api/reviews/book/686fa492dca21dadb9ba8dfc
2025-07-11T07:43:11.991Z [info]: GET /api/reviews/book/686fa492dca21dadb9ba8dfd
2025-07-11T07:43:11.993Z [info]: GET /api/reviews/book/686fa492dca21dadb9ba8dfe
2025-07-11T07:43:11.995Z [info]: GET /api/reviews/book/686fa492dca21dadb9ba8dff
2025-07-11T07:43:11.998Z [info]: GET /api/reviews/book/686fa492dca21dadb9ba8e00
2025-07-11T07:43:12.000Z [info]: GET /api/reviews/book/686fa492dca21dadb9ba8e01
2025-07-11T07:43:12.007Z [info]: GET /api/reviews/book/686fa492dca21dadb9ba8e02
2025-07-11T07:43:12.012Z [info]: GET /api/reviews/book/686fa492dca21dadb9ba8e03
2025-07-11T07:43:12.014Z [info]: GET /api/reviews/book/686fa492dca21dadb9ba8e04
2025-07-11T07:43:12.016Z [info]: GET /api/reviews/book/686fa492dca21dadb9ba8e05
2025-07-11T07:43:12.019Z [info]: GET /api/reviews/book/686fa492dca21dadb9ba8e06
2025-07-11T07:43:12.021Z [info]: GET /api/reviews/book/686fa492dca21dadb9ba8e07
2025-07-11T07:43:12.025Z [info]: GET /api/reviews/book/686fa492dca21dadb9ba8e08
2025-07-11T07:43:12.030Z [info]: GET /api/reviews/book/686fa492dca21dadb9ba8e09
2025-07-11T07:43:12.031Z [info]: GET /api/reviews/book/686fa492dca21dadb9ba8e0a
2025-07-11T07:43:12.033Z [info]: GET /api/reviews/book/686fa492dca21dadb9ba8e0b
2025-07-11T07:43:12.037Z [info]: GET /api/reviews/book/686fa492dca21dadb9ba8e0c
2025-07-11T07:43:12.040Z [info]: GET /api/reviews/book/686fa492dca21dadb9ba8de1
2025-07-11T07:43:12.046Z [info]: GET /api/reviews/book/686fa492dca21dadb9ba8de2
2025-07-11T07:43:25.444Z [info]: GET /api/reviews/book/686fa492dca21dadb9ba8da9
2025-07-11T07:43:25.447Z [info]: GET /api/reviews/book/686fa492dca21dadb9ba8daa
2025-07-11T07:43:25.453Z [info]: GET /api/reviews/book/686fa492dca21dadb9ba8dab
2025-07-11T07:43:25.456Z [info]: GET /api/reviews/book/686fa492dca21dadb9ba8daf
2025-07-11T07:43:25.460Z [info]: GET /api/reviews/book/686fa492dca21dadb9ba8db0
2025-07-11T07:43:25.464Z [info]: GET /api/reviews/book/686fa492dca21dadb9ba8db2
2025-07-11T07:43:25.467Z [info]: GET /api/reviews/book/686fa492dca21dadb9ba8db3
2025-07-11T07:43:25.470Z [info]: GET /api/reviews/book/686fa492dca21dadb9ba8dac
2025-07-11T07:43:25.473Z [info]: GET /api/reviews/book/686fa492dca21dadb9ba8db6
2025-07-11T07:43:25.476Z [info]: GET /api/reviews/book/686fa492dca21dadb9ba8db7
2025-07-11T07:43:25.479Z [info]: GET /api/reviews/book/686fa492dca21dadb9ba8db8
2025-07-11T07:43:25.483Z [info]: GET /api/reviews/book/686fa492dca21dadb9ba8dba
2025-07-11T07:43:25.487Z [info]: GET /api/reviews/book/686fa492dca21dadb9ba8db9
2025-07-11T07:43:25.493Z [info]: GET /api/reviews/book/686fa492dca21dadb9ba8dad
2025-07-11T07:43:25.496Z [info]: GET /api/reviews/book/686fa492dca21dadb9ba8dbb
2025-07-11T07:43:25.500Z [info]: GET /api/reviews/book/686fa492dca21dadb9ba8dbc
2025-07-11T07:43:25.503Z [info]: GET /api/reviews/book/686fa492dca21dadb9ba8dae
2025-07-11T07:43:25.507Z [info]: GET /api/reviews/book/686fa492dca21dadb9ba8db1
2025-07-11T07:43:25.511Z [info]: GET /api/reviews/book/686fa492dca21dadb9ba8dbd
2025-07-11T07:43:25.514Z [info]: GET /api/reviews/book/686fa492dca21dadb9ba8dbe
2025-07-11T07:43:25.517Z [info]: GET /api/reviews/book/686fa492dca21dadb9ba8dbf
2025-07-11T07:43:25.519Z [info]: GET /api/reviews/book/686fa492dca21dadb9ba8dc0
2025-07-11T07:43:25.522Z [info]: GET /api/reviews/book/686fa492dca21dadb9ba8dc1
2025-07-11T07:43:25.525Z [info]: GET /api/reviews/book/686fa492dca21dadb9ba8dc2
2025-07-11T07:43:25.528Z [info]: GET /api/reviews/book/686fa492dca21dadb9ba8dc3
2025-07-11T07:43:25.531Z [info]: GET /api/reviews/book/686fa492dca21dadb9ba8dc4
2025-07-11T07:43:25.535Z [info]: GET /api/reviews/book/686fa492dca21dadb9ba8dc5
2025-07-11T07:43:25.537Z [info]: GET /api/reviews/book/686fa492dca21dadb9ba8dc6
2025-07-11T07:43:25.540Z [info]: GET /api/reviews/book/686fa492dca21dadb9ba8dc7
2025-07-11T07:43:25.543Z [info]: GET /api/reviews/book/686fa492dca21dadb9ba8dc8
2025-07-11T07:43:25.547Z [info]: GET /api/reviews/book/686fa492dca21dadb9ba8dc9
2025-07-11T07:43:25.550Z [info]: GET /api/reviews/book/686fa492dca21dadb9ba8dca
2025-07-11T07:43:25.553Z [info]: GET /api/reviews/book/686fa492dca21dadb9ba8dcb
2025-07-11T07:43:25.555Z [info]: GET /api/reviews/book/686fa492dca21dadb9ba8dcc
2025-07-11T07:43:25.558Z [info]: GET /api/reviews/book/686fa492dca21dadb9ba8dcd
2025-07-11T07:43:25.561Z [info]: GET /api/reviews/book/686fa492dca21dadb9ba8dce
2025-07-11T07:43:25.576Z [info]: GET /api/reviews/book/686fa492dca21dadb9ba8dcf
2025-07-11T07:43:25.585Z [info]: GET /api/reviews/book/686fa492dca21dadb9ba8dd0
2025-07-11T07:43:25.588Z [info]: GET /api/reviews/book/686fa492dca21dadb9ba8dd1
2025-07-11T07:43:25.590Z [info]: GET /api/reviews/book/686fa492dca21dadb9ba8dd2
2025-07-11T07:43:25.593Z [info]: GET /api/reviews/book/686fa492dca21dadb9ba8dd3
2025-07-11T07:43:25.596Z [info]: GET /api/reviews/book/686fa492dca21dadb9ba8dd4
2025-07-11T07:43:25.602Z [info]: GET /api/reviews/book/686fa492dca21dadb9ba8dd5
2025-07-11T07:43:25.605Z [info]: GET /api/reviews/book/686fa492dca21dadb9ba8dd6
2025-07-11T07:43:25.608Z [info]: GET /api/reviews/book/686fa492dca21dadb9ba8dd7
2025-07-11T07:43:25.610Z [info]: GET /api/reviews/book/686fa492dca21dadb9ba8dd8
2025-07-11T07:43:25.612Z [info]: GET /api/reviews/book/686fa492dca21dadb9ba8dd9
2025-07-11T07:43:25.617Z [info]: GET /api/reviews/book/686fa492dca21dadb9ba8dda
2025-07-11T07:43:25.620Z [info]: GET /api/reviews/book/686fa492dca21dadb9ba8ddb
2025-07-11T07:43:25.623Z [info]: GET /api/reviews/book/686fa492dca21dadb9ba8ddc
2025-07-11T07:43:25.626Z [info]: GET /api/reviews/book/686fa492dca21dadb9ba8ddd
2025-07-11T07:43:25.628Z [info]: GET /api/reviews/book/686fa492dca21dadb9ba8dde
2025-07-11T07:43:25.631Z [info]: GET /api/reviews/book/686fa492dca21dadb9ba8ddf
2025-07-11T07:43:25.634Z [info]: GET /api/reviews/book/686fa492dca21dadb9ba8de0
2025-07-11T07:43:25.637Z [info]: GET /api/reviews/book/686fa492dca21dadb9ba8db5
2025-07-11T07:43:25.641Z [info]: GET /api/reviews/book/686fa492dca21dadb9ba8db4
2025-07-11T07:43:25.644Z [info]: GET /api/reviews/book/686fa492dca21dadb9ba8de3
2025-07-11T07:43:25.646Z [info]: GET /api/reviews/book/686fa492dca21dadb9ba8de4
2025-07-11T07:43:25.650Z [info]: GET /api/reviews/book/686fa492dca21dadb9ba8de5
2025-07-11T07:43:25.653Z [info]: GET /api/reviews/book/686fa492dca21dadb9ba8de6
2025-07-11T07:43:25.657Z [info]: GET /api/reviews/book/686fa492dca21dadb9ba8de7
2025-07-11T07:43:25.660Z [info]: GET /api/reviews/book/686fa492dca21dadb9ba8de8
2025-07-11T07:43:25.663Z [info]: GET /api/reviews/book/686fa492dca21dadb9ba8de9
2025-07-11T07:43:25.666Z [info]: GET /api/reviews/book/686fa492dca21dadb9ba8dea
2025-07-11T07:43:25.668Z [info]: GET /api/reviews/book/686fa492dca21dadb9ba8deb
2025-07-11T07:43:25.672Z [info]: GET /api/reviews/book/686fa492dca21dadb9ba8dec
2025-07-11T07:43:25.677Z [info]: GET /api/reviews/book/686fa492dca21dadb9ba8ded
2025-07-11T07:43:25.680Z [info]: GET /api/reviews/book/686fa492dca21dadb9ba8dee
2025-07-11T07:43:25.684Z [info]: GET /api/reviews/book/686fa492dca21dadb9ba8def
2025-07-11T07:43:25.687Z [info]: GET /api/reviews/book/686fa492dca21dadb9ba8df0
2025-07-11T07:43:25.692Z [info]: GET /api/reviews/book/686fa492dca21dadb9ba8df1
2025-07-11T07:43:25.697Z [info]: GET /api/reviews/book/686fa492dca21dadb9ba8df2
2025-07-11T07:43:25.703Z [info]: GET /api/reviews/book/686fa492dca21dadb9ba8df3
2025-07-11T07:43:25.707Z [info]: GET /api/reviews/book/686fa492dca21dadb9ba8df4
2025-07-11T07:43:25.711Z [info]: GET /api/reviews/book/686fa492dca21dadb9ba8df5
2025-07-11T07:43:25.713Z [info]: GET /api/reviews/book/686fa492dca21dadb9ba8df6
2025-07-11T07:43:25.717Z [info]: GET /api/reviews/book/686fa492dca21dadb9ba8df7
2025-07-11T07:43:25.721Z [info]: GET /api/reviews/book/686fa492dca21dadb9ba8df8
2025-07-11T07:43:25.726Z [info]: GET /api/reviews/book/686fa492dca21dadb9ba8df9
2025-07-11T07:43:25.730Z [info]: GET /api/reviews/book/686fa492dca21dadb9ba8dfa
2025-07-11T07:43:25.734Z [info]: GET /api/reviews/book/686fa492dca21dadb9ba8dfb
2025-07-11T07:43:25.737Z [info]: GET /api/reviews/book/686fa492dca21dadb9ba8dfc
2025-07-11T07:43:25.741Z [info]: GET /api/reviews/book/686fa492dca21dadb9ba8dfd
2025-07-11T07:43:25.744Z [info]: GET /api/reviews/book/686fa492dca21dadb9ba8dfe
2025-07-11T07:43:25.749Z [info]: GET /api/reviews/book/686fa492dca21dadb9ba8dff
2025-07-11T07:43:25.751Z [info]: GET /api/reviews/book/686fa492dca21dadb9ba8e00
2025-07-11T07:43:25.754Z [info]: GET /api/reviews/book/686fa492dca21dadb9ba8e01
2025-07-11T07:43:25.756Z [info]: GET /api/reviews/book/686fa492dca21dadb9ba8e02
2025-07-11T07:43:25.759Z [info]: GET /api/reviews/book/686fa492dca21dadb9ba8e03
2025-07-11T07:43:25.762Z [info]: GET /api/reviews/book/686fa492dca21dadb9ba8e04
2025-07-11T07:43:25.767Z [info]: GET /api/reviews/book/686fa492dca21dadb9ba8e05
2025-07-11T07:43:25.771Z [info]: GET /api/reviews/book/686fa492dca21dadb9ba8e06
2025-07-11T07:43:25.774Z [info]: GET /api/reviews/book/686fa492dca21dadb9ba8e07
2025-07-11T07:43:25.777Z [info]: GET /api/reviews/book/686fa492dca21dadb9ba8e08
2025-07-11T07:43:25.779Z [info]: GET /api/reviews/book/686fa492dca21dadb9ba8e09
2025-07-11T07:43:25.783Z [info]: GET /api/reviews/book/686fa492dca21dadb9ba8e0a
2025-07-11T07:43:25.787Z [info]: GET /api/reviews/book/686fa492dca21dadb9ba8e0b
2025-07-11T07:43:25.790Z [info]: GET /api/reviews/book/686fa492dca21dadb9ba8e0c
2025-07-11T07:43:25.793Z [info]: GET /api/reviews/book/686fa492dca21dadb9ba8de1
2025-07-11T07:43:25.796Z [info]: GET /api/reviews/book/686fa492dca21dadb9ba8de2
2025-07-11T07:43:27.639Z [info]: GET /api/reviews/book/686fa492dca21dadb9ba8daa
2025-07-11T07:43:36.754Z [info]: GET /api/reviews/book/686fa492dca21dadb9ba8daa
2025-07-11T07:43:36.972Z [info]: GET /api/reviews/book/686fa492dca21dadb9ba8da9
2025-07-11T07:43:44.367Z [info]: GET /api/reviews/book/686fa492dca21dadb9ba8dbf
2025-07-11T07:43:44.370Z [info]: GET /api/reviews/book/686fa492dca21dadb9ba8dfe
2025-07-11T07:43:44.373Z [info]: GET /api/reviews/book/686fa492dca21dadb9ba8e03
2025-07-11T07:43:44.376Z [info]: GET /api/reviews/book/686fa492dca21dadb9ba8dd1
2025-07-11T07:43:44.377Z [info]: GET /api/reviews/book/686fa492dca21dadb9ba8dda
2025-07-11T07:43:44.386Z [info]: GET /api/reviews/book/686fa492dca21dadb9ba8df2
2025-07-11T07:43:44.390Z [info]: GET /api/reviews/book/686fa492dca21dadb9ba8dac
2025-07-11T07:43:44.393Z [info]: GET /api/reviews/book/686fa492dca21dadb9ba8dfc
2025-07-11T07:43:44.395Z [info]: GET /api/reviews/book/686fa492dca21dadb9ba8dad
2025-07-11T07:43:44.398Z [info]: GET /api/reviews/book/686fa492dca21dadb9ba8de0
2025-07-11T07:43:44.402Z [info]: GET /api/reviews/book/686fa492dca21dadb9ba8db4
2025-07-11T07:43:44.414Z [info]: GET /api/reviews/book/686fa492dca21dadb9ba8de4
2025-07-11T07:44:29.932Z [info]: GET /api/reviews/book/686fa492dca21dadb9ba8dbf
2025-07-11T07:44:29.934Z [info]: GET /api/reviews/book/686fa492dca21dadb9ba8dfe
2025-07-11T07:44:29.937Z [info]: GET /api/reviews/book/686fa492dca21dadb9ba8e03
2025-07-11T07:44:29.944Z [info]: GET /api/reviews/book/686fa492dca21dadb9ba8dd1
2025-07-11T07:44:29.946Z [info]: GET /api/reviews/book/686fa492dca21dadb9ba8df2
2025-07-11T07:44:29.948Z [info]: GET /api/reviews/book/686fa492dca21dadb9ba8dac
2025-07-11T07:44:29.953Z [info]: GET /api/reviews/book/686fa492dca21dadb9ba8de0
2025-07-11T07:44:29.955Z [info]: GET /api/reviews/book/686fa492dca21dadb9ba8db4
2025-07-11T07:44:29.963Z [info]: GET /api/reviews/book/686fa492dca21dadb9ba8de4
2025-07-11T07:45:31.716Z [info]: GET /api/reviews/book/686fa492dca21dadb9ba8dbf
2025-07-11T07:45:31.721Z [info]: GET /api/reviews/book/686fa492dca21dadb9ba8dfe
2025-07-11T07:45:31.724Z [info]: GET /api/reviews/book/686fa492dca21dadb9ba8e03
2025-07-11T07:45:31.731Z [info]: GET /api/reviews/book/686fa492dca21dadb9ba8dd1
2025-07-11T07:45:31.735Z [info]: GET /api/reviews/book/686fa492dca21dadb9ba8dda
2025-07-11T07:45:31.737Z [info]: GET /api/reviews/book/686fa492dca21dadb9ba8df2
2025-07-11T07:45:31.742Z [info]: GET /api/reviews/book/686fa492dca21dadb9ba8dac
2025-07-11T07:45:31.745Z [info]: GET /api/reviews/book/686fa492dca21dadb9ba8dfc
2025-07-11T07:45:31.751Z [info]: GET /api/reviews/book/686fa492dca21dadb9ba8dad
2025-07-11T07:45:31.757Z [info]: GET /api/reviews/book/686fa492dca21dadb9ba8de0
2025-07-11T07:45:31.759Z [info]: GET /api/reviews/book/686fa492dca21dadb9ba8db4
2025-07-11T07:45:31.762Z [info]: GET /api/reviews/book/686fa492dca21dadb9ba8de4
2025-07-11T07:45:45.153Z [info]: GET /api/reviews/book/686fa492dca21dadb9ba8dbf
2025-07-11T07:45:45.160Z [info]: GET /api/reviews/book/686fa492dca21dadb9ba8dfe
2025-07-11T07:45:45.165Z [info]: GET /api/reviews/book/686fa492dca21dadb9ba8e03
2025-07-11T07:45:45.169Z [info]: GET /api/reviews/book/686fa492dca21dadb9ba8dd1
2025-07-11T07:45:45.176Z [info]: GET /api/reviews/book/686fa492dca21dadb9ba8dda
2025-07-11T07:45:45.181Z [info]: GET /api/reviews/book/686fa492dca21dadb9ba8df2
2025-07-11T07:45:45.185Z [info]: GET /api/reviews/book/686fa492dca21dadb9ba8dac
2025-07-11T07:45:45.194Z [info]: GET /api/reviews/book/686fa492dca21dadb9ba8dfc
2025-07-11T07:45:45.208Z [info]: GET /api/reviews/book/686fa492dca21dadb9ba8dad
2025-07-11T07:45:45.212Z [info]: GET /api/reviews/book/686fa492dca21dadb9ba8de0
2025-07-11T07:45:45.217Z [info]: GET /api/reviews/book/686fa492dca21dadb9ba8db4
2025-07-11T07:45:45.222Z [info]: GET /api/reviews/book/686fa492dca21dadb9ba8de4
2025-07-11T07:48:10.760Z [info]: GET /api/reviews/book/686fa492dca21dadb9ba8e00
2025-07-11T07:48:10.777Z [info]: GET /api/reviews/book/686fa492dca21dadb9ba8ddf
2025-07-11T07:48:10.781Z [info]: GET /api/reviews/book/686fa492dca21dadb9ba8dd0
2025-07-11T07:48:10.783Z [info]: GET /api/reviews/book/686fa492dca21dadb9ba8dc1
2025-07-11T07:48:10.791Z [info]: GET /api/reviews/book/686fa492dca21dadb9ba8e08
2025-07-11T07:48:10.793Z [info]: GET /api/reviews/book/686fa492dca21dadb9ba8dfa
2025-07-11T07:48:10.812Z [info]: GET /api/reviews/book/686fa492dca21dadb9ba8dac
2025-07-11T07:48:10.816Z [info]: GET /api/reviews/book/686fa492dca21dadb9ba8db9
2025-07-11T07:48:10.818Z [info]: GET /api/reviews/book/686fa492dca21dadb9ba8e03
2025-07-11T07:48:10.822Z [info]: GET /api/reviews/book/686fa492dca21dadb9ba8dbf
2025-07-11T07:48:10.825Z [info]: GET /api/reviews/book/686fa492dca21dadb9ba8de0
2025-07-11T07:48:10.828Z [info]: GET /api/reviews/book/686fa492dca21dadb9ba8dda
2025-07-11T07:48:10.843Z [info]: GET /api/reviews/book/686fa492dca21dadb9ba8dbb
2025-07-11T07:48:10.849Z [info]: GET /api/reviews/book/686fa492dca21dadb9ba8dc3
2025-07-11T07:48:10.852Z [info]: GET /api/reviews/book/686fa492dca21dadb9ba8e0b
2025-07-11T07:48:24.602Z [info]: GET /api/reviews/book/686fa492dca21dadb9ba8e00
2025-07-11T07:48:24.605Z [info]: GET /api/reviews/book/686fa492dca21dadb9ba8ddf
2025-07-11T07:48:24.609Z [info]: GET /api/reviews/book/686fa492dca21dadb9ba8dd0
2025-07-11T07:48:24.616Z [info]: GET /api/reviews/book/686fa492dca21dadb9ba8dc1
2025-07-11T07:48:24.619Z [info]: GET /api/reviews/book/686fa492dca21dadb9ba8dfa
2025-07-11T07:48:24.626Z [info]: GET /api/reviews/book/686fa492dca21dadb9ba8e08
2025-07-11T07:48:24.629Z [info]: GET /api/reviews/book/686fa492dca21dadb9ba8dac
2025-07-11T07:48:24.633Z [info]: GET /api/reviews/book/686fa492dca21dadb9ba8db9
2025-07-11T07:48:24.638Z [info]: GET /api/reviews/book/686fa492dca21dadb9ba8e03
2025-07-11T07:48:24.655Z [info]: GET /api/reviews/book/686fa492dca21dadb9ba8dbf
2025-07-11T07:48:24.662Z [info]: GET /api/reviews/book/686fa492dca21dadb9ba8de0
2025-07-11T07:48:24.668Z [info]: GET /api/reviews/book/686fa492dca21dadb9ba8dda
2025-07-11T07:48:24.671Z [info]: GET /api/reviews/book/686fa492dca21dadb9ba8dbb
2025-07-11T07:48:24.676Z [info]: GET /api/reviews/book/686fa492dca21dadb9ba8dc3
2025-07-11T07:48:24.681Z [info]: GET /api/reviews/book/686fa492dca21dadb9ba8e0b
2025-07-11T07:48:52.456Z [info]: GET /api/reviews/book/686fa492dca21dadb9ba8ddf
2025-07-11T07:49:03.094Z [info]: GET /api/reviews/book/686fa492dca21dadb9ba8e00
2025-07-11T07:49:06.675Z [info]: GET /api/reviews/book/686fa492dca21dadb9ba8e00
2025-07-11T07:49:12.510Z [info]: POST /api/reviews
2025-07-11T07:49:12.611Z [info]: Review created: 6870c1f8fd11d19ba8a0b139
2025-07-11T07:49:12.617Z [info]: GET /api/reviews/book/686fa492dca21dadb9ba8e00
2025-07-11T07:49:16.409Z [info]: GET /api/reviews/book/686fa492dca21dadb9ba8e00
2025-07-11T07:49:19.925Z [info]: GET /api/reviews/book/686fa492dca21dadb9ba8e00
2025-07-11T07:49:55.827Z [info]: GET /api/reviews/book/686fa492dca21dadb9ba8e00
2025-07-11T07:49:55.830Z [info]: GET /api/reviews/book/686fa492dca21dadb9ba8ddf
2025-07-11T07:49:55.833Z [info]: GET /api/reviews/book/686fa492dca21dadb9ba8dd0
2025-07-11T07:49:55.835Z [info]: GET /api/reviews/book/686fa492dca21dadb9ba8dc1
2025-07-11T07:49:55.844Z [info]: GET /api/reviews/book/686fa492dca21dadb9ba8e08
2025-07-11T07:49:55.848Z [info]: GET /api/reviews/book/686fa492dca21dadb9ba8dfa
2025-07-11T07:49:55.852Z [info]: GET /api/reviews/book/686fa492dca21dadb9ba8dac
2025-07-11T07:49:55.856Z [info]: GET /api/reviews/book/686fa492dca21dadb9ba8db9
2025-07-11T07:49:55.861Z [info]: GET /api/reviews/book/686fa492dca21dadb9ba8e03
2025-07-11T07:49:55.869Z [info]: GET /api/reviews/book/686fa492dca21dadb9ba8dbf
2025-07-11T07:49:55.877Z [info]: GET /api/reviews/book/686fa492dca21dadb9ba8de0
2025-07-11T07:49:55.881Z [info]: GET /api/reviews/book/686fa492dca21dadb9ba8dda
2025-07-11T07:49:55.889Z [info]: GET /api/reviews/book/686fa492dca21dadb9ba8dbb
2025-07-11T07:49:55.892Z [info]: GET /api/reviews/book/686fa492dca21dadb9ba8dc3
2025-07-11T07:49:55.896Z [info]: GET /api/reviews/book/686fa492dca21dadb9ba8e0b
2025-07-11T07:50:30.404Z [info]: GET /api/reviews/book/686fa492dca21dadb9ba8e00
2025-07-11T07:50:33.745Z [info]: POST /api/reviews
2025-07-11T07:50:33.768Z [info]: Review created: 6870c249fd11d19ba8a0b14e
2025-07-11T07:50:33.775Z [info]: GET /api/reviews/book/686fa492dca21dadb9ba8e00
2025-07-11T07:50:38.492Z [info]: GET /api/reviews/book/686fa492dca21dadb9ba8ddf
2025-07-11T07:50:38.496Z [info]: GET /api/reviews/book/686fa492dca21dadb9ba8e00
2025-07-11T07:50:38.499Z [info]: GET /api/reviews/book/686fa492dca21dadb9ba8dd0
2025-07-11T07:50:38.501Z [info]: GET /api/reviews/book/686fa492dca21dadb9ba8dc1
2025-07-11T07:50:38.503Z [info]: GET /api/reviews/book/686fa492dca21dadb9ba8e08
2025-07-11T07:50:38.514Z [info]: GET /api/reviews/book/686fa492dca21dadb9ba8dfa
2025-07-11T07:50:38.518Z [info]: GET /api/reviews/book/686fa492dca21dadb9ba8dac
2025-07-11T07:50:38.521Z [info]: GET /api/reviews/book/686fa492dca21dadb9ba8db9
2025-07-11T07:50:38.522Z [info]: GET /api/reviews/book/686fa492dca21dadb9ba8e03
2025-07-11T07:50:38.526Z [info]: GET /api/reviews/book/686fa492dca21dadb9ba8dbf
2025-07-11T07:50:38.530Z [info]: GET /api/reviews/book/686fa492dca21dadb9ba8de0
2025-07-11T07:50:38.544Z [info]: GET /api/reviews/book/686fa492dca21dadb9ba8dda
2025-07-11T07:50:38.549Z [info]: GET /api/reviews/book/686fa492dca21dadb9ba8dbb
2025-07-11T07:50:38.553Z [info]: GET /api/reviews/book/686fa492dca21dadb9ba8dc3
2025-07-11T07:50:38.557Z [info]: GET /api/reviews/book/686fa492dca21dadb9ba8e0b
2025-07-11T07:51:42.294Z [info]: GET /api/reviews/book/686fa492dca21dadb9ba8e00
2025-07-11T07:51:57.224Z [info]: POST /api/reviews
2025-07-11T07:51:57.244Z [info]: Review created: 6870c29dfd11d19ba8a0b161
2025-07-11T07:51:57.250Z [info]: GET /api/reviews/book/686fa492dca21dadb9ba8e00
2025-07-11T07:52:32.880Z [info]: GET /api/reviews/book/686fa492dca21dadb9ba8e00
2025-07-11T07:52:32.889Z [info]: GET /api/reviews/book/686fa492dca21dadb9ba8ddf
2025-07-11T07:52:32.894Z [info]: GET /api/reviews/book/686fa492dca21dadb9ba8dd0
2025-07-11T07:52:32.896Z [info]: GET /api/reviews/book/686fa492dca21dadb9ba8dc1
2025-07-11T07:52:32.899Z [info]: GET /api/reviews/book/686fa492dca21dadb9ba8e08
2025-07-11T07:52:32.903Z [info]: GET /api/reviews/book/686fa492dca21dadb9ba8dfa
2025-07-11T07:52:32.907Z [info]: GET /api/reviews/book/686fa492dca21dadb9ba8dac
2025-07-11T07:52:32.924Z [info]: GET /api/reviews/book/686fa492dca21dadb9ba8db9
2025-07-11T07:52:32.929Z [info]: GET /api/reviews/book/686fa492dca21dadb9ba8e03
2025-07-11T07:52:32.932Z [info]: GET /api/reviews/book/686fa492dca21dadb9ba8dbf
2025-07-11T07:52:32.936Z [info]: GET /api/reviews/book/686fa492dca21dadb9ba8de0
2025-07-11T07:52:32.940Z [info]: GET /api/reviews/book/686fa492dca21dadb9ba8dda
2025-07-11T07:52:32.944Z [info]: GET /api/reviews/book/686fa492dca21dadb9ba8dbb
2025-07-11T07:52:32.960Z [info]: GET /api/reviews/book/686fa492dca21dadb9ba8dc3
2025-07-11T07:52:32.964Z [info]: GET /api/reviews/book/686fa492dca21dadb9ba8e0b
2025-07-11T07:53:28.015Z [info]: GET /api/reviews/book/686fa492dca21dadb9ba8e00
2025-07-11T07:53:31.293Z [info]: POST /api/reviews
2025-07-11T07:54:33.651Z [info]: POST /api/reviews
2025-07-11T07:54:37.300Z [info]: GET /api/reviews/book/1
2025-07-11T07:54:37.315Z [error]: Error fetching reviews:
2025-07-11T07:54:37.318Z [info]: GET /api/reviews/book/2
2025-07-11T07:54:37.320Z [error]: Error fetching reviews:
2025-07-11T07:54:37.324Z [info]: GET /api/reviews/book/3
2025-07-11T07:54:37.328Z [error]: Error fetching reviews:
2025-07-11T07:54:37.330Z [info]: GET /api/reviews/book/4
2025-07-11T07:54:37.332Z [error]: Error fetching reviews:
2025-07-11T07:54:37.849Z [info]: GET /api/reviews/book/686fa492dca21dadb9ba8da9
2025-07-11T07:54:37.854Z [info]: GET /api/reviews/book/686fa492dca21dadb9ba8daa
2025-07-11T07:54:37.858Z [info]: GET /api/reviews/book/686fa492dca21dadb9ba8dab
2025-07-11T07:54:37.865Z [info]: GET /api/reviews/book/686fa492dca21dadb9ba8daf
2025-07-11T07:54:37.876Z [info]: GET /api/reviews/book/686fa492dca21dadb9ba8db0
2025-07-11T07:54:37.884Z [info]: GET /api/reviews/book/686fa492dca21dadb9ba8db2
2025-07-11T07:54:37.887Z [info]: GET /api/reviews/book/686fa492dca21dadb9ba8db3
2025-07-11T07:54:37.889Z [info]: GET /api/reviews/book/686fa492dca21dadb9ba8dac
2025-07-11T07:54:37.893Z [info]: GET /api/reviews/book/686fa492dca21dadb9ba8db6
2025-07-11T07:54:37.895Z [info]: GET /api/reviews/book/686fa492dca21dadb9ba8db7
2025-07-11T07:54:37.898Z [info]: GET /api/reviews/book/686fa492dca21dadb9ba8db8
2025-07-11T07:54:37.915Z [info]: GET /api/reviews/book/686fa492dca21dadb9ba8db9
2025-07-11T07:54:37.917Z [info]: GET /api/reviews/book/686fa492dca21dadb9ba8dba
2025-07-11T07:54:37.919Z [info]: GET /api/reviews/book/686fa492dca21dadb9ba8dad
2025-07-11T07:54:37.922Z [info]: GET /api/reviews/book/686fa492dca21dadb9ba8dbb
2025-07-11T07:54:37.924Z [info]: GET /api/reviews/book/686fa492dca21dadb9ba8dbc
2025-07-11T07:54:37.926Z [info]: GET /api/reviews/book/686fa492dca21dadb9ba8dae
2025-07-11T07:54:37.934Z [info]: GET /api/reviews/book/686fa492dca21dadb9ba8db1
2025-07-11T07:54:37.937Z [info]: GET /api/reviews/book/686fa492dca21dadb9ba8dbd
2025-07-11T07:54:37.938Z [info]: GET /api/reviews/book/686fa492dca21dadb9ba8dbe
2025-07-11T07:54:37.940Z [info]: GET /api/reviews/book/686fa492dca21dadb9ba8dbf
2025-07-11T07:54:37.942Z [info]: GET /api/reviews/book/686fa492dca21dadb9ba8dc0
2025-07-11T07:54:37.944Z [info]: GET /api/reviews/book/686fa492dca21dadb9ba8dc1
2025-07-11T07:54:37.956Z [info]: GET /api/reviews/book/686fa492dca21dadb9ba8dc2
2025-07-11T07:54:37.959Z [info]: GET /api/reviews/book/686fa492dca21dadb9ba8dc3
2025-07-11T07:54:37.961Z [info]: GET /api/reviews/book/686fa492dca21dadb9ba8dc4
2025-07-11T07:54:37.963Z [info]: GET /api/reviews/book/686fa492dca21dadb9ba8dc5
2025-07-11T07:54:37.964Z [info]: GET /api/reviews/book/686fa492dca21dadb9ba8dc6
2025-07-11T07:54:37.967Z [info]: GET /api/reviews/book/686fa492dca21dadb9ba8dc9
2025-07-11T07:54:37.976Z [info]: GET /api/reviews/book/686fa492dca21dadb9ba8dc7
2025-07-11T07:54:37.982Z [info]: GET /api/reviews/book/686fa492dca21dadb9ba8dc8
2025-07-11T07:54:37.985Z [info]: GET /api/reviews/book/686fa492dca21dadb9ba8dca
2025-07-11T07:54:37.988Z [info]: GET /api/reviews/book/686fa492dca21dadb9ba8dcb
2025-07-11T07:54:37.999Z [info]: GET /api/reviews/book/686fa492dca21dadb9ba8dcc
2025-07-11T07:54:38.002Z [info]: GET /api/reviews/book/686fa492dca21dadb9ba8dcd
2025-07-11T07:54:38.017Z [info]: GET /api/reviews/book/686fa492dca21dadb9ba8dce
2025-07-11T07:54:38.021Z [info]: GET /api/reviews/book/686fa492dca21dadb9ba8dcf
2025-07-11T07:54:38.023Z [info]: GET /api/reviews/book/686fa492dca21dadb9ba8dd0
2025-07-11T07:54:38.029Z [info]: GET /api/reviews/book/686fa492dca21dadb9ba8dd2
2025-07-11T07:54:38.035Z [info]: GET /api/reviews/book/686fa492dca21dadb9ba8dd3
2025-07-11T07:54:38.040Z [info]: GET /api/reviews/book/686fa492dca21dadb9ba8dd4
2025-07-11T07:54:38.060Z [info]: GET /api/reviews/book/686fa492dca21dadb9ba8dd5
2025-07-11T07:54:38.073Z [info]: GET /api/reviews/book/686fa492dca21dadb9ba8dd1
2025-07-11T07:54:38.076Z [info]: GET /api/reviews/book/686fa492dca21dadb9ba8dd6
2025-07-11T07:54:38.078Z [info]: GET /api/reviews/book/686fa492dca21dadb9ba8dd7
2025-07-11T07:54:38.081Z [info]: GET /api/reviews/book/686fa492dca21dadb9ba8dd8
2025-07-11T07:54:38.085Z [info]: GET /api/reviews/book/686fa492dca21dadb9ba8dd9
2025-07-11T07:54:38.095Z [info]: GET /api/reviews/book/686fa492dca21dadb9ba8dda
2025-07-11T07:54:38.097Z [info]: GET /api/reviews/book/686fa492dca21dadb9ba8ddb
2025-07-11T07:54:38.100Z [info]: GET /api/reviews/book/686fa492dca21dadb9ba8ddc
2025-07-11T07:54:38.103Z [info]: GET /api/reviews/book/686fa492dca21dadb9ba8ddd
2025-07-11T07:54:38.106Z [info]: GET /api/reviews/book/686fa492dca21dadb9ba8dde
2025-07-11T07:54:38.109Z [info]: GET /api/reviews/book/686fa492dca21dadb9ba8ddf
2025-07-11T07:54:38.124Z [info]: GET /api/reviews/book/686fa492dca21dadb9ba8de0
2025-07-11T07:54:38.129Z [info]: GET /api/reviews/book/686fa492dca21dadb9ba8db5
2025-07-11T07:54:38.133Z [info]: GET /api/reviews/book/686fa492dca21dadb9ba8db4
2025-07-11T07:54:38.135Z [info]: GET /api/reviews/book/686fa492dca21dadb9ba8de3
2025-07-11T07:54:38.137Z [info]: GET /api/reviews/book/686fa492dca21dadb9ba8de4
2025-07-11T07:54:38.140Z [info]: GET /api/reviews/book/686fa492dca21dadb9ba8de5
2025-07-11T07:54:38.154Z [info]: GET /api/reviews/book/686fa492dca21dadb9ba8de6
2025-07-11T07:54:38.158Z [info]: GET /api/reviews/book/686fa492dca21dadb9ba8de7
2025-07-11T07:54:38.162Z [info]: GET /api/reviews/book/686fa492dca21dadb9ba8de8
2025-07-11T07:54:38.166Z [info]: GET /api/reviews/book/686fa492dca21dadb9ba8de9
2025-07-11T07:54:38.169Z [info]: GET /api/reviews/book/686fa492dca21dadb9ba8dea
2025-07-11T07:54:38.172Z [info]: GET /api/reviews/book/686fa492dca21dadb9ba8deb
2025-07-11T07:54:38.193Z [info]: GET /api/reviews/book/686fa492dca21dadb9ba8dec
2025-07-11T07:54:38.198Z [info]: GET /api/reviews/book/686fa492dca21dadb9ba8ded
2025-07-11T07:54:38.202Z [info]: GET /api/reviews/book/686fa492dca21dadb9ba8dee
2025-07-11T07:54:38.204Z [info]: GET /api/reviews/book/686fa492dca21dadb9ba8def
2025-07-11T07:54:38.209Z [info]: GET /api/reviews/book/686fa492dca21dadb9ba8df0
2025-07-11T07:54:38.213Z [info]: GET /api/reviews/book/686fa492dca21dadb9ba8df1
2025-07-11T07:54:38.231Z [info]: GET /api/reviews/book/686fa492dca21dadb9ba8df2
2025-07-11T07:54:38.235Z [info]: GET /api/reviews/book/686fa492dca21dadb9ba8df3
2025-07-11T07:54:38.238Z [info]: GET /api/reviews/book/686fa492dca21dadb9ba8df4
2025-07-11T07:54:38.241Z [info]: GET /api/reviews/book/686fa492dca21dadb9ba8df5
2025-07-11T07:54:38.249Z [info]: GET /api/reviews/book/686fa492dca21dadb9ba8df6
2025-07-11T07:54:38.252Z [info]: GET /api/reviews/book/686fa492dca21dadb9ba8df7
2025-07-11T07:54:38.271Z [info]: GET /api/reviews/book/686fa492dca21dadb9ba8df8
2025-07-11T07:54:38.276Z [info]: GET /api/reviews/book/686fa492dca21dadb9ba8df9
2025-07-11T07:54:38.279Z [info]: GET /api/reviews/book/686fa492dca21dadb9ba8dfa
2025-07-11T07:54:38.281Z [info]: GET /api/reviews/book/686fa492dca21dadb9ba8dfb
2025-07-11T07:54:38.283Z [info]: GET /api/reviews/book/686fa492dca21dadb9ba8dfc
2025-07-11T07:54:38.286Z [info]: GET /api/reviews/book/686fa492dca21dadb9ba8dfe
2025-07-11T07:54:38.303Z [info]: GET /api/reviews/book/686fa492dca21dadb9ba8dff
2025-07-11T07:54:38.315Z [info]: GET /api/reviews/book/686fa492dca21dadb9ba8e00
2025-07-11T07:54:38.317Z [info]: GET /api/reviews/book/686fa492dca21dadb9ba8e01
2025-07-11T07:54:38.319Z [info]: GET /api/reviews/book/686fa492dca21dadb9ba8e02
2025-07-11T07:54:38.320Z [info]: GET /api/reviews/book/686fa492dca21dadb9ba8e03
2025-07-11T07:54:38.322Z [info]: GET /api/reviews/book/686fa492dca21dadb9ba8dfd
2025-07-11T07:54:38.334Z [info]: GET /api/reviews/book/686fa492dca21dadb9ba8e04
2025-07-11T07:54:38.337Z [info]: GET /api/reviews/book/686fa492dca21dadb9ba8e05
2025-07-11T07:54:38.339Z [info]: GET /api/reviews/book/686fa492dca21dadb9ba8e06
2025-07-11T07:54:38.342Z [info]: GET /api/reviews/book/686fa492dca21dadb9ba8e07
2025-07-11T07:54:38.344Z [info]: GET /api/reviews/book/686fa492dca21dadb9ba8e08
2025-07-11T07:54:38.347Z [info]: GET /api/reviews/book/686fa492dca21dadb9ba8e09
2025-07-11T07:54:38.356Z [info]: GET /api/reviews/book/686fa492dca21dadb9ba8e0a
2025-07-11T07:54:38.360Z [info]: GET /api/reviews/book/686fa492dca21dadb9ba8e0b
2025-07-11T07:54:38.362Z [info]: GET /api/reviews/book/686fa492dca21dadb9ba8e0c
2025-07-11T07:54:38.365Z [info]: GET /api/reviews/book/686fa492dca21dadb9ba8de2
2025-07-11T07:54:38.367Z [info]: GET /api/reviews/book/686fa492dca21dadb9ba8de1
2025-07-11T07:56:22.437Z [info]: GET /api/reviews/book/1
2025-07-11T07:56:22.438Z [error]: Error fetching reviews:
2025-07-11T07:56:22.441Z [info]: GET /api/reviews/book/2
2025-07-11T07:56:22.443Z [error]: Error fetching reviews:
2025-07-11T07:56:22.447Z [info]: GET /api/reviews/book/3
2025-07-11T07:56:22.449Z [error]: Error fetching reviews:
2025-07-11T07:56:22.452Z [info]: GET /api/reviews/book/4
2025-07-11T07:56:22.455Z [error]: Error fetching reviews:
2025-07-11T07:56:22.819Z [info]: GET /api/reviews/book/686fa492dca21dadb9ba8da9
2025-07-11T07:56:22.824Z [info]: GET /api/reviews/book/686fa492dca21dadb9ba8daa
2025-07-11T07:56:22.828Z [info]: GET /api/reviews/book/686fa492dca21dadb9ba8dab
2025-07-11T07:56:22.834Z [info]: GET /api/reviews/book/686fa492dca21dadb9ba8daf
2025-07-11T07:56:22.841Z [info]: GET /api/reviews/book/686fa492dca21dadb9ba8db0
2025-07-11T07:56:22.845Z [info]: GET /api/reviews/book/686fa492dca21dadb9ba8db2
2025-07-11T07:56:22.854Z [info]: GET /api/reviews/book/686fa492dca21dadb9ba8db3
2025-07-11T07:56:22.857Z [info]: GET /api/reviews/book/686fa492dca21dadb9ba8dac
2025-07-11T07:56:22.861Z [info]: GET /api/reviews/book/686fa492dca21dadb9ba8db6
2025-07-11T07:56:22.867Z [info]: GET /api/reviews/book/686fa492dca21dadb9ba8db7
2025-07-11T07:56:22.881Z [info]: GET /api/reviews/book/686fa492dca21dadb9ba8db8
2025-07-11T07:56:22.888Z [info]: GET /api/reviews/book/686fa492dca21dadb9ba8db9
2025-07-11T07:56:22.897Z [info]: GET /api/reviews/book/686fa492dca21dadb9ba8dba
2025-07-11T07:56:22.900Z [info]: GET /api/reviews/book/686fa492dca21dadb9ba8dad
2025-07-11T07:56:22.902Z [info]: GET /api/reviews/book/686fa492dca21dadb9ba8dbb
2025-07-11T07:56:22.906Z [info]: GET /api/reviews/book/686fa492dca21dadb9ba8dbc
2025-07-11T07:56:22.909Z [info]: GET /api/reviews/book/686fa492dca21dadb9ba8dae
2025-07-11T07:56:22.918Z [info]: GET /api/reviews/book/686fa492dca21dadb9ba8db1
2025-07-11T07:56:22.924Z [info]: GET /api/reviews/book/686fa492dca21dadb9ba8dbd
2025-07-11T07:56:22.926Z [info]: GET /api/reviews/book/686fa492dca21dadb9ba8dbe
2025-07-11T07:56:22.932Z [info]: GET /api/reviews/book/686fa492dca21dadb9ba8dbf
2025-07-11T07:56:22.936Z [info]: GET /api/reviews/book/686fa492dca21dadb9ba8dc0
2025-07-11T07:56:22.939Z [info]: GET /api/reviews/book/686fa492dca21dadb9ba8dc1
2025-07-11T07:56:22.948Z [info]: GET /api/reviews/book/686fa492dca21dadb9ba8dc3
2025-07-11T07:56:22.954Z [info]: GET /api/reviews/book/686fa492dca21dadb9ba8dc4
2025-07-11T07:56:22.958Z [info]: GET /api/reviews/book/686fa492dca21dadb9ba8dc5
2025-07-11T07:56:22.963Z [info]: GET /api/reviews/book/686fa492dca21dadb9ba8dc2
2025-07-11T07:56:22.968Z [info]: GET /api/reviews/book/686fa492dca21dadb9ba8dc6
2025-07-11T07:56:22.972Z [info]: GET /api/reviews/book/686fa492dca21dadb9ba8dc7
2025-07-11T07:56:22.980Z [info]: GET /api/reviews/book/686fa492dca21dadb9ba8dc8
2025-07-11T07:56:22.988Z [info]: GET /api/reviews/book/686fa492dca21dadb9ba8dc9
2025-07-11T07:56:22.991Z [info]: GET /api/reviews/book/686fa492dca21dadb9ba8dca
2025-07-11T07:56:22.993Z [info]: GET /api/reviews/book/686fa492dca21dadb9ba8dcb
2025-07-11T07:56:22.996Z [info]: GET /api/reviews/book/686fa492dca21dadb9ba8dcc
2025-07-11T07:56:22.998Z [info]: GET /api/reviews/book/686fa492dca21dadb9ba8dcd
2025-07-11T07:56:23.003Z [info]: GET /api/reviews/book/686fa492dca21dadb9ba8dce
2025-07-11T07:56:23.014Z [info]: GET /api/reviews/book/686fa492dca21dadb9ba8dcf
2025-07-11T07:56:23.018Z [info]: GET /api/reviews/book/686fa492dca21dadb9ba8dd0
2025-07-11T07:56:23.020Z [info]: GET /api/reviews/book/686fa492dca21dadb9ba8dd1
2025-07-11T07:56:23.023Z [info]: GET /api/reviews/book/686fa492dca21dadb9ba8dd2
2025-07-11T07:56:23.027Z [info]: GET /api/reviews/book/686fa492dca21dadb9ba8dd3
2025-07-11T07:56:23.041Z [info]: GET /api/reviews/book/686fa492dca21dadb9ba8dd4
2025-07-11T07:56:23.050Z [info]: GET /api/reviews/book/686fa492dca21dadb9ba8dd6
2025-07-11T07:56:23.054Z [info]: GET /api/reviews/book/686fa492dca21dadb9ba8dd8
2025-07-11T07:56:23.057Z [info]: GET /api/reviews/book/686fa492dca21dadb9ba8dd9
2025-07-11T07:56:23.060Z [info]: GET /api/reviews/book/686fa492dca21dadb9ba8dd5
2025-07-11T07:56:23.064Z [info]: GET /api/reviews/book/686fa492dca21dadb9ba8dda
2025-07-11T07:56:23.072Z [info]: GET /api/reviews/book/686fa492dca21dadb9ba8dd7
2025-07-11T07:56:23.077Z [info]: GET /api/reviews/book/686fa492dca21dadb9ba8ddb
2025-07-11T07:56:23.080Z [info]: GET /api/reviews/book/686fa492dca21dadb9ba8ddc
2025-07-11T07:56:23.082Z [info]: GET /api/reviews/book/686fa492dca21dadb9ba8ddd
2025-07-11T07:56:23.086Z [info]: GET /api/reviews/book/686fa492dca21dadb9ba8dde
2025-07-11T07:56:23.090Z [info]: GET /api/reviews/book/686fa492dca21dadb9ba8ddf
2025-07-11T07:56:23.094Z [info]: GET /api/reviews/book/686fa492dca21dadb9ba8de0
2025-07-11T07:56:23.099Z [info]: GET /api/reviews/book/686fa492dca21dadb9ba8db5
2025-07-11T07:56:23.102Z [info]: GET /api/reviews/book/686fa492dca21dadb9ba8db4
2025-07-11T07:56:23.103Z [info]: GET /api/reviews/book/686fa492dca21dadb9ba8de3
2025-07-11T07:56:23.106Z [info]: GET /api/reviews/book/686fa492dca21dadb9ba8de4
2025-07-11T07:56:23.108Z [info]: GET /api/reviews/book/686fa492dca21dadb9ba8de5
2025-07-11T07:56:23.113Z [info]: GET /api/reviews/book/686fa492dca21dadb9ba8de6
2025-07-11T07:56:23.120Z [info]: GET /api/reviews/book/686fa492dca21dadb9ba8de7
2025-07-11T07:56:23.123Z [info]: GET /api/reviews/book/686fa492dca21dadb9ba8de8
2025-07-11T07:56:23.131Z [info]: GET /api/reviews/book/686fa492dca21dadb9ba8de9
2025-07-11T07:56:23.136Z [info]: GET /api/reviews/book/686fa492dca21dadb9ba8dea
2025-07-11T07:56:23.139Z [info]: GET /api/reviews/book/686fa492dca21dadb9ba8deb
2025-07-11T07:56:23.157Z [info]: GET /api/reviews/book/686fa492dca21dadb9ba8dec
2025-07-11T07:56:23.167Z [info]: GET /api/reviews/book/686fa492dca21dadb9ba8ded
2025-07-11T07:56:23.169Z [info]: GET /api/reviews/book/686fa492dca21dadb9ba8dee
2025-07-11T07:56:23.170Z [info]: GET /api/reviews/book/686fa492dca21dadb9ba8def
2025-07-11T07:56:23.173Z [info]: GET /api/reviews/book/686fa492dca21dadb9ba8df0
2025-07-11T07:56:23.174Z [info]: GET /api/reviews/book/686fa492dca21dadb9ba8df1
2025-07-11T07:56:23.180Z [info]: GET /api/reviews/book/686fa492dca21dadb9ba8df2
2025-07-11T07:56:23.186Z [info]: GET /api/reviews/book/686fa492dca21dadb9ba8df3
2025-07-11T07:56:23.189Z [info]: GET /api/reviews/book/686fa492dca21dadb9ba8df4
2025-07-11T07:56:23.191Z [info]: GET /api/reviews/book/686fa492dca21dadb9ba8df5
2025-07-11T07:56:23.195Z [info]: GET /api/reviews/book/686fa492dca21dadb9ba8df6
2025-07-11T07:56:23.198Z [info]: GET /api/reviews/book/686fa492dca21dadb9ba8df7
2025-07-11T07:56:23.202Z [info]: GET /api/reviews/book/686fa492dca21dadb9ba8df8
2025-07-11T07:56:23.207Z [info]: GET /api/reviews/book/686fa492dca21dadb9ba8df9
2025-07-11T07:56:23.209Z [info]: GET /api/reviews/book/686fa492dca21dadb9ba8dfa
2025-07-11T07:56:23.210Z [info]: GET /api/reviews/book/686fa492dca21dadb9ba8dfb
2025-07-11T07:56:23.214Z [info]: GET /api/reviews/book/686fa492dca21dadb9ba8dfc
2025-07-11T07:56:23.216Z [info]: GET /api/reviews/book/686fa492dca21dadb9ba8dfd
2025-07-11T07:56:23.223Z [info]: GET /api/reviews/book/686fa492dca21dadb9ba8dfe
2025-07-11T07:56:23.231Z [info]: GET /api/reviews/book/686fa492dca21dadb9ba8dff
2025-07-11T07:56:23.233Z [info]: GET /api/reviews/book/686fa492dca21dadb9ba8e00
2025-07-11T07:56:23.235Z [info]: GET /api/reviews/book/686fa492dca21dadb9ba8e02
2025-07-11T07:56:23.237Z [info]: GET /api/reviews/book/686fa492dca21dadb9ba8e03
2025-07-11T07:56:23.240Z [info]: GET /api/reviews/book/686fa492dca21dadb9ba8e04
2025-07-11T07:56:23.250Z [info]: GET /api/reviews/book/686fa492dca21dadb9ba8e05
2025-07-11T07:56:23.255Z [info]: GET /api/reviews/book/686fa492dca21dadb9ba8e06
2025-07-11T07:56:23.266Z [info]: GET /api/reviews/book/686fa492dca21dadb9ba8e07
2025-07-11T07:56:23.268Z [info]: GET /api/reviews/book/686fa492dca21dadb9ba8e08
2025-07-11T07:56:23.271Z [info]: GET /api/reviews/book/686fa492dca21dadb9ba8e09
2025-07-11T07:56:23.275Z [info]: GET /api/reviews/book/686fa492dca21dadb9ba8e01
2025-07-11T07:56:23.282Z [info]: GET /api/reviews/book/686fa492dca21dadb9ba8e0a
2025-07-11T07:56:23.286Z [info]: GET /api/reviews/book/686fa492dca21dadb9ba8e0b
2025-07-11T07:56:23.288Z [info]: GET /api/reviews/book/686fa492dca21dadb9ba8e0c
2025-07-11T07:56:23.289Z [info]: GET /api/reviews/book/686fa492dca21dadb9ba8de1
2025-07-11T07:56:23.292Z [info]: GET /api/reviews/book/686fa492dca21dadb9ba8de2
2025-07-11T07:58:35.715Z [info]: GET /api/reviews/book/3
2025-07-11T07:58:35.732Z [error]: Error fetching reviews:
2025-07-11T08:00:59.573Z [info]: GET /api/reviews/book/2
2025-07-11T08:00:59.576Z [error]: Error fetching reviews:
2025-07-11T08:01:50.240Z [info]: GET /api/reviews/book/686fa492dca21dadb9ba8e00
2025-07-11T08:01:50.287Z [info]: GET /api/reviews/book/686fa492dca21dadb9ba8ddf
2025-07-11T08:01:50.297Z [info]: GET /api/reviews/book/686fa492dca21dadb9ba8dd0
2025-07-11T08:01:50.305Z [info]: GET /api/reviews/book/686fa492dca21dadb9ba8dc1
2025-07-11T08:01:50.309Z [info]: GET /api/reviews/book/686fa492dca21dadb9ba8e08
2025-07-11T08:01:50.318Z [info]: GET /api/reviews/book/686fa492dca21dadb9ba8dfa
2025-07-11T08:01:50.714Z [info]: GET /api/reviews/book/686fa492dca21dadb9ba8dac
2025-07-11T08:01:50.738Z [info]: GET /api/reviews/book/686fa492dca21dadb9ba8db9
2025-07-11T08:01:50.752Z [info]: GET /api/reviews/book/686fa492dca21dadb9ba8e03
2025-07-11T08:01:50.766Z [info]: GET /api/reviews/book/686fa492dca21dadb9ba8dbf
2025-07-11T08:01:50.778Z [info]: GET /api/reviews/book/686fa492dca21dadb9ba8de0
2025-07-11T08:01:50.839Z [info]: GET /api/reviews/book/686fa492dca21dadb9ba8dda
2025-07-11T08:01:50.905Z [info]: GET /api/reviews/book/686fa492dca21dadb9ba8dbb
2025-07-11T08:01:50.916Z [info]: GET /api/reviews/book/686fa492dca21dadb9ba8dc3
2025-07-11T08:01:50.930Z [info]: GET /api/reviews/book/686fa492dca21dadb9ba8e0b
2025-07-11T08:01:52.212Z [info]: GET /api/reviews/book/686fa492dca21dadb9ba8db9
2025-07-11T08:02:05.209Z [info]: GET /api/reviews/book/686fa492dca21dadb9ba8db9
2025-07-11T08:03:07.340Z [info]: GET /api/reviews/book/686fa492dca21dadb9ba8e03
2025-07-11T08:03:11.303Z [info]: GET /api/reviews/book/1
2025-07-11T08:03:11.306Z [error]: Error fetching reviews:
2025-07-11T08:03:11.308Z [info]: GET /api/reviews/book/2
2025-07-11T08:03:11.310Z [error]: Error fetching reviews:
2025-07-11T08:03:11.314Z [info]: GET /api/reviews/book/3
2025-07-11T08:03:11.320Z [error]: Error fetching reviews:
2025-07-11T08:03:11.322Z [info]: GET /api/reviews/book/4
2025-07-11T08:03:11.324Z [error]: Error fetching reviews:
2025-07-11T08:03:11.828Z [info]: GET /api/reviews/book/686fa492dca21dadb9ba8da9
2025-07-11T08:03:11.831Z [info]: GET /api/reviews/book/686fa492dca21dadb9ba8daa
2025-07-11T08:03:11.833Z [info]: GET /api/reviews/book/686fa492dca21dadb9ba8dab
2025-07-11T08:03:11.837Z [info]: GET /api/reviews/book/686fa492dca21dadb9ba8daf
2025-07-11T08:03:11.843Z [info]: GET /api/reviews/book/686fa492dca21dadb9ba8db2
2025-07-11T08:03:11.846Z [info]: GET /api/reviews/book/686fa492dca21dadb9ba8db0
2025-07-11T08:03:11.853Z [info]: GET /api/reviews/book/686fa492dca21dadb9ba8db3
2025-07-11T08:03:11.856Z [info]: GET /api/reviews/book/686fa492dca21dadb9ba8dac
2025-07-11T08:03:11.861Z [info]: GET /api/reviews/book/686fa492dca21dadb9ba8db6
2025-07-11T08:03:11.870Z [info]: GET /api/reviews/book/686fa492dca21dadb9ba8db7
2025-07-11T08:03:11.874Z [info]: GET /api/reviews/book/686fa492dca21dadb9ba8db8
2025-07-11T08:03:11.879Z [info]: GET /api/reviews/book/686fa492dca21dadb9ba8db9
2025-07-11T08:03:11.899Z [info]: GET /api/reviews/book/686fa492dca21dadb9ba8dba
2025-07-11T08:03:11.903Z [info]: GET /api/reviews/book/686fa492dca21dadb9ba8dad
2025-07-11T08:03:11.907Z [info]: GET /api/reviews/book/686fa492dca21dadb9ba8dbb
2025-07-11T08:03:11.918Z [info]: GET /api/reviews/book/686fa492dca21dadb9ba8dbc
2025-07-11T08:03:11.921Z [info]: GET /api/reviews/book/686fa492dca21dadb9ba8dae
2025-07-11T08:03:11.924Z [info]: GET /api/reviews/book/686fa492dca21dadb9ba8db1
2025-07-11T08:03:11.928Z [info]: GET /api/reviews/book/686fa492dca21dadb9ba8dbd
2025-07-11T08:03:11.930Z [info]: GET /api/reviews/book/686fa492dca21dadb9ba8dbe
2025-07-11T08:03:11.936Z [info]: GET /api/reviews/book/686fa492dca21dadb9ba8dbf
2025-07-11T08:03:11.950Z [info]: GET /api/reviews/book/686fa492dca21dadb9ba8dc0
2025-07-11T08:03:11.953Z [info]: GET /api/reviews/book/686fa492dca21dadb9ba8dc1
2025-07-11T08:03:11.957Z [info]: GET /api/reviews/book/686fa492dca21dadb9ba8dc2
2025-07-11T08:03:11.961Z [info]: GET /api/reviews/book/686fa492dca21dadb9ba8dc3
2025-07-11T08:03:11.965Z [info]: GET /api/reviews/book/686fa492dca21dadb9ba8dc4
2025-07-11T08:03:11.972Z [info]: GET /api/reviews/book/686fa492dca21dadb9ba8dc5
2025-07-11T08:03:11.981Z [info]: GET /api/reviews/book/686fa492dca21dadb9ba8dc6
2025-07-11T08:03:11.986Z [info]: GET /api/reviews/book/686fa492dca21dadb9ba8dc7
2025-07-11T08:03:11.991Z [info]: GET /api/reviews/book/686fa492dca21dadb9ba8dc8
2025-07-11T08:03:11.995Z [info]: GET /api/reviews/book/686fa492dca21dadb9ba8dc9
2025-07-11T08:03:11.998Z [info]: GET /api/reviews/book/686fa492dca21dadb9ba8dca
2025-07-11T08:03:12.004Z [info]: GET /api/reviews/book/686fa492dca21dadb9ba8dcb
2025-07-11T08:03:12.015Z [info]: GET /api/reviews/book/686fa492dca21dadb9ba8dcc
2025-07-11T08:03:12.021Z [info]: GET /api/reviews/book/686fa492dca21dadb9ba8dcd
2025-07-11T08:03:12.024Z [info]: GET /api/reviews/book/686fa492dca21dadb9ba8dce
2025-07-11T08:03:12.029Z [info]: GET /api/reviews/book/686fa492dca21dadb9ba8dcf
2025-07-11T08:03:12.033Z [info]: GET /api/reviews/book/686fa492dca21dadb9ba8dd0
2025-07-11T08:03:12.040Z [info]: GET /api/reviews/book/686fa492dca21dadb9ba8dd1
2025-07-11T08:03:12.050Z [info]: GET /api/reviews/book/686fa492dca21dadb9ba8dd2
2025-07-11T08:03:12.055Z [info]: GET /api/reviews/book/686fa492dca21dadb9ba8dd3
2025-07-11T08:03:12.059Z [info]: GET /api/reviews/book/686fa492dca21dadb9ba8dd4
2025-07-11T08:03:12.062Z [info]: GET /api/reviews/book/686fa492dca21dadb9ba8dd5
2025-07-11T08:03:12.070Z [info]: GET /api/reviews/book/686fa492dca21dadb9ba8dd6
2025-07-11T08:03:12.079Z [info]: GET /api/reviews/book/686fa492dca21dadb9ba8dd7
2025-07-11T08:03:12.088Z [info]: GET /api/reviews/book/686fa492dca21dadb9ba8dd8
2025-07-11T08:03:12.091Z [info]: GET /api/reviews/book/686fa492dca21dadb9ba8dd9
2025-07-11T08:03:12.096Z [info]: GET /api/reviews/book/686fa492dca21dadb9ba8dda
2025-07-11T08:03:12.101Z [info]: GET /api/reviews/book/686fa492dca21dadb9ba8ddb
2025-07-11T08:03:12.105Z [info]: GET /api/reviews/book/686fa492dca21dadb9ba8ddc
2025-07-11T08:03:12.113Z [info]: GET /api/reviews/book/686fa492dca21dadb9ba8ddd
2025-07-11T08:03:12.124Z [info]: GET /api/reviews/book/686fa492dca21dadb9ba8dde
2025-07-11T08:03:12.131Z [info]: GET /api/reviews/book/686fa492dca21dadb9ba8ddf
2025-07-11T08:03:12.140Z [info]: GET /api/reviews/book/686fa492dca21dadb9ba8de0
2025-07-11T08:03:12.143Z [info]: GET /api/reviews/book/686fa492dca21dadb9ba8db5
2025-07-11T08:03:12.148Z [info]: GET /api/reviews/book/686fa492dca21dadb9ba8db4
2025-07-11T08:03:12.157Z [info]: GET /api/reviews/book/686fa492dca21dadb9ba8de3
2025-07-11T08:03:12.202Z [info]: GET /api/reviews/book/686fa492dca21dadb9ba8de4
2025-07-11T08:03:12.207Z [info]: GET /api/reviews/book/686fa492dca21dadb9ba8de5
2025-07-11T08:03:12.211Z [info]: GET /api/reviews/book/686fa492dca21dadb9ba8de6
2025-07-11T08:03:12.221Z [info]: GET /api/reviews/book/686fa492dca21dadb9ba8de7
2025-07-11T08:03:12.228Z [info]: GET /api/reviews/book/686fa492dca21dadb9ba8de8
2025-07-11T08:03:12.250Z [info]: GET /api/reviews/book/686fa492dca21dadb9ba8de9
2025-07-11T08:03:12.259Z [info]: GET /api/reviews/book/686fa492dca21dadb9ba8dea
2025-07-11T08:03:12.264Z [info]: GET /api/reviews/book/686fa492dca21dadb9ba8deb
2025-07-11T08:03:12.266Z [info]: GET /api/reviews/book/686fa492dca21dadb9ba8dec
2025-07-11T08:03:12.270Z [info]: GET /api/reviews/book/686fa492dca21dadb9ba8ded
2025-07-11T08:03:12.273Z [info]: GET /api/reviews/book/686fa492dca21dadb9ba8dee
2025-07-11T08:03:12.296Z [info]: GET /api/reviews/book/686fa492dca21dadb9ba8def
2025-07-11T08:03:12.304Z [info]: GET /api/reviews/book/686fa492dca21dadb9ba8df0
2025-07-11T08:03:12.309Z [info]: GET /api/reviews/book/686fa492dca21dadb9ba8df1
2025-07-11T08:03:12.319Z [info]: GET /api/reviews/book/686fa492dca21dadb9ba8df2
2025-07-11T08:03:12.325Z [info]: GET /api/reviews/book/686fa492dca21dadb9ba8df3
2025-07-11T08:03:12.332Z [info]: GET /api/reviews/book/686fa492dca21dadb9ba8df4
2025-07-11T08:03:12.362Z [info]: GET /api/reviews/book/686fa492dca21dadb9ba8df5
2025-07-11T08:03:12.371Z [info]: GET /api/reviews/book/686fa492dca21dadb9ba8df6
2025-07-11T08:03:12.375Z [info]: GET /api/reviews/book/686fa492dca21dadb9ba8df7
2025-07-11T08:03:12.381Z [info]: GET /api/reviews/book/686fa492dca21dadb9ba8df8
2025-07-11T08:03:12.389Z [info]: GET /api/reviews/book/686fa492dca21dadb9ba8df9
2025-07-11T08:03:12.393Z [info]: GET /api/reviews/book/686fa492dca21dadb9ba8dfa
2025-07-11T08:03:12.404Z [info]: GET /api/reviews/book/686fa492dca21dadb9ba8dfb
2025-07-11T08:03:12.410Z [info]: GET /api/reviews/book/686fa492dca21dadb9ba8dfc
2025-07-11T08:03:12.420Z [info]: GET /api/reviews/book/686fa492dca21dadb9ba8dfd
2025-07-11T08:03:12.424Z [info]: GET /api/reviews/book/686fa492dca21dadb9ba8dfe
2025-07-11T08:03:12.430Z [info]: GET /api/reviews/book/686fa492dca21dadb9ba8dff
2025-07-11T08:03:12.446Z [info]: GET /api/reviews/book/686fa492dca21dadb9ba8e00
2025-07-11T08:03:12.457Z [info]: GET /api/reviews/book/686fa492dca21dadb9ba8e01
2025-07-11T08:03:12.465Z [info]: GET /api/reviews/book/686fa492dca21dadb9ba8e02
2025-07-11T08:03:12.478Z [info]: GET /api/reviews/book/686fa492dca21dadb9ba8e03
2025-07-11T08:03:12.483Z [info]: GET /api/reviews/book/686fa492dca21dadb9ba8e04
2025-07-11T08:03:12.489Z [info]: GET /api/reviews/book/686fa492dca21dadb9ba8e05
2025-07-11T08:03:12.495Z [info]: GET /api/reviews/book/686fa492dca21dadb9ba8e06
2025-07-11T08:03:12.509Z [info]: GET /api/reviews/book/686fa492dca21dadb9ba8e07
2025-07-11T08:03:12.520Z [info]: GET /api/reviews/book/686fa492dca21dadb9ba8e08
2025-07-11T08:03:12.526Z [info]: GET /api/reviews/book/686fa492dca21dadb9ba8e09
2025-07-11T08:03:12.531Z [info]: GET /api/reviews/book/686fa492dca21dadb9ba8e0a
2025-07-11T08:03:12.536Z [info]: GET /api/reviews/book/686fa492dca21dadb9ba8e0b
2025-07-11T08:03:12.543Z [info]: GET /api/reviews/book/686fa492dca21dadb9ba8e0c
2025-07-11T08:03:12.560Z [info]: GET /api/reviews/book/686fa492dca21dadb9ba8de1
2025-07-11T08:03:12.568Z [info]: GET /api/reviews/book/686fa492dca21dadb9ba8de2
2025-07-11T08:03:18.730Z [info]: GET /api/reviews/book/1
2025-07-11T08:03:18.732Z [error]: Error fetching reviews:
2025-07-11T08:03:18.737Z [info]: GET /api/reviews/book/2
2025-07-11T08:03:18.739Z [error]: Error fetching reviews:
2025-07-11T08:03:18.743Z [info]: GET /api/reviews/book/3
2025-07-11T08:03:18.744Z [error]: Error fetching reviews:
2025-07-11T08:03:18.747Z [info]: GET /api/reviews/book/4
2025-07-11T08:03:18.748Z [error]: Error fetching reviews:
2025-07-11T08:03:19.279Z [info]: GET /api/reviews/book/686fa492dca21dadb9ba8da9
2025-07-11T08:03:19.285Z [info]: GET /api/reviews/book/686fa492dca21dadb9ba8daa
2025-07-11T08:03:19.288Z [info]: GET /api/reviews/book/686fa492dca21dadb9ba8dab
2025-07-11T08:03:19.294Z [info]: GET /api/reviews/book/686fa492dca21dadb9ba8daf
2025-07-11T08:03:19.301Z [info]: GET /api/reviews/book/686fa492dca21dadb9ba8db0
2025-07-11T08:03:19.310Z [info]: GET /api/reviews/book/686fa492dca21dadb9ba8db2
2025-07-11T08:03:19.313Z [info]: GET /api/reviews/book/686fa492dca21dadb9ba8db3
2025-07-11T08:03:19.317Z [info]: GET /api/reviews/book/686fa492dca21dadb9ba8dac
2025-07-11T08:03:19.318Z [info]: GET /api/reviews/book/686fa492dca21dadb9ba8db6
2025-07-11T08:03:19.322Z [info]: GET /api/reviews/book/686fa492dca21dadb9ba8db7
2025-07-11T08:03:19.330Z [info]: GET /api/reviews/book/686fa492dca21dadb9ba8db8
2025-07-11T08:03:19.336Z [info]: GET /api/reviews/book/686fa492dca21dadb9ba8db9
2025-07-11T08:03:19.340Z [info]: GET /api/reviews/book/686fa492dca21dadb9ba8dba
2025-07-11T08:03:19.346Z [info]: GET /api/reviews/book/686fa492dca21dadb9ba8dad
2025-07-11T08:03:19.349Z [info]: GET /api/reviews/book/686fa492dca21dadb9ba8dbb
2025-07-11T08:03:19.351Z [info]: GET /api/reviews/book/686fa492dca21dadb9ba8dbc
2025-07-11T08:03:19.357Z [info]: GET /api/reviews/book/686fa492dca21dadb9ba8dae
2025-07-11T08:03:19.365Z [info]: GET /api/reviews/book/686fa492dca21dadb9ba8db1
2025-07-11T08:03:19.367Z [info]: GET /api/reviews/book/686fa492dca21dadb9ba8dbd
2025-07-11T08:03:19.371Z [info]: GET /api/reviews/book/686fa492dca21dadb9ba8dbe
2025-07-11T08:03:19.374Z [info]: GET /api/reviews/book/686fa492dca21dadb9ba8dbf
2025-07-11T08:03:19.377Z [info]: GET /api/reviews/book/686fa492dca21dadb9ba8dc0
2025-07-11T08:03:19.382Z [info]: GET /api/reviews/book/686fa492dca21dadb9ba8dc1
2025-07-11T08:03:19.391Z [info]: GET /api/reviews/book/686fa492dca21dadb9ba8dc2
2025-07-11T08:03:19.394Z [info]: GET /api/reviews/book/686fa492dca21dadb9ba8dc3
2025-07-11T08:03:19.397Z [info]: GET /api/reviews/book/686fa492dca21dadb9ba8dc4
2025-07-11T08:03:19.399Z [info]: GET /api/reviews/book/686fa492dca21dadb9ba8dc5
2025-07-11T08:03:19.401Z [info]: GET /api/reviews/book/686fa492dca21dadb9ba8dc6
2025-07-11T08:03:19.405Z [info]: GET /api/reviews/book/686fa492dca21dadb9ba8dc7
2025-07-11T08:03:19.411Z [info]: GET /api/reviews/book/686fa492dca21dadb9ba8dc8
2025-07-11T08:03:19.413Z [info]: GET /api/reviews/book/686fa492dca21dadb9ba8dc9
2025-07-11T08:03:19.416Z [info]: GET /api/reviews/book/686fa492dca21dadb9ba8dca
2025-07-11T08:03:19.418Z [info]: GET /api/reviews/book/686fa492dca21dadb9ba8dcb
2025-07-11T08:03:19.420Z [info]: GET /api/reviews/book/686fa492dca21dadb9ba8dcc
2025-07-11T08:03:19.425Z [info]: GET /api/reviews/book/686fa492dca21dadb9ba8dcd
2025-07-11T08:03:19.433Z [info]: GET /api/reviews/book/686fa492dca21dadb9ba8dce
2025-07-11T08:03:19.437Z [info]: GET /api/reviews/book/686fa492dca21dadb9ba8dcf
2025-07-11T08:03:19.441Z [info]: GET /api/reviews/book/686fa492dca21dadb9ba8dd0
2025-07-11T08:03:19.445Z [info]: GET /api/reviews/book/686fa492dca21dadb9ba8dd1
2025-07-11T08:03:19.447Z [info]: GET /api/reviews/book/686fa492dca21dadb9ba8dd2
2025-07-11T08:03:19.451Z [info]: GET /api/reviews/book/686fa492dca21dadb9ba8dd3
2025-07-11T08:03:19.460Z [info]: GET /api/reviews/book/686fa492dca21dadb9ba8dd4
2025-07-11T08:03:19.462Z [info]: GET /api/reviews/book/686fa492dca21dadb9ba8dd5
2025-07-11T08:03:19.467Z [info]: GET /api/reviews/book/686fa492dca21dadb9ba8dd6
2025-07-11T08:03:19.470Z [info]: GET /api/reviews/book/686fa492dca21dadb9ba8dd7
2025-07-11T08:03:19.473Z [info]: GET /api/reviews/book/686fa492dca21dadb9ba8dd8
2025-07-11T08:03:19.479Z [info]: GET /api/reviews/book/686fa492dca21dadb9ba8dd9
2025-07-11T08:03:19.484Z [info]: GET /api/reviews/book/686fa492dca21dadb9ba8dda
2025-07-11T08:03:19.487Z [info]: GET /api/reviews/book/686fa492dca21dadb9ba8ddb
2025-07-11T08:03:19.491Z [info]: GET /api/reviews/book/686fa492dca21dadb9ba8ddc
2025-07-11T08:03:19.494Z [info]: GET /api/reviews/book/686fa492dca21dadb9ba8ddd
2025-07-11T08:03:19.496Z [info]: GET /api/reviews/book/686fa492dca21dadb9ba8dde
2025-07-11T08:03:19.500Z [info]: GET /api/reviews/book/686fa492dca21dadb9ba8ddf
2025-07-11T08:03:19.509Z [info]: GET /api/reviews/book/686fa492dca21dadb9ba8de0
2025-07-11T08:03:19.516Z [info]: GET /api/reviews/book/686fa492dca21dadb9ba8db5
2025-07-11T08:03:19.520Z [info]: GET /api/reviews/book/686fa492dca21dadb9ba8db4
2025-07-11T08:03:19.523Z [info]: GET /api/reviews/book/686fa492dca21dadb9ba8de3
2025-07-11T08:03:19.526Z [info]: GET /api/reviews/book/686fa492dca21dadb9ba8de4
2025-07-11T08:03:19.531Z [info]: GET /api/reviews/book/686fa492dca21dadb9ba8de5
2025-07-11T08:03:19.539Z [info]: GET /api/reviews/book/686fa492dca21dadb9ba8de6
2025-07-11T08:03:19.542Z [info]: GET /api/reviews/book/686fa492dca21dadb9ba8de7
2025-07-11T08:03:19.548Z [info]: GET /api/reviews/book/686fa492dca21dadb9ba8de8
2025-07-11T08:03:19.551Z [info]: GET /api/reviews/book/686fa492dca21dadb9ba8de9
2025-07-11T08:03:19.554Z [info]: GET /api/reviews/book/686fa492dca21dadb9ba8dea
2025-07-11T08:03:19.560Z [info]: GET /api/reviews/book/686fa492dca21dadb9ba8deb
2025-07-11T08:03:19.569Z [info]: GET /api/reviews/book/686fa492dca21dadb9ba8dec
2025-07-11T08:03:19.573Z [info]: GET /api/reviews/book/686fa492dca21dadb9ba8ded
2025-07-11T08:03:19.579Z [info]: GET /api/reviews/book/686fa492dca21dadb9ba8dee
2025-07-11T08:03:19.581Z [info]: GET /api/reviews/book/686fa492dca21dadb9ba8def
2025-07-11T08:03:19.583Z [info]: GET /api/reviews/book/686fa492dca21dadb9ba8df0
2025-07-11T08:03:19.591Z [info]: GET /api/reviews/book/686fa492dca21dadb9ba8df1
2025-07-11T08:03:19.602Z [info]: GET /api/reviews/book/686fa492dca21dadb9ba8df2
2025-07-11T08:03:19.607Z [info]: GET /api/reviews/book/686fa492dca21dadb9ba8df3
2025-07-11T08:03:19.612Z [info]: GET /api/reviews/book/686fa492dca21dadb9ba8df4
2025-07-11T08:03:19.628Z [info]: GET /api/reviews/book/686fa492dca21dadb9ba8df5
2025-07-11T08:03:19.680Z [info]: GET /api/reviews/book/686fa492dca21dadb9ba8df6
2025-07-11T08:03:19.702Z [info]: GET /api/reviews/book/686fa492dca21dadb9ba8df7
2025-07-11T08:03:19.720Z [info]: GET /api/reviews/book/686fa492dca21dadb9ba8df8
2025-07-11T08:03:19.750Z [info]: GET /api/reviews/book/686fa492dca21dadb9ba8df9
2025-07-11T08:03:19.766Z [info]: GET /api/reviews/book/686fa492dca21dadb9ba8dfa
2025-07-11T08:03:19.796Z [info]: GET /api/reviews/book/686fa492dca21dadb9ba8dfb
2025-07-11T08:03:19.817Z [info]: GET /api/reviews/book/686fa492dca21dadb9ba8dfc
2025-07-11T08:03:19.846Z [info]: GET /api/reviews/book/686fa492dca21dadb9ba8dfd
2025-07-11T08:03:19.864Z [info]: GET /api/reviews/book/686fa492dca21dadb9ba8dfe
2025-07-11T08:03:19.867Z [info]: GET /api/reviews/book/686fa492dca21dadb9ba8dff
2025-07-11T08:03:19.874Z [info]: GET /api/reviews/book/686fa492dca21dadb9ba8e00
2025-07-11T08:03:19.893Z [info]: GET /api/reviews/book/686fa492dca21dadb9ba8e01
2025-07-11T08:03:19.931Z [info]: GET /api/reviews/book/686fa492dca21dadb9ba8e02
2025-07-11T08:03:19.943Z [info]: GET /api/reviews/book/686fa492dca21dadb9ba8e03
2025-07-11T08:03:19.959Z [info]: GET /api/reviews/book/686fa492dca21dadb9ba8e04
2025-07-11T08:03:19.964Z [info]: GET /api/reviews/book/686fa492dca21dadb9ba8e05
2025-07-11T08:03:19.970Z [info]: GET /api/reviews/book/686fa492dca21dadb9ba8e06
2025-07-11T08:03:19.974Z [info]: GET /api/reviews/book/686fa492dca21dadb9ba8e07
2025-07-11T08:03:19.977Z [info]: GET /api/reviews/book/686fa492dca21dadb9ba8e08
2025-07-11T08:03:20.025Z [info]: GET /api/reviews/book/686fa492dca21dadb9ba8e09
2025-07-11T08:03:20.038Z [info]: GET /api/reviews/book/686fa492dca21dadb9ba8e0a
2025-07-11T08:03:20.047Z [info]: GET /api/reviews/book/686fa492dca21dadb9ba8e0b
2025-07-11T08:03:20.050Z [info]: GET /api/reviews/book/686fa492dca21dadb9ba8e0c
2025-07-11T08:03:20.051Z [info]: GET /api/reviews/book/686fa492dca21dadb9ba8de1
2025-07-11T08:03:20.054Z [info]: GET /api/reviews/book/686fa492dca21dadb9ba8de2
2025-07-11T08:03:24.527Z [info]: GET /api/reviews/book/686fa492dca21dadb9ba8db2
2025-07-11T08:03:24.871Z [info]: GET /api/reviews/book/686fa492dca21dadb9ba8db2
2025-07-11T08:03:35.284Z [info]: GET /api/reviews/book/686fa492dca21dadb9ba8e0c
2025-07-11T08:03:35.559Z [info]: GET /api/reviews/book/686fa492dca21dadb9ba8e0c
2025-07-11T08:06:24.077Z [info]: GET /api/reviews/book/686fa492dca21dadb9ba8da9
2025-07-11T08:06:24.104Z [info]: GET /api/reviews/book/686fa492dca21dadb9ba8daa
2025-07-11T08:06:24.107Z [info]: GET /api/reviews/book/686fa492dca21dadb9ba8dab
2025-07-11T08:06:24.109Z [info]: GET /api/reviews/book/686fa492dca21dadb9ba8daf
2025-07-11T08:06:24.111Z [info]: GET /api/reviews/book/686fa492dca21dadb9ba8db0
2025-07-11T08:06:24.113Z [info]: GET /api/reviews/book/686fa492dca21dadb9ba8db2
2025-07-11T08:06:24.133Z [info]: GET /api/reviews/book/686fa492dca21dadb9ba8db3
2025-07-11T08:06:24.136Z [info]: GET /api/reviews/book/686fa492dca21dadb9ba8dac
2025-07-11T08:06:24.138Z [info]: GET /api/reviews/book/686fa492dca21dadb9ba8db6
2025-07-11T08:06:24.151Z [info]: GET /api/reviews/book/686fa492dca21dadb9ba8db7
2025-07-11T08:06:24.154Z [info]: GET /api/reviews/book/686fa492dca21dadb9ba8db8
2025-07-11T08:06:24.156Z [info]: GET /api/reviews/book/686fa492dca21dadb9ba8db9
2025-07-11T08:06:24.171Z [info]: GET /api/reviews/book/686fa492dca21dadb9ba8dba
2025-07-11T08:06:24.174Z [info]: GET /api/reviews/book/686fa492dca21dadb9ba8dad
2025-07-11T08:06:24.177Z [info]: GET /api/reviews/book/686fa492dca21dadb9ba8dbb
2025-07-11T08:06:24.180Z [info]: GET /api/reviews/book/686fa492dca21dadb9ba8dbc
2025-07-11T08:06:24.182Z [info]: GET /api/reviews/book/686fa492dca21dadb9ba8dae
2025-07-11T08:06:24.184Z [info]: GET /api/reviews/book/686fa492dca21dadb9ba8db1
2025-07-11T08:06:24.201Z [info]: GET /api/reviews/book/686fa492dca21dadb9ba8dbd
2025-07-11T08:06:24.205Z [info]: GET /api/reviews/book/686fa492dca21dadb9ba8dbe
2025-07-11T08:06:24.208Z [info]: GET /api/reviews/book/686fa492dca21dadb9ba8dbf
2025-07-11T08:06:24.212Z [info]: GET /api/reviews/book/686fa492dca21dadb9ba8dc0
2025-07-11T08:06:24.216Z [info]: GET /api/reviews/book/686fa492dca21dadb9ba8dc1
2025-07-11T08:06:24.219Z [info]: GET /api/reviews/book/686fa492dca21dadb9ba8dc2
2025-07-11T08:06:24.229Z [info]: GET /api/reviews/book/686fa492dca21dadb9ba8dc3
2025-07-11T08:06:24.232Z [info]: GET /api/reviews/book/686fa492dca21dadb9ba8dc4
2025-07-11T08:06:24.233Z [info]: GET /api/reviews/book/686fa492dca21dadb9ba8dc5
2025-07-11T08:06:24.235Z [info]: GET /api/reviews/book/686fa492dca21dadb9ba8dc6
2025-07-11T08:06:24.237Z [info]: GET /api/reviews/book/686fa492dca21dadb9ba8dc7
2025-07-11T08:06:24.239Z [info]: GET /api/reviews/book/686fa492dca21dadb9ba8dc8
2025-07-11T08:06:24.251Z [info]: GET /api/reviews/book/686fa492dca21dadb9ba8dc9
2025-07-11T08:06:24.255Z [info]: GET /api/reviews/book/686fa492dca21dadb9ba8dca
2025-07-11T08:06:24.259Z [info]: GET /api/reviews/book/686fa492dca21dadb9ba8dcb
2025-07-11T08:06:24.261Z [info]: GET /api/reviews/book/686fa492dca21dadb9ba8dcc
2025-07-11T08:06:24.263Z [info]: GET /api/reviews/book/686fa492dca21dadb9ba8dcd
2025-07-11T08:06:24.265Z [info]: GET /api/reviews/book/686fa492dca21dadb9ba8dce
2025-07-11T08:06:24.275Z [info]: GET /api/reviews/book/686fa492dca21dadb9ba8dcf
2025-07-11T08:06:24.278Z [info]: GET /api/reviews/book/686fa492dca21dadb9ba8dd0
2025-07-11T08:06:24.280Z [info]: GET /api/reviews/book/686fa492dca21dadb9ba8dd1
2025-07-11T08:06:24.281Z [info]: GET /api/reviews/book/686fa492dca21dadb9ba8dd2
2025-07-11T08:06:24.284Z [info]: GET /api/reviews/book/686fa492dca21dadb9ba8dd3
2025-07-11T08:06:24.288Z [info]: GET /api/reviews/book/686fa492dca21dadb9ba8dd4
2025-07-11T08:06:24.300Z [info]: GET /api/reviews/book/686fa492dca21dadb9ba8dd5
2025-07-11T08:06:24.303Z [info]: GET /api/reviews/book/686fa492dca21dadb9ba8dd6
2025-07-11T08:06:24.306Z [info]: GET /api/reviews/book/686fa492dca21dadb9ba8dd7
2025-07-11T08:06:24.309Z [info]: GET /api/reviews/book/686fa492dca21dadb9ba8dd8
2025-07-11T08:06:24.312Z [info]: GET /api/reviews/book/686fa492dca21dadb9ba8dd9
2025-07-11T08:06:24.315Z [info]: GET /api/reviews/book/686fa492dca21dadb9ba8dda
2025-07-11T08:06:24.324Z [info]: GET /api/reviews/book/686fa492dca21dadb9ba8ddb
2025-07-11T08:06:24.327Z [info]: GET /api/reviews/book/686fa492dca21dadb9ba8ddc
2025-07-11T08:06:24.333Z [info]: GET /api/reviews/book/686fa492dca21dadb9ba8ddd
2025-07-11T08:06:24.338Z [info]: GET /api/reviews/book/686fa492dca21dadb9ba8dde
2025-07-11T08:06:24.340Z [info]: GET /api/reviews/book/686fa492dca21dadb9ba8ddf
2025-07-11T08:06:24.343Z [info]: GET /api/reviews/book/686fa492dca21dadb9ba8de0
2025-07-11T08:06:24.354Z [info]: GET /api/reviews/book/686fa492dca21dadb9ba8db5
2025-07-11T08:06:24.357Z [info]: GET /api/reviews/book/686fa492dca21dadb9ba8db4
2025-07-11T08:06:24.360Z [info]: GET /api/reviews/book/686fa492dca21dadb9ba8de3
2025-07-11T08:06:24.362Z [info]: GET /api/reviews/book/686fa492dca21dadb9ba8de4
2025-07-11T08:06:24.364Z [info]: GET /api/reviews/book/686fa492dca21dadb9ba8de5
2025-07-11T08:06:24.365Z [info]: GET /api/reviews/book/686fa492dca21dadb9ba8de6
2025-07-11T08:06:24.383Z [info]: GET /api/reviews/book/686fa492dca21dadb9ba8de7
2025-07-11T08:06:24.387Z [info]: GET /api/reviews/book/686fa492dca21dadb9ba8de8
2025-07-11T08:06:24.390Z [info]: GET /api/reviews/book/686fa492dca21dadb9ba8de9
2025-07-11T08:06:24.392Z [info]: GET /api/reviews/book/686fa492dca21dadb9ba8dea
2025-07-11T08:06:24.393Z [info]: GET /api/reviews/book/686fa492dca21dadb9ba8deb
2025-07-11T08:06:24.395Z [info]: GET /api/reviews/book/686fa492dca21dadb9ba8dec
2025-07-11T08:06:24.400Z [info]: GET /api/reviews/book/686fa492dca21dadb9ba8ded
2025-07-11T08:06:24.402Z [info]: GET /api/reviews/book/686fa492dca21dadb9ba8dee
2025-07-11T08:06:24.406Z [info]: GET /api/reviews/book/686fa492dca21dadb9ba8def
2025-07-11T08:06:24.409Z [info]: GET /api/reviews/book/686fa492dca21dadb9ba8df0
2025-07-11T08:06:24.411Z [info]: GET /api/reviews/book/686fa492dca21dadb9ba8df1
2025-07-11T08:06:24.412Z [info]: GET /api/reviews/book/686fa492dca21dadb9ba8df2
2025-07-11T08:06:24.427Z [info]: GET /api/reviews/book/686fa492dca21dadb9ba8df3
2025-07-11T08:06:24.429Z [info]: GET /api/reviews/book/686fa492dca21dadb9ba8df4
2025-07-11T08:06:24.430Z [info]: GET /api/reviews/book/686fa492dca21dadb9ba8df5
2025-07-11T08:06:24.432Z [info]: GET /api/reviews/book/686fa492dca21dadb9ba8df6
2025-07-11T08:06:24.433Z [info]: GET /api/reviews/book/686fa492dca21dadb9ba8df7
2025-07-11T08:06:24.435Z [info]: GET /api/reviews/book/686fa492dca21dadb9ba8df8
2025-07-11T08:06:24.447Z [info]: GET /api/reviews/book/686fa492dca21dadb9ba8df9
2025-07-11T08:06:24.450Z [info]: GET /api/reviews/book/686fa492dca21dadb9ba8dfa
2025-07-11T08:06:24.453Z [info]: GET /api/reviews/book/686fa492dca21dadb9ba8dfb
2025-07-11T08:06:24.456Z [info]: GET /api/reviews/book/686fa492dca21dadb9ba8dfc
2025-07-11T08:06:24.460Z [info]: GET /api/reviews/book/686fa492dca21dadb9ba8dfd
2025-07-11T08:06:24.463Z [info]: GET /api/reviews/book/686fa492dca21dadb9ba8dfe
2025-07-11T08:06:24.478Z [info]: GET /api/reviews/book/686fa492dca21dadb9ba8dff
2025-07-11T08:06:24.481Z [info]: GET /api/reviews/book/686fa492dca21dadb9ba8e00
2025-07-11T08:06:24.483Z [info]: GET /api/reviews/book/686fa492dca21dadb9ba8e01
2025-07-11T08:06:24.485Z [info]: GET /api/reviews/book/686fa492dca21dadb9ba8e02
2025-07-11T08:06:24.489Z [info]: GET /api/reviews/book/686fa492dca21dadb9ba8e03
2025-07-11T08:06:24.495Z [info]: GET /api/reviews/book/686fa492dca21dadb9ba8e04
2025-07-11T08:06:24.511Z [info]: GET /api/reviews/book/686fa492dca21dadb9ba8e05
2025-07-11T08:06:24.514Z [info]: GET /api/reviews/book/686fa492dca21dadb9ba8e06
2025-07-11T08:06:24.519Z [info]: GET /api/reviews/book/686fa492dca21dadb9ba8e07
2025-07-11T08:06:24.523Z [info]: GET /api/reviews/book/686fa492dca21dadb9ba8e08
2025-07-11T08:06:24.528Z [info]: GET /api/reviews/book/686fa492dca21dadb9ba8e09
2025-07-11T08:06:24.530Z [info]: GET /api/reviews/book/686fa492dca21dadb9ba8e0a
2025-07-11T08:06:24.541Z [info]: GET /api/reviews/book/686fa492dca21dadb9ba8e0b
2025-07-11T08:06:24.545Z [info]: GET /api/reviews/book/686fa492dca21dadb9ba8e0c
2025-07-11T08:06:24.548Z [info]: GET /api/reviews/book/686fa492dca21dadb9ba8de1
2025-07-11T08:06:24.550Z [info]: GET /api/reviews/book/686fa492dca21dadb9ba8de2
2025-07-11T08:06:53.435Z [info]: GET /api/reviews/book/686fa492dca21dadb9ba8da9
2025-07-11T08:06:53.438Z [info]: GET /api/reviews/book/686fa492dca21dadb9ba8daa
2025-07-11T08:06:53.445Z [info]: GET /api/reviews/book/686fa492dca21dadb9ba8dab
2025-07-11T08:06:53.448Z [info]: GET /api/reviews/book/686fa492dca21dadb9ba8daf
2025-07-11T08:06:53.450Z [info]: GET /api/reviews/book/686fa492dca21dadb9ba8db0
2025-07-11T08:06:53.457Z [info]: GET /api/reviews/book/686fa492dca21dadb9ba8db2
2025-07-11T08:06:53.463Z [info]: GET /api/reviews/book/686fa492dca21dadb9ba8db3
2025-07-11T08:06:53.466Z [info]: GET /api/reviews/book/686fa492dca21dadb9ba8dac
2025-07-11T08:06:53.470Z [info]: GET /api/reviews/book/686fa492dca21dadb9ba8db6
2025-07-11T08:06:53.480Z [info]: GET /api/reviews/book/686fa492dca21dadb9ba8db7
2025-07-11T08:06:53.489Z [info]: GET /api/reviews/book/686fa492dca21dadb9ba8db8
2025-07-11T08:06:53.494Z [info]: GET /api/reviews/book/686fa492dca21dadb9ba8db9
2025-07-11T08:06:53.496Z [info]: GET /api/reviews/book/686fa492dca21dadb9ba8dba
2025-07-11T08:06:53.499Z [info]: GET /api/reviews/book/686fa492dca21dadb9ba8dad
2025-07-11T08:06:53.507Z [info]: GET /api/reviews/book/686fa492dca21dadb9ba8dbb
2025-07-11T08:06:53.517Z [info]: GET /api/reviews/book/686fa492dca21dadb9ba8dbc
2025-07-11T08:06:53.520Z [info]: GET /api/reviews/book/686fa492dca21dadb9ba8dae
2025-07-11T08:06:53.524Z [info]: GET /api/reviews/book/686fa492dca21dadb9ba8db1
2025-07-11T08:06:53.528Z [info]: GET /api/reviews/book/686fa492dca21dadb9ba8dbd
2025-07-11T08:06:53.532Z [info]: GET /api/reviews/book/686fa492dca21dadb9ba8dbe
2025-07-11T08:06:53.537Z [info]: GET /api/reviews/book/686fa492dca21dadb9ba8dbf
2025-07-11T08:06:53.550Z [info]: GET /api/reviews/book/686fa492dca21dadb9ba8dc0
2025-07-11T08:06:53.553Z [info]: GET /api/reviews/book/686fa492dca21dadb9ba8dc1
2025-07-11T08:06:53.556Z [info]: GET /api/reviews/book/686fa492dca21dadb9ba8dc2
2025-07-11T08:06:53.560Z [info]: GET /api/reviews/book/686fa492dca21dadb9ba8dc3
2025-07-11T08:06:53.567Z [info]: GET /api/reviews/book/686fa492dca21dadb9ba8dc4
2025-07-11T08:06:53.571Z [info]: GET /api/reviews/book/686fa492dca21dadb9ba8dc5
2025-07-11T08:06:53.576Z [info]: GET /api/reviews/book/686fa492dca21dadb9ba8dc6
2025-07-11T08:06:53.580Z [info]: GET /api/reviews/book/686fa492dca21dadb9ba8dc7
2025-07-11T08:06:53.583Z [info]: GET /api/reviews/book/686fa492dca21dadb9ba8dc8
2025-07-11T08:06:53.586Z [info]: GET /api/reviews/book/686fa492dca21dadb9ba8dc9
2025-07-11T08:06:53.589Z [info]: GET /api/reviews/book/686fa492dca21dadb9ba8dca
2025-07-11T08:06:53.594Z [info]: GET /api/reviews/book/686fa492dca21dadb9ba8dcb
2025-07-11T08:06:53.604Z [info]: GET /api/reviews/book/686fa492dca21dadb9ba8dcc
2025-07-11T08:06:53.606Z [info]: GET /api/reviews/book/686fa492dca21dadb9ba8dcd
2025-07-11T08:06:53.609Z [info]: GET /api/reviews/book/686fa492dca21dadb9ba8dce
2025-07-11T08:06:53.613Z [info]: GET /api/reviews/book/686fa492dca21dadb9ba8dcf
2025-07-11T08:06:53.615Z [info]: GET /api/reviews/book/686fa492dca21dadb9ba8dd0
2025-07-11T08:06:53.619Z [info]: GET /api/reviews/book/686fa492dca21dadb9ba8dd1
2025-07-11T08:06:53.625Z [info]: GET /api/reviews/book/686fa492dca21dadb9ba8dd2
2025-07-11T08:06:53.628Z [info]: GET /api/reviews/book/686fa492dca21dadb9ba8dd3
2025-07-11T08:06:53.632Z [info]: GET /api/reviews/book/686fa492dca21dadb9ba8dd4
2025-07-11T08:06:53.640Z [info]: GET /api/reviews/book/686fa492dca21dadb9ba8dd5
2025-07-11T08:06:53.643Z [info]: GET /api/reviews/book/686fa492dca21dadb9ba8dd6
2025-07-11T08:06:53.652Z [info]: GET /api/reviews/book/686fa492dca21dadb9ba8dd7
2025-07-11T08:06:53.669Z [info]: GET /api/reviews/book/686fa492dca21dadb9ba8dd8
2025-07-11T08:06:53.674Z [info]: GET /api/reviews/book/686fa492dca21dadb9ba8dd9
2025-07-11T08:06:53.680Z [info]: GET /api/reviews/book/686fa492dca21dadb9ba8dda
2025-07-11T08:06:53.682Z [info]: GET /api/reviews/book/686fa492dca21dadb9ba8ddb
2025-07-11T08:06:53.684Z [info]: GET /api/reviews/book/686fa492dca21dadb9ba8ddc
2025-07-11T08:06:53.689Z [info]: GET /api/reviews/book/686fa492dca21dadb9ba8ddd
2025-07-11T08:06:53.698Z [info]: GET /api/reviews/book/686fa492dca21dadb9ba8dde
2025-07-11T08:06:53.701Z [info]: GET /api/reviews/book/686fa492dca21dadb9ba8ddf
2025-07-11T08:06:53.704Z [info]: GET /api/reviews/book/686fa492dca21dadb9ba8de0
2025-07-11T08:06:53.706Z [info]: GET /api/reviews/book/686fa492dca21dadb9ba8db5
2025-07-11T08:06:53.712Z [info]: GET /api/reviews/book/686fa492dca21dadb9ba8db4
2025-07-11T08:06:53.717Z [info]: GET /api/reviews/book/686fa492dca21dadb9ba8de3
2025-07-11T08:06:53.723Z [info]: GET /api/reviews/book/686fa492dca21dadb9ba8de4
2025-07-11T08:06:53.725Z [info]: GET /api/reviews/book/686fa492dca21dadb9ba8de5
2025-07-11T08:06:53.730Z [info]: GET /api/reviews/book/686fa492dca21dadb9ba8de6
2025-07-11T08:06:53.734Z [info]: GET /api/reviews/book/686fa492dca21dadb9ba8de7
2025-07-11T08:06:53.736Z [info]: GET /api/reviews/book/686fa492dca21dadb9ba8de8
2025-07-11T08:06:53.740Z [info]: GET /api/reviews/book/686fa492dca21dadb9ba8de9
2025-07-11T08:06:53.751Z [info]: GET /api/reviews/book/686fa492dca21dadb9ba8dea
2025-07-11T08:06:53.753Z [info]: GET /api/reviews/book/686fa492dca21dadb9ba8deb
2025-07-11T08:06:53.757Z [info]: GET /api/reviews/book/686fa492dca21dadb9ba8dec
2025-07-11T08:06:53.761Z [info]: GET /api/reviews/book/686fa492dca21dadb9ba8ded
2025-07-11T08:06:53.766Z [info]: GET /api/reviews/book/686fa492dca21dadb9ba8dee
2025-07-11T08:06:53.768Z [info]: GET /api/reviews/book/686fa492dca21dadb9ba8def
2025-07-11T08:06:53.773Z [info]: GET /api/reviews/book/686fa492dca21dadb9ba8df0
2025-07-11T08:06:53.781Z [info]: GET /api/reviews/book/686fa492dca21dadb9ba8df1
2025-07-11T08:06:53.786Z [info]: GET /api/reviews/book/686fa492dca21dadb9ba8df2
2025-07-11T08:06:53.791Z [info]: GET /api/reviews/book/686fa492dca21dadb9ba8df3
2025-07-11T08:06:53.794Z [info]: GET /api/reviews/book/686fa492dca21dadb9ba8df4
2025-07-11T08:06:53.801Z [info]: GET /api/reviews/book/686fa492dca21dadb9ba8df5
2025-07-11T08:06:53.806Z [info]: GET /api/reviews/book/686fa492dca21dadb9ba8df6
2025-07-11T08:06:53.814Z [info]: GET /api/reviews/book/686fa492dca21dadb9ba8df7
2025-07-11T08:06:53.818Z [info]: GET /api/reviews/book/686fa492dca21dadb9ba8df8
2025-07-11T08:06:53.820Z [info]: GET /api/reviews/book/686fa492dca21dadb9ba8df9
2025-07-11T08:06:53.822Z [info]: GET /api/reviews/book/686fa492dca21dadb9ba8dfa
2025-07-11T08:06:53.828Z [info]: GET /api/reviews/book/686fa492dca21dadb9ba8dfb
2025-07-11T08:06:53.842Z [info]: GET /api/reviews/book/686fa492dca21dadb9ba8dfc
2025-07-11T08:06:53.847Z [info]: GET /api/reviews/book/686fa492dca21dadb9ba8dfd
2025-07-11T08:06:53.852Z [info]: GET /api/reviews/book/686fa492dca21dadb9ba8dfe
2025-07-11T08:06:53.856Z [info]: GET /api/reviews/book/686fa492dca21dadb9ba8dff
2025-07-11T08:06:53.861Z [info]: GET /api/reviews/book/686fa492dca21dadb9ba8e00
2025-07-11T08:06:53.869Z [info]: GET /api/reviews/book/686fa492dca21dadb9ba8e01
2025-07-11T08:06:53.880Z [info]: GET /api/reviews/book/686fa492dca21dadb9ba8e02
2025-07-11T08:06:53.884Z [info]: GET /api/reviews/book/686fa492dca21dadb9ba8e03
2025-07-11T08:06:53.887Z [info]: GET /api/reviews/book/686fa492dca21dadb9ba8e04
2025-07-11T08:06:53.890Z [info]: GET /api/reviews/book/686fa492dca21dadb9ba8e05
2025-07-11T08:06:53.892Z [info]: GET /api/reviews/book/686fa492dca21dadb9ba8e06
2025-07-11T08:06:53.899Z [info]: GET /api/reviews/book/686fa492dca21dadb9ba8e07
2025-07-11T08:06:53.905Z [info]: GET /api/reviews/book/686fa492dca21dadb9ba8e08
2025-07-11T08:06:53.907Z [info]: GET /api/reviews/book/686fa492dca21dadb9ba8e09
2025-07-11T08:06:53.912Z [info]: GET /api/reviews/book/686fa492dca21dadb9ba8e0a
2025-07-11T08:06:53.916Z [info]: GET /api/reviews/book/686fa492dca21dadb9ba8e0b
2025-07-11T08:06:53.920Z [info]: GET /api/reviews/book/686fa492dca21dadb9ba8e0c
2025-07-11T08:06:53.924Z [info]: GET /api/reviews/book/686fa492dca21dadb9ba8de1
2025-07-11T08:06:53.933Z [info]: GET /api/reviews/book/686fa492dca21dadb9ba8de2
2025-07-11T08:07:23.966Z [info]: GET /api/reviews/book/686fa492dca21dadb9ba8da9
2025-07-11T08:07:23.980Z [info]: GET /api/reviews/book/686fa492dca21dadb9ba8daa
2025-07-11T08:07:23.984Z [info]: GET /api/reviews/book/686fa492dca21dadb9ba8dab
2025-07-11T08:07:23.994Z [info]: GET /api/reviews/book/686fa492dca21dadb9ba8daf
2025-07-11T08:07:23.998Z [info]: GET /api/reviews/book/686fa492dca21dadb9ba8db0
2025-07-11T08:07:24.006Z [info]: GET /api/reviews/book/686fa492dca21dadb9ba8db2
2025-07-11T08:07:24.016Z [info]: GET /api/reviews/book/686fa492dca21dadb9ba8db3
2025-07-11T08:07:24.024Z [info]: GET /api/reviews/book/686fa492dca21dadb9ba8dac
2025-07-11T08:07:24.033Z [info]: GET /api/reviews/book/686fa492dca21dadb9ba8db6
2025-07-11T08:07:24.038Z [info]: GET /api/reviews/book/686fa492dca21dadb9ba8db7
2025-07-11T08:07:24.061Z [info]: GET /api/reviews/book/686fa492dca21dadb9ba8db8
2025-07-11T08:07:24.071Z [info]: GET /api/reviews/book/686fa492dca21dadb9ba8db9
2025-07-11T08:07:24.078Z [info]: GET /api/reviews/book/686fa492dca21dadb9ba8dba
2025-07-11T08:07:24.081Z [info]: GET /api/reviews/book/686fa492dca21dadb9ba8dad
2025-07-11T08:07:24.090Z [info]: GET /api/reviews/book/686fa492dca21dadb9ba8dbb
2025-07-11T08:07:24.095Z [info]: GET /api/reviews/book/686fa492dca21dadb9ba8dbc
2025-07-11T08:07:24.109Z [info]: GET /api/reviews/book/686fa492dca21dadb9ba8dae
2025-07-11T08:07:24.122Z [info]: GET /api/reviews/book/686fa492dca21dadb9ba8db1
2025-07-11T08:07:24.126Z [info]: GET /api/reviews/book/686fa492dca21dadb9ba8dbd
2025-07-11T08:07:24.130Z [info]: GET /api/reviews/book/686fa492dca21dadb9ba8dbe
2025-07-11T08:07:24.137Z [info]: GET /api/reviews/book/686fa492dca21dadb9ba8dbf
2025-07-11T08:07:24.141Z [info]: GET /api/reviews/book/686fa492dca21dadb9ba8dc0
2025-07-11T08:07:24.155Z [info]: GET /api/reviews/book/686fa492dca21dadb9ba8dc1
2025-07-11T08:07:24.163Z [info]: GET /api/reviews/book/686fa492dca21dadb9ba8dc2
2025-07-11T08:07:24.168Z [info]: GET /api/reviews/book/686fa492dca21dadb9ba8dc3
2025-07-11T08:07:24.171Z [info]: GET /api/reviews/book/686fa492dca21dadb9ba8dc4
2025-07-11T08:07:24.175Z [info]: GET /api/reviews/book/686fa492dca21dadb9ba8dc5
2025-07-11T08:07:24.178Z [info]: GET /api/reviews/book/686fa492dca21dadb9ba8dc6
2025-07-11T08:07:24.192Z [info]: GET /api/reviews/book/686fa492dca21dadb9ba8dc7
2025-07-11T08:07:24.201Z [info]: GET /api/reviews/book/686fa492dca21dadb9ba8dc8
2025-07-11T08:07:24.207Z [info]: GET /api/reviews/book/686fa492dca21dadb9ba8dc9
2025-07-11T08:07:24.210Z [info]: GET /api/reviews/book/686fa492dca21dadb9ba8dca
2025-07-11T08:07:24.214Z [info]: GET /api/reviews/book/686fa492dca21dadb9ba8dcb
2025-07-11T08:07:24.221Z [info]: GET /api/reviews/book/686fa492dca21dadb9ba8dcc
2025-07-11T08:07:24.233Z [info]: GET /api/reviews/book/686fa492dca21dadb9ba8dcd
2025-07-11T08:07:24.240Z [info]: GET /api/reviews/book/686fa492dca21dadb9ba8dce
2025-07-11T08:07:24.244Z [info]: GET /api/reviews/book/686fa492dca21dadb9ba8dcf
2025-07-11T08:07:24.246Z [info]: GET /api/reviews/book/686fa492dca21dadb9ba8dd0
2025-07-11T08:07:24.252Z [info]: GET /api/reviews/book/686fa492dca21dadb9ba8dd1
2025-07-11T08:07:24.258Z [info]: GET /api/reviews/book/686fa492dca21dadb9ba8dd2
2025-07-11T08:07:24.267Z [info]: GET /api/reviews/book/686fa492dca21dadb9ba8dd3
2025-07-11T08:07:24.274Z [info]: GET /api/reviews/book/686fa492dca21dadb9ba8dd4
2025-07-11T08:07:24.276Z [info]: GET /api/reviews/book/686fa492dca21dadb9ba8dd5
2025-07-11T08:07:24.281Z [info]: GET /api/reviews/book/686fa492dca21dadb9ba8dd6
2025-07-11T08:07:24.286Z [info]: GET /api/reviews/book/686fa492dca21dadb9ba8dd7
2025-07-11T08:07:24.289Z [info]: GET /api/reviews/book/686fa492dca21dadb9ba8dd8
2025-07-11T08:07:24.302Z [info]: GET /api/reviews/book/686fa492dca21dadb9ba8dd9
2025-07-11T08:07:24.311Z [info]: GET /api/reviews/book/686fa492dca21dadb9ba8dda
2025-07-11T08:07:24.314Z [info]: GET /api/reviews/book/686fa492dca21dadb9ba8ddb
2025-07-11T08:07:24.317Z [info]: GET /api/reviews/book/686fa492dca21dadb9ba8ddc
2025-07-11T08:07:24.324Z [info]: GET /api/reviews/book/686fa492dca21dadb9ba8ddd
2025-07-11T08:07:24.326Z [info]: GET /api/reviews/book/686fa492dca21dadb9ba8dde
2025-07-11T08:07:24.335Z [info]: GET /api/reviews/book/686fa492dca21dadb9ba8ddf
2025-07-11T08:07:24.343Z [info]: GET /api/reviews/book/686fa492dca21dadb9ba8de0
2025-07-11T08:07:24.346Z [info]: GET /api/reviews/book/686fa492dca21dadb9ba8db5
2025-07-11T08:07:24.348Z [info]: GET /api/reviews/book/686fa492dca21dadb9ba8db4
2025-07-11T08:07:24.353Z [info]: GET /api/reviews/book/686fa492dca21dadb9ba8de3
2025-07-11T08:07:24.357Z [info]: GET /api/reviews/book/686fa492dca21dadb9ba8de4
2025-07-11T08:07:24.363Z [info]: GET /api/reviews/book/686fa492dca21dadb9ba8de5
2025-07-11T08:07:24.374Z [info]: GET /api/reviews/book/686fa492dca21dadb9ba8de6
2025-07-11T08:07:24.378Z [info]: GET /api/reviews/book/686fa492dca21dadb9ba8de7
2025-07-11T08:07:24.380Z [info]: GET /api/reviews/book/686fa492dca21dadb9ba8de8
2025-07-11T08:07:24.388Z [info]: GET /api/reviews/book/686fa492dca21dadb9ba8de9
2025-07-11T08:07:24.393Z [info]: GET /api/reviews/book/686fa492dca21dadb9ba8dea
2025-07-11T08:07:24.410Z [info]: GET /api/reviews/book/686fa492dca21dadb9ba8deb
2025-07-11T08:07:24.430Z [info]: GET /api/reviews/book/686fa492dca21dadb9ba8dec
2025-07-11T08:07:24.436Z [info]: GET /api/reviews/book/686fa492dca21dadb9ba8ded
2025-07-11T08:07:24.445Z [info]: GET /api/reviews/book/686fa492dca21dadb9ba8dee
2025-07-11T08:07:24.450Z [info]: GET /api/reviews/book/686fa492dca21dadb9ba8def
2025-07-11T08:07:24.460Z [info]: GET /api/reviews/book/686fa492dca21dadb9ba8df0
2025-07-11T08:07:24.467Z [info]: GET /api/reviews/book/686fa492dca21dadb9ba8df1
2025-07-11T08:07:24.486Z [info]: GET /api/reviews/book/686fa492dca21dadb9ba8df2
2025-07-11T08:07:24.491Z [info]: GET /api/reviews/book/686fa492dca21dadb9ba8df3
2025-07-11T08:07:24.496Z [info]: GET /api/reviews/book/686fa492dca21dadb9ba8df4
2025-07-11T08:07:24.499Z [info]: GET /api/reviews/book/686fa492dca21dadb9ba8df5
2025-07-11T08:07:24.502Z [info]: GET /api/reviews/book/686fa492dca21dadb9ba8df6
2025-07-11T08:07:24.511Z [info]: GET /api/reviews/book/686fa492dca21dadb9ba8df7
2025-07-11T08:07:24.527Z [info]: GET /api/reviews/book/686fa492dca21dadb9ba8df8
2025-07-11T08:07:24.537Z [info]: GET /api/reviews/book/686fa492dca21dadb9ba8df9
2025-07-11T08:07:24.542Z [info]: GET /api/reviews/book/686fa492dca21dadb9ba8dfa
2025-07-11T08:07:24.545Z [info]: GET /api/reviews/book/686fa492dca21dadb9ba8dfb
2025-07-11T08:07:24.547Z [info]: GET /api/reviews/book/686fa492dca21dadb9ba8dfc
2025-07-11T08:07:24.552Z [info]: GET /api/reviews/book/686fa492dca21dadb9ba8dfd
2025-07-11T08:07:24.565Z [info]: GET /api/reviews/book/686fa492dca21dadb9ba8dfe
2025-07-11T08:07:24.571Z [info]: GET /api/reviews/book/686fa492dca21dadb9ba8dff
2025-07-11T08:07:24.574Z [info]: GET /api/reviews/book/686fa492dca21dadb9ba8e00
2025-07-11T08:07:24.576Z [info]: GET /api/reviews/book/686fa492dca21dadb9ba8e01
2025-07-11T08:07:24.578Z [info]: GET /api/reviews/book/686fa492dca21dadb9ba8e02
2025-07-11T08:07:24.581Z [info]: GET /api/reviews/book/686fa492dca21dadb9ba8e03
2025-07-11T08:07:24.593Z [info]: GET /api/reviews/book/686fa492dca21dadb9ba8e04
2025-07-11T08:07:24.598Z [info]: GET /api/reviews/book/686fa492dca21dadb9ba8e05
2025-07-11T08:07:24.602Z [info]: GET /api/reviews/book/686fa492dca21dadb9ba8e06
2025-07-11T08:07:24.608Z [info]: GET /api/reviews/book/686fa492dca21dadb9ba8e07
2025-07-11T08:07:24.610Z [info]: GET /api/reviews/book/686fa492dca21dadb9ba8e08
2025-07-11T08:07:24.613Z [info]: GET /api/reviews/book/686fa492dca21dadb9ba8e09
2025-07-11T08:07:24.623Z [info]: GET /api/reviews/book/686fa492dca21dadb9ba8e0a
2025-07-11T08:07:24.627Z [info]: GET /api/reviews/book/686fa492dca21dadb9ba8e0b
2025-07-11T08:07:24.629Z [info]: GET /api/reviews/book/686fa492dca21dadb9ba8e0c
2025-07-11T08:07:24.632Z [info]: GET /api/reviews/book/686fa492dca21dadb9ba8de1
2025-07-11T08:07:24.635Z [info]: GET /api/reviews/book/686fa492dca21dadb9ba8de2
2025-07-11T08:07:34.099Z [info]: GET /api/reviews/book/686fa492dca21dadb9ba8daf
2025-07-11T08:07:34.361Z [info]: GET /api/reviews/book/686fa492dca21dadb9ba8daf
2025-07-11T08:07:40.725Z [info]: GET /api/reviews/book/686fa492dca21dadb9ba8db8
2025-07-11T08:07:40.980Z [info]: GET /api/reviews/book/686fa492dca21dadb9ba8db8
2025-07-11T08:08:50.445Z [info]: GET /api/reviews/book/686fa492dca21dadb9ba8da9
2025-07-11T08:08:50.449Z [info]: GET /api/reviews/book/686fa492dca21dadb9ba8daa
2025-07-11T08:08:50.456Z [info]: GET /api/reviews/book/686fa492dca21dadb9ba8dab
2025-07-11T08:08:50.462Z [info]: GET /api/reviews/book/686fa492dca21dadb9ba8daf
2025-07-11T08:08:50.464Z [info]: GET /api/reviews/book/686fa492dca21dadb9ba8db0
2025-07-11T08:08:50.467Z [info]: GET /api/reviews/book/686fa492dca21dadb9ba8db2
2025-07-11T08:08:50.473Z [info]: GET /api/reviews/book/686fa492dca21dadb9ba8db3
2025-07-11T08:08:50.480Z [info]: GET /api/reviews/book/686fa492dca21dadb9ba8db6
2025-07-11T08:08:50.484Z [info]: GET /api/reviews/book/686fa492dca21dadb9ba8dac
2025-07-11T08:08:50.489Z [info]: GET /api/reviews/book/686fa492dca21dadb9ba8db7
2025-07-11T08:08:50.492Z [info]: GET /api/reviews/book/686fa492dca21dadb9ba8db8
2025-07-11T08:08:50.495Z [info]: GET /api/reviews/book/686fa492dca21dadb9ba8db9
2025-07-11T08:08:50.501Z [info]: GET /api/reviews/book/686fa492dca21dadb9ba8dba
2025-07-11T08:08:50.511Z [info]: GET /api/reviews/book/686fa492dca21dadb9ba8dad
2025-07-11T08:08:50.514Z [info]: GET /api/reviews/book/686fa492dca21dadb9ba8dbb
2025-07-11T08:08:50.524Z [info]: GET /api/reviews/book/686fa492dca21dadb9ba8dbc
2025-07-11T08:08:50.527Z [info]: GET /api/reviews/book/686fa492dca21dadb9ba8dae
2025-07-11T08:08:50.530Z [info]: GET /api/reviews/book/686fa492dca21dadb9ba8db1
2025-07-11T08:08:50.537Z [info]: GET /api/reviews/book/686fa492dca21dadb9ba8dbd
2025-07-11T08:08:50.547Z [info]: GET /api/reviews/book/686fa492dca21dadb9ba8dbe
2025-07-11T08:08:50.549Z [info]: GET /api/reviews/book/686fa492dca21dadb9ba8dbf
2025-07-11T08:08:50.552Z [info]: GET /api/reviews/book/686fa492dca21dadb9ba8dc0
2025-07-11T08:08:50.556Z [info]: GET /api/reviews/book/686fa492dca21dadb9ba8dc1
2025-07-11T08:08:50.559Z [info]: GET /api/reviews/book/686fa492dca21dadb9ba8dc2
2025-07-11T08:08:50.564Z [info]: GET /api/reviews/book/686fa492dca21dadb9ba8dc3
2025-07-11T08:08:50.573Z [info]: GET /api/reviews/book/686fa492dca21dadb9ba8dc4
2025-07-11T08:08:50.577Z [info]: GET /api/reviews/book/686fa492dca21dadb9ba8dc5
2025-07-11T08:08:50.582Z [info]: GET /api/reviews/book/686fa492dca21dadb9ba8dc6
2025-07-11T08:08:50.585Z [info]: GET /api/reviews/book/686fa492dca21dadb9ba8dc7
2025-07-11T08:08:50.588Z [info]: GET /api/reviews/book/686fa492dca21dadb9ba8dc8
2025-07-11T08:08:50.596Z [info]: GET /api/reviews/book/686fa492dca21dadb9ba8dc9
2025-07-11T08:08:50.604Z [info]: GET /api/reviews/book/686fa492dca21dadb9ba8dca
2025-07-11T08:08:50.609Z [info]: GET /api/reviews/book/686fa492dca21dadb9ba8dcb
2025-07-11T08:08:50.630Z [info]: GET /api/reviews/book/686fa492dca21dadb9ba8dcc
2025-07-11T08:08:50.632Z [info]: GET /api/reviews/book/686fa492dca21dadb9ba8dcd
2025-07-11T08:08:50.634Z [info]: GET /api/reviews/book/686fa492dca21dadb9ba8dce
2025-07-11T08:08:50.640Z [info]: GET /api/reviews/book/686fa492dca21dadb9ba8dcf
2025-07-11T08:08:50.649Z [info]: GET /api/reviews/book/686fa492dca21dadb9ba8dd0
2025-07-11T08:08:50.652Z [info]: GET /api/reviews/book/686fa492dca21dadb9ba8dd1
2025-07-11T08:08:50.658Z [info]: GET /api/reviews/book/686fa492dca21dadb9ba8dd2
2025-07-11T08:08:50.661Z [info]: GET /api/reviews/book/686fa492dca21dadb9ba8dd3
2025-07-11T08:08:50.665Z [info]: GET /api/reviews/book/686fa492dca21dadb9ba8dd4
2025-07-11T08:08:50.670Z [info]: GET /api/reviews/book/686fa492dca21dadb9ba8dd5
2025-07-11T08:08:50.679Z [info]: GET /api/reviews/book/686fa492dca21dadb9ba8dd6
2025-07-11T08:08:50.681Z [info]: GET /api/reviews/book/686fa492dca21dadb9ba8dd7
2025-07-11T08:08:50.685Z [info]: GET /api/reviews/book/686fa492dca21dadb9ba8dd8
2025-07-11T08:08:50.689Z [info]: GET /api/reviews/book/686fa492dca21dadb9ba8dd9
2025-07-11T08:08:50.693Z [info]: GET /api/reviews/book/686fa492dca21dadb9ba8dda
2025-07-11T08:08:50.699Z [info]: GET /api/reviews/book/686fa492dca21dadb9ba8ddb
2025-07-11T08:08:50.706Z [info]: GET /api/reviews/book/686fa492dca21dadb9ba8ddc
2025-07-11T08:08:50.710Z [info]: GET /api/reviews/book/686fa492dca21dadb9ba8ddd
2025-07-11T08:08:50.714Z [info]: GET /api/reviews/book/686fa492dca21dadb9ba8dde
2025-07-11T08:08:50.717Z [info]: GET /api/reviews/book/686fa492dca21dadb9ba8ddf
2025-07-11T08:08:50.719Z [info]: GET /api/reviews/book/686fa492dca21dadb9ba8de0
2025-07-11T08:08:50.728Z [info]: GET /api/reviews/book/686fa492dca21dadb9ba8db5
2025-07-11T08:08:50.736Z [info]: GET /api/reviews/book/686fa492dca21dadb9ba8db4
2025-07-11T08:08:50.739Z [info]: GET /api/reviews/book/686fa492dca21dadb9ba8de3
2025-07-11T08:08:50.747Z [info]: GET /api/reviews/book/686fa492dca21dadb9ba8de4
2025-07-11T08:08:50.749Z [info]: GET /api/reviews/book/686fa492dca21dadb9ba8de5
2025-07-11T08:08:50.751Z [info]: GET /api/reviews/book/686fa492dca21dadb9ba8de6
2025-07-11T08:08:50.756Z [info]: GET /api/reviews/book/686fa492dca21dadb9ba8de7
2025-07-11T08:08:50.763Z [info]: GET /api/reviews/book/686fa492dca21dadb9ba8de8
2025-07-11T08:08:50.765Z [info]: GET /api/reviews/book/686fa492dca21dadb9ba8de9
2025-07-11T08:08:50.769Z [info]: GET /api/reviews/book/686fa492dca21dadb9ba8dea
2025-07-11T08:08:50.771Z [info]: GET /api/reviews/book/686fa492dca21dadb9ba8deb
2025-07-11T08:08:50.776Z [info]: GET /api/reviews/book/686fa492dca21dadb9ba8dec
2025-07-11T08:08:50.785Z [info]: GET /api/reviews/book/686fa492dca21dadb9ba8ded
2025-07-11T08:08:50.798Z [info]: GET /api/reviews/book/686fa492dca21dadb9ba8dee
2025-07-11T08:08:50.815Z [info]: GET /api/reviews/book/686fa492dca21dadb9ba8def
2025-07-11T08:08:50.819Z [info]: GET /api/reviews/book/686fa492dca21dadb9ba8df0
2025-07-11T08:08:50.823Z [info]: GET /api/reviews/book/686fa492dca21dadb9ba8df1
2025-07-11T08:08:50.828Z [info]: GET /api/reviews/book/686fa492dca21dadb9ba8df2
2025-07-11T08:08:50.832Z [info]: GET /api/reviews/book/686fa492dca21dadb9ba8df3
2025-07-11T08:08:50.837Z [info]: GET /api/reviews/book/686fa492dca21dadb9ba8df4
2025-07-11T08:08:50.841Z [info]: GET /api/reviews/book/686fa492dca21dadb9ba8df5
2025-07-11T08:08:50.848Z [info]: GET /api/reviews/book/686fa492dca21dadb9ba8df6
2025-07-11T08:08:50.851Z [info]: GET /api/reviews/book/686fa492dca21dadb9ba8df7
2025-07-11T08:08:50.854Z [info]: GET /api/reviews/book/686fa492dca21dadb9ba8df8
2025-07-11T08:08:50.867Z [info]: GET /api/reviews/book/686fa492dca21dadb9ba8df9
2025-07-11T08:08:50.881Z [info]: GET /api/reviews/book/686fa492dca21dadb9ba8dfa
2025-07-11T08:08:50.883Z [info]: GET /api/reviews/book/686fa492dca21dadb9ba8dfb
2025-07-11T08:08:50.886Z [info]: GET /api/reviews/book/686fa492dca21dadb9ba8dfc
2025-07-11T08:08:50.888Z [info]: GET /api/reviews/book/686fa492dca21dadb9ba8dfd
2025-07-11T08:08:50.891Z [info]: GET /api/reviews/book/686fa492dca21dadb9ba8dfe
2025-07-11T08:08:50.895Z [info]: GET /api/reviews/book/686fa492dca21dadb9ba8dff
2025-07-11T08:08:50.900Z [info]: GET /api/reviews/book/686fa492dca21dadb9ba8e00
2025-07-11T08:08:50.902Z [info]: GET /api/reviews/book/686fa492dca21dadb9ba8e01
2025-07-11T08:08:50.905Z [info]: GET /api/reviews/book/686fa492dca21dadb9ba8e02
2025-07-11T08:08:50.908Z [info]: GET /api/reviews/book/686fa492dca21dadb9ba8e03
2025-07-11T08:08:50.910Z [info]: GET /api/reviews/book/686fa492dca21dadb9ba8e04
2025-07-11T08:08:50.917Z [info]: GET /api/reviews/book/686fa492dca21dadb9ba8e05
2025-07-11T08:08:50.926Z [info]: GET /api/reviews/book/686fa492dca21dadb9ba8e06
2025-07-11T08:08:50.930Z [info]: GET /api/reviews/book/686fa492dca21dadb9ba8e07
2025-07-11T08:08:50.934Z [info]: GET /api/reviews/book/686fa492dca21dadb9ba8e08
2025-07-11T08:08:50.936Z [info]: GET /api/reviews/book/686fa492dca21dadb9ba8e09
2025-07-11T08:08:50.939Z [info]: GET /api/reviews/book/686fa492dca21dadb9ba8e0a
2025-07-11T08:08:50.945Z [info]: GET /api/reviews/book/686fa492dca21dadb9ba8e0b
2025-07-11T08:08:50.950Z [info]: GET /api/reviews/book/686fa492dca21dadb9ba8e0c
2025-07-11T08:08:50.952Z [info]: GET /api/reviews/book/686fa492dca21dadb9ba8de1
2025-07-11T08:08:50.956Z [info]: GET /api/reviews/book/686fa492dca21dadb9ba8de2
2025-07-11T08:10:29.158Z [info]: GET /api/reviews/book/686fa492dca21dadb9ba8da9
2025-07-11T08:10:29.167Z [info]: GET /api/reviews/book/686fa492dca21dadb9ba8daa
2025-07-11T08:10:29.179Z [info]: GET /api/reviews/book/686fa492dca21dadb9ba8dab
2025-07-11T08:10:29.183Z [info]: GET /api/reviews/book/686fa492dca21dadb9ba8daf
2025-07-11T08:10:29.187Z [info]: GET /api/reviews/book/686fa492dca21dadb9ba8db2
2025-07-11T08:10:29.193Z [info]: GET /api/reviews/book/686fa492dca21dadb9ba8db0
2025-07-11T08:10:29.209Z [info]: GET /api/reviews/book/686fa492dca21dadb9ba8db3
2025-07-11T08:10:29.226Z [info]: GET /api/reviews/book/686fa492dca21dadb9ba8dac
2025-07-11T08:10:29.242Z [info]: GET /api/reviews/book/686fa492dca21dadb9ba8db7
2025-07-11T08:10:29.245Z [info]: GET /api/reviews/book/686fa492dca21dadb9ba8db6
2025-07-11T08:10:29.253Z [info]: GET /api/reviews/book/686fa492dca21dadb9ba8db8
2025-07-11T08:10:29.257Z [info]: GET /api/reviews/book/686fa492dca21dadb9ba8db9
2025-07-11T08:10:29.260Z [info]: GET /api/reviews/book/686fa492dca21dadb9ba8dba
2025-07-11T08:10:29.271Z [info]: GET /api/reviews/book/686fa492dca21dadb9ba8dad
2025-07-11T08:10:29.280Z [info]: GET /api/reviews/book/686fa492dca21dadb9ba8dbb
2025-07-11T08:10:29.283Z [info]: GET /api/reviews/book/686fa492dca21dadb9ba8dbc
2025-07-11T08:10:29.286Z [info]: GET /api/reviews/book/686fa492dca21dadb9ba8dae
2025-07-11T08:10:29.289Z [info]: GET /api/reviews/book/686fa492dca21dadb9ba8db1
2025-07-11T08:10:29.293Z [info]: GET /api/reviews/book/686fa492dca21dadb9ba8dbd
2025-07-11T08:10:29.307Z [info]: GET /api/reviews/book/686fa492dca21dadb9ba8dbe
2025-07-11T08:10:29.311Z [info]: GET /api/reviews/book/686fa492dca21dadb9ba8dbf
2025-07-11T08:10:29.313Z [info]: GET /api/reviews/book/686fa492dca21dadb9ba8dc0
2025-07-11T08:10:29.315Z [info]: GET /api/reviews/book/686fa492dca21dadb9ba8dc1
2025-07-11T08:10:29.319Z [info]: GET /api/reviews/book/686fa492dca21dadb9ba8dc2
2025-07-11T08:10:29.324Z [info]: GET /api/reviews/book/686fa492dca21dadb9ba8dc3
2025-07-11T08:10:29.331Z [info]: GET /api/reviews/book/686fa492dca21dadb9ba8dc4
2025-07-11T08:10:29.336Z [info]: GET /api/reviews/book/686fa492dca21dadb9ba8dc5
2025-07-11T08:10:29.339Z [info]: GET /api/reviews/book/686fa492dca21dadb9ba8dc6
2025-07-11T08:10:29.342Z [info]: GET /api/reviews/book/686fa492dca21dadb9ba8dc7
2025-07-11T08:10:29.343Z [info]: GET /api/reviews/book/686fa492dca21dadb9ba8dc8
2025-07-11T08:10:29.353Z [info]: GET /api/reviews/book/686fa492dca21dadb9ba8dc9
2025-07-11T08:10:29.361Z [info]: GET /api/reviews/book/686fa492dca21dadb9ba8dca
2025-07-11T08:10:29.368Z [info]: GET /api/reviews/book/686fa492dca21dadb9ba8dcb
2025-07-11T08:10:29.372Z [info]: GET /api/reviews/book/686fa492dca21dadb9ba8dcc
2025-07-11T08:10:29.375Z [info]: GET /api/reviews/book/686fa492dca21dadb9ba8dcd
2025-07-11T08:10:29.377Z [info]: GET /api/reviews/book/686fa492dca21dadb9ba8dce
2025-07-11T08:10:29.379Z [info]: GET /api/reviews/book/686fa492dca21dadb9ba8dcf
2025-07-11T08:10:29.393Z [info]: GET /api/reviews/book/686fa492dca21dadb9ba8dd0
2025-07-11T08:10:29.397Z [info]: GET /api/reviews/book/686fa492dca21dadb9ba8dd1
2025-07-11T08:10:29.405Z [info]: GET /api/reviews/book/686fa492dca21dadb9ba8dd2
2025-07-11T08:10:29.407Z [info]: GET /api/reviews/book/686fa492dca21dadb9ba8dd3
2025-07-11T08:10:29.410Z [info]: GET /api/reviews/book/686fa492dca21dadb9ba8dd4
2025-07-11T08:10:29.413Z [info]: GET /api/reviews/book/686fa492dca21dadb9ba8dd5
2025-07-11T08:10:29.420Z [info]: GET /api/reviews/book/686fa492dca21dadb9ba8dd6
2025-07-11T08:10:29.426Z [info]: GET /api/reviews/book/686fa492dca21dadb9ba8dd7
2025-07-11T08:10:29.429Z [info]: GET /api/reviews/book/686fa492dca21dadb9ba8dd8
2025-07-11T08:10:29.431Z [info]: GET /api/reviews/book/686fa492dca21dadb9ba8dd9
2025-07-11T08:10:29.435Z [info]: GET /api/reviews/book/686fa492dca21dadb9ba8dda
2025-07-11T08:10:29.439Z [info]: GET /api/reviews/book/686fa492dca21dadb9ba8ddb
2025-07-11T08:10:29.443Z [info]: GET /api/reviews/book/686fa492dca21dadb9ba8ddc
2025-07-11T08:10:29.453Z [info]: GET /api/reviews/book/686fa492dca21dadb9ba8ddd
2025-07-11T08:10:29.457Z [info]: GET /api/reviews/book/686fa492dca21dadb9ba8dde
2025-07-11T08:10:29.458Z [info]: GET /api/reviews/book/686fa492dca21dadb9ba8ddf
2025-07-11T08:10:29.462Z [info]: GET /api/reviews/book/686fa492dca21dadb9ba8de0
2025-07-11T08:10:29.465Z [info]: GET /api/reviews/book/686fa492dca21dadb9ba8db5
2025-07-11T08:10:29.474Z [info]: GET /api/reviews/book/686fa492dca21dadb9ba8db4
2025-07-11T08:10:29.481Z [info]: GET /api/reviews/book/686fa492dca21dadb9ba8de3
2025-07-11T08:10:29.485Z [info]: GET /api/reviews/book/686fa492dca21dadb9ba8de4
2025-07-11T08:10:29.488Z [info]: GET /api/reviews/book/686fa492dca21dadb9ba8de5
2025-07-11T08:10:29.494Z [info]: GET /api/reviews/book/686fa492dca21dadb9ba8de6
2025-07-11T08:10:29.514Z [info]: GET /api/reviews/book/686fa492dca21dadb9ba8de7
2025-07-11T08:10:29.530Z [info]: GET /api/reviews/book/686fa492dca21dadb9ba8de8
2025-07-11T08:10:29.536Z [info]: GET /api/reviews/book/686fa492dca21dadb9ba8de9
2025-07-11T08:10:29.540Z [info]: GET /api/reviews/book/686fa492dca21dadb9ba8dea
2025-07-11T08:10:29.542Z [info]: GET /api/reviews/book/686fa492dca21dadb9ba8deb
2025-07-11T08:10:29.550Z [info]: GET /api/reviews/book/686fa492dca21dadb9ba8dec
2025-07-11T08:10:29.558Z [info]: GET /api/reviews/book/686fa492dca21dadb9ba8ded
2025-07-11T08:10:29.567Z [info]: GET /api/reviews/book/686fa492dca21dadb9ba8dee
2025-07-11T08:10:29.574Z [info]: GET /api/reviews/book/686fa492dca21dadb9ba8def
2025-07-11T08:10:29.577Z [info]: GET /api/reviews/book/686fa492dca21dadb9ba8df0
2025-07-11T08:10:29.579Z [info]: GET /api/reviews/book/686fa492dca21dadb9ba8df1
2025-07-11T08:10:29.583Z [info]: GET /api/reviews/book/686fa492dca21dadb9ba8df2
2025-07-11T08:10:29.587Z [info]: GET /api/reviews/book/686fa492dca21dadb9ba8df3
2025-07-11T08:10:29.596Z [info]: GET /api/reviews/book/686fa492dca21dadb9ba8df4
2025-07-11T08:10:29.603Z [info]: GET /api/reviews/book/686fa492dca21dadb9ba8df5
2025-07-11T08:10:29.606Z [info]: GET /api/reviews/book/686fa492dca21dadb9ba8df6
2025-07-11T08:10:29.608Z [info]: GET /api/reviews/book/686fa492dca21dadb9ba8df7
2025-07-11T08:10:29.611Z [info]: GET /api/reviews/book/686fa492dca21dadb9ba8df8
2025-07-11T08:10:29.614Z [info]: GET /api/reviews/book/686fa492dca21dadb9ba8df9
2025-07-11T08:10:29.622Z [info]: GET /api/reviews/book/686fa492dca21dadb9ba8dfa
2025-07-11T08:10:29.626Z [info]: GET /api/reviews/book/686fa492dca21dadb9ba8dfb
2025-07-11T08:10:29.627Z [info]: GET /api/reviews/book/686fa492dca21dadb9ba8dfc
2025-07-11T08:10:29.629Z [info]: GET /api/reviews/book/686fa492dca21dadb9ba8dfd
2025-07-11T08:10:29.643Z [info]: GET /api/reviews/book/686fa492dca21dadb9ba8dfe
2025-07-11T08:10:29.646Z [info]: GET /api/reviews/book/686fa492dca21dadb9ba8dff
2025-07-11T08:10:29.649Z [info]: GET /api/reviews/book/686fa492dca21dadb9ba8e00
2025-07-11T08:10:29.652Z [info]: GET /api/reviews/book/686fa492dca21dadb9ba8e01
2025-07-11T08:10:29.654Z [info]: GET /api/reviews/book/686fa492dca21dadb9ba8e02
2025-07-11T08:10:29.656Z [info]: GET /api/reviews/book/686fa492dca21dadb9ba8e03
2025-07-11T08:10:29.669Z [info]: GET /api/reviews/book/686fa492dca21dadb9ba8e04
2025-07-11T08:10:29.672Z [info]: GET /api/reviews/book/686fa492dca21dadb9ba8e05
2025-07-11T08:10:29.674Z [info]: GET /api/reviews/book/686fa492dca21dadb9ba8e06
2025-07-11T08:10:29.675Z [info]: GET /api/reviews/book/686fa492dca21dadb9ba8e07
2025-07-11T08:10:29.677Z [info]: GET /api/reviews/book/686fa492dca21dadb9ba8e08
2025-07-11T08:10:29.683Z [info]: GET /api/reviews/book/686fa492dca21dadb9ba8e09
2025-07-11T08:10:29.698Z [info]: GET /api/reviews/book/686fa492dca21dadb9ba8e0a
2025-07-11T08:10:29.702Z [info]: GET /api/reviews/book/686fa492dca21dadb9ba8e0b
2025-07-11T08:10:29.705Z [info]: GET /api/reviews/book/686fa492dca21dadb9ba8e0c
2025-07-11T08:10:29.706Z [info]: GET /api/reviews/book/686fa492dca21dadb9ba8de1
2025-07-11T08:10:29.708Z [info]: GET /api/reviews/book/686fa492dca21dadb9ba8de2
2025-07-11T08:10:48.455Z [info]: GET /api/reviews/book/686fa492dca21dadb9ba8da9
2025-07-11T08:10:48.465Z [info]: GET /api/reviews/book/686fa492dca21dadb9ba8daa
2025-07-11T08:10:48.470Z [info]: GET /api/reviews/book/686fa492dca21dadb9ba8dab
2025-07-11T08:10:48.476Z [info]: GET /api/reviews/book/686fa492dca21dadb9ba8daf
2025-07-11T08:10:48.504Z [info]: GET /api/reviews/book/686fa492dca21dadb9ba8db0
2025-07-11T08:10:48.509Z [info]: GET /api/reviews/book/686fa492dca21dadb9ba8db2
2025-07-11T08:10:48.512Z [info]: GET /api/reviews/book/686fa492dca21dadb9ba8db3
2025-07-11T08:10:48.523Z [info]: GET /api/reviews/book/686fa492dca21dadb9ba8dac
2025-07-11T08:10:48.531Z [info]: GET /api/reviews/book/686fa492dca21dadb9ba8db6
2025-07-11T08:10:48.539Z [info]: GET /api/reviews/book/686fa492dca21dadb9ba8db7
2025-07-11T08:10:48.542Z [info]: GET /api/reviews/book/686fa492dca21dadb9ba8db8
2025-07-11T08:10:48.546Z [info]: GET /api/reviews/book/686fa492dca21dadb9ba8db9
2025-07-11T08:10:48.549Z [info]: GET /api/reviews/book/686fa492dca21dadb9ba8dba
2025-07-11T08:10:48.567Z [info]: GET /api/reviews/book/686fa492dca21dadb9ba8dad
2025-07-11T08:10:48.572Z [info]: GET /api/reviews/book/686fa492dca21dadb9ba8dbb
2025-07-11T08:10:48.574Z [info]: GET /api/reviews/book/686fa492dca21dadb9ba8dbc
2025-07-11T08:10:48.576Z [info]: GET /api/reviews/book/686fa492dca21dadb9ba8dae
2025-07-11T08:10:48.578Z [info]: GET /api/reviews/book/686fa492dca21dadb9ba8db1
2025-07-11T08:10:48.581Z [info]: GET /api/reviews/book/686fa492dca21dadb9ba8dbd
2025-07-11T08:10:48.596Z [info]: GET /api/reviews/book/686fa492dca21dadb9ba8dbe
2025-07-11T08:10:48.598Z [info]: GET /api/reviews/book/686fa492dca21dadb9ba8dbf
2025-07-11T08:10:48.601Z [info]: GET /api/reviews/book/686fa492dca21dadb9ba8dc0
2025-07-11T08:10:48.610Z [info]: GET /api/reviews/book/686fa492dca21dadb9ba8dc1
2025-07-11T08:10:48.615Z [info]: GET /api/reviews/book/686fa492dca21dadb9ba8dc2
2025-07-11T08:10:48.617Z [info]: GET /api/reviews/book/686fa492dca21dadb9ba8dc3
2025-07-11T08:10:48.622Z [info]: GET /api/reviews/book/686fa492dca21dadb9ba8dc4
2025-07-11T08:10:48.625Z [info]: GET /api/reviews/book/686fa492dca21dadb9ba8dc5
2025-07-11T08:10:48.628Z [info]: GET /api/reviews/book/686fa492dca21dadb9ba8dc6
2025-07-11T08:10:48.630Z [info]: GET /api/reviews/book/686fa492dca21dadb9ba8dc7
2025-07-11T08:10:48.632Z [info]: GET /api/reviews/book/686fa492dca21dadb9ba8dc8
2025-07-11T08:10:48.634Z [info]: GET /api/reviews/book/686fa492dca21dadb9ba8dc9
2025-07-11T08:10:48.642Z [info]: GET /api/reviews/book/686fa492dca21dadb9ba8dca
2025-07-11T08:10:48.644Z [info]: GET /api/reviews/book/686fa492dca21dadb9ba8dcb
2025-07-11T08:10:48.648Z [info]: GET /api/reviews/book/686fa492dca21dadb9ba8dcc
2025-07-11T08:10:48.649Z [info]: GET /api/reviews/book/686fa492dca21dadb9ba8dcd
2025-07-11T08:10:48.652Z [info]: GET /api/reviews/book/686fa492dca21dadb9ba8dce
2025-07-11T08:10:48.654Z [info]: GET /api/reviews/book/686fa492dca21dadb9ba8dcf
2025-07-11T08:10:48.662Z [info]: GET /api/reviews/book/686fa492dca21dadb9ba8dd0
2025-07-11T08:10:48.666Z [info]: GET /api/reviews/book/686fa492dca21dadb9ba8dd1
2025-07-11T08:10:48.668Z [info]: GET /api/reviews/book/686fa492dca21dadb9ba8dd2
2025-07-11T08:10:48.671Z [info]: GET /api/reviews/book/686fa492dca21dadb9ba8dd3
2025-07-11T08:10:48.673Z [info]: GET /api/reviews/book/686fa492dca21dadb9ba8dd4
2025-07-11T08:10:48.676Z [info]: GET /api/reviews/book/686fa492dca21dadb9ba8dd5
2025-07-11T08:10:48.703Z [info]: GET /api/reviews/book/686fa492dca21dadb9ba8dd6
2025-07-11T08:10:48.706Z [info]: GET /api/reviews/book/686fa492dca21dadb9ba8dd7
2025-07-11T08:10:48.709Z [info]: GET /api/reviews/book/686fa492dca21dadb9ba8dd8
2025-07-11T08:10:48.713Z [info]: GET /api/reviews/book/686fa492dca21dadb9ba8dd9
2025-07-11T08:10:48.716Z [info]: GET /api/reviews/book/686fa492dca21dadb9ba8dda
2025-07-11T08:10:48.720Z [info]: GET /api/reviews/book/686fa492dca21dadb9ba8ddb
2025-07-11T08:10:48.730Z [info]: GET /api/reviews/book/686fa492dca21dadb9ba8ddc
2025-07-11T08:10:48.733Z [info]: GET /api/reviews/book/686fa492dca21dadb9ba8ddd
2025-07-11T08:10:48.735Z [info]: GET /api/reviews/book/686fa492dca21dadb9ba8dde
2025-07-11T08:10:48.737Z [info]: GET /api/reviews/book/686fa492dca21dadb9ba8ddf
2025-07-11T08:10:48.740Z [info]: GET /api/reviews/book/686fa492dca21dadb9ba8de0
2025-07-11T08:10:48.742Z [info]: GET /api/reviews/book/686fa492dca21dadb9ba8db5
2025-07-11T08:10:48.758Z [info]: GET /api/reviews/book/686fa492dca21dadb9ba8db4
2025-07-11T08:10:48.761Z [info]: GET /api/reviews/book/686fa492dca21dadb9ba8de3
2025-07-11T08:10:48.764Z [info]: GET /api/reviews/book/686fa492dca21dadb9ba8de4
2025-07-11T08:10:48.767Z [info]: GET /api/reviews/book/686fa492dca21dadb9ba8de5
2025-07-11T08:10:48.770Z [info]: GET /api/reviews/book/686fa492dca21dadb9ba8de6
2025-07-11T08:10:48.773Z [info]: GET /api/reviews/book/686fa492dca21dadb9ba8de7
2025-07-11T08:10:48.790Z [info]: GET /api/reviews/book/686fa492dca21dadb9ba8de8
2025-07-11T08:10:48.794Z [info]: GET /api/reviews/book/686fa492dca21dadb9ba8de9
2025-07-11T08:10:48.797Z [info]: GET /api/reviews/book/686fa492dca21dadb9ba8dea
2025-07-11T08:10:48.801Z [info]: GET /api/reviews/book/686fa492dca21dadb9ba8deb
2025-07-11T08:10:48.805Z [info]: GET /api/reviews/book/686fa492dca21dadb9ba8dec
2025-07-11T08:10:48.808Z [info]: GET /api/reviews/book/686fa492dca21dadb9ba8ded
2025-07-11T08:10:48.825Z [info]: GET /api/reviews/book/686fa492dca21dadb9ba8dee
2025-07-11T08:10:48.829Z [info]: GET /api/reviews/book/686fa492dca21dadb9ba8def
2025-07-11T08:10:48.833Z [info]: GET /api/reviews/book/686fa492dca21dadb9ba8df0
2025-07-11T08:10:48.836Z [info]: GET /api/reviews/book/686fa492dca21dadb9ba8df1
2025-07-11T08:10:48.838Z [info]: GET /api/reviews/book/686fa492dca21dadb9ba8df2
2025-07-11T08:10:48.840Z [info]: GET /api/reviews/book/686fa492dca21dadb9ba8df3
2025-07-11T08:10:48.851Z [info]: GET /api/reviews/book/686fa492dca21dadb9ba8df4
2025-07-11T08:10:48.854Z [info]: GET /api/reviews/book/686fa492dca21dadb9ba8df5
2025-07-11T08:10:48.856Z [info]: GET /api/reviews/book/686fa492dca21dadb9ba8df6
2025-07-11T08:10:48.859Z [info]: GET /api/reviews/book/686fa492dca21dadb9ba8df7
2025-07-11T08:10:48.863Z [info]: GET /api/reviews/book/686fa492dca21dadb9ba8df8
2025-07-11T08:10:48.865Z [info]: GET /api/reviews/book/686fa492dca21dadb9ba8df9
2025-07-11T08:10:48.877Z [info]: GET /api/reviews/book/686fa492dca21dadb9ba8dfa
2025-07-11T08:10:48.880Z [info]: GET /api/reviews/book/686fa492dca21dadb9ba8dfb
2025-07-11T08:10:48.882Z [info]: GET /api/reviews/book/686fa492dca21dadb9ba8dfc
2025-07-11T08:10:48.953Z [info]: GET /api/reviews/book/686fa492dca21dadb9ba8dfd
2025-07-11T08:10:48.962Z [info]: GET /api/reviews/book/686fa492dca21dadb9ba8dfe
2025-07-11T08:10:48.966Z [info]: GET /api/reviews/book/686fa492dca21dadb9ba8dff
2025-07-11T08:10:48.988Z [info]: GET /api/reviews/book/686fa492dca21dadb9ba8e00
2025-07-11T08:10:48.993Z [info]: GET /api/reviews/book/686fa492dca21dadb9ba8e01
2025-07-11T08:10:48.995Z [info]: GET /api/reviews/book/686fa492dca21dadb9ba8e02
2025-07-11T08:10:48.999Z [info]: GET /api/reviews/book/686fa492dca21dadb9ba8e03
2025-07-11T08:10:49.001Z [info]: GET /api/reviews/book/686fa492dca21dadb9ba8e04
2025-07-11T08:10:49.005Z [info]: GET /api/reviews/book/686fa492dca21dadb9ba8e05
2025-07-11T08:10:49.027Z [info]: GET /api/reviews/book/686fa492dca21dadb9ba8e06
2025-07-11T08:10:49.032Z [info]: GET /api/reviews/book/686fa492dca21dadb9ba8e07
2025-07-11T08:10:49.034Z [info]: GET /api/reviews/book/686fa492dca21dadb9ba8e08
2025-07-11T08:10:49.038Z [info]: GET /api/reviews/book/686fa492dca21dadb9ba8e09
2025-07-11T08:10:49.041Z [info]: GET /api/reviews/book/686fa492dca21dadb9ba8e0a
2025-07-11T08:10:49.059Z [info]: GET /api/reviews/book/686fa492dca21dadb9ba8e0b
2025-07-11T08:10:49.073Z [info]: GET /api/reviews/book/686fa492dca21dadb9ba8e0c
2025-07-11T08:10:49.076Z [info]: GET /api/reviews/book/686fa492dca21dadb9ba8de1
2025-07-11T08:10:49.078Z [info]: GET /api/reviews/book/686fa492dca21dadb9ba8de2
2025-07-11T08:10:49.907Z [info]: GET /api/reviews/book/686fa492dca21dadb9ba8da9
2025-07-11T08:10:49.917Z [info]: GET /api/reviews/book/686fa492dca21dadb9ba8daa
2025-07-11T08:10:49.920Z [info]: GET /api/reviews/book/686fa492dca21dadb9ba8dab
2025-07-11T08:10:49.924Z [info]: GET /api/reviews/book/686fa492dca21dadb9ba8daf
2025-07-11T08:10:49.928Z [info]: GET /api/reviews/book/686fa492dca21dadb9ba8db0
2025-07-11T08:10:49.935Z [info]: GET /api/reviews/book/686fa492dca21dadb9ba8db2
2025-07-11T08:10:49.956Z [info]: GET /api/reviews/book/686fa492dca21dadb9ba8db3
2025-07-11T08:10:49.959Z [info]: GET /api/reviews/book/686fa492dca21dadb9ba8dac
2025-07-11T08:10:49.963Z [info]: GET /api/reviews/book/686fa492dca21dadb9ba8db6
2025-07-11T08:10:49.969Z [info]: GET /api/reviews/book/686fa492dca21dadb9ba8db7
2025-07-11T08:10:49.975Z [info]: GET /api/reviews/book/686fa492dca21dadb9ba8db8
2025-07-11T08:10:49.977Z [info]: GET /api/reviews/book/686fa492dca21dadb9ba8db9
2025-07-11T08:10:49.989Z [info]: GET /api/reviews/book/686fa492dca21dadb9ba8dba
2025-07-11T08:10:49.992Z [info]: GET /api/reviews/book/686fa492dca21dadb9ba8dad
2025-07-11T08:10:49.994Z [info]: GET /api/reviews/book/686fa492dca21dadb9ba8dbb
2025-07-11T08:10:50.001Z [info]: GET /api/reviews/book/686fa492dca21dadb9ba8dbc
2025-07-11T08:10:50.005Z [info]: GET /api/reviews/book/686fa492dca21dadb9ba8dae
2025-07-11T08:10:50.008Z [info]: GET /api/reviews/book/686fa492dca21dadb9ba8db1
2025-07-11T08:10:50.027Z [info]: GET /api/reviews/book/686fa492dca21dadb9ba8dbd
2025-07-11T08:10:50.032Z [info]: GET /api/reviews/book/686fa492dca21dadb9ba8dbe
2025-07-11T08:10:50.035Z [info]: GET /api/reviews/book/686fa492dca21dadb9ba8dbf
2025-07-11T08:10:50.038Z [info]: GET /api/reviews/book/686fa492dca21dadb9ba8dc0
2025-07-11T08:10:50.040Z [info]: GET /api/reviews/book/686fa492dca21dadb9ba8dc1
2025-07-11T08:10:50.042Z [info]: GET /api/reviews/book/686fa492dca21dadb9ba8dc2
2025-07-11T08:10:50.071Z [info]: GET /api/reviews/book/686fa492dca21dadb9ba8dc3
2025-07-11T08:10:50.074Z [info]: GET /api/reviews/book/686fa492dca21dadb9ba8dc4
2025-07-11T08:10:50.076Z [info]: GET /api/reviews/book/686fa492dca21dadb9ba8dc5
2025-07-11T08:10:50.078Z [info]: GET /api/reviews/book/686fa492dca21dadb9ba8dc6
2025-07-11T08:10:50.082Z [info]: GET /api/reviews/book/686fa492dca21dadb9ba8dc7
2025-07-11T08:10:50.084Z [info]: GET /api/reviews/book/686fa492dca21dadb9ba8dc8
2025-07-11T08:10:50.104Z [info]: GET /api/reviews/book/686fa492dca21dadb9ba8dc9
2025-07-11T08:10:50.107Z [info]: GET /api/reviews/book/686fa492dca21dadb9ba8dca
2025-07-11T08:10:50.108Z [info]: GET /api/reviews/book/686fa492dca21dadb9ba8dcb
2025-07-11T08:10:50.110Z [info]: GET /api/reviews/book/686fa492dca21dadb9ba8dcc
2025-07-11T08:10:50.112Z [info]: GET /api/reviews/book/686fa492dca21dadb9ba8dcd
2025-07-11T08:10:50.115Z [info]: GET /api/reviews/book/686fa492dca21dadb9ba8dce
2025-07-11T08:10:50.125Z [info]: GET /api/reviews/book/686fa492dca21dadb9ba8dcf
2025-07-11T08:10:50.128Z [info]: GET /api/reviews/book/686fa492dca21dadb9ba8dd0
2025-07-11T08:10:50.131Z [info]: GET /api/reviews/book/686fa492dca21dadb9ba8dd1
2025-07-11T08:10:50.133Z [info]: GET /api/reviews/book/686fa492dca21dadb9ba8dd2
2025-07-11T08:10:50.137Z [info]: GET /api/reviews/book/686fa492dca21dadb9ba8dd3
2025-07-11T08:10:50.139Z [info]: GET /api/reviews/book/686fa492dca21dadb9ba8dd4
2025-07-11T08:10:50.149Z [info]: GET /api/reviews/book/686fa492dca21dadb9ba8dd5
2025-07-11T08:10:50.154Z [info]: GET /api/reviews/book/686fa492dca21dadb9ba8dd6
2025-07-11T08:10:50.156Z [info]: GET /api/reviews/book/686fa492dca21dadb9ba8dd7
2025-07-11T08:10:50.158Z [info]: GET /api/reviews/book/686fa492dca21dadb9ba8dd8
2025-07-11T08:10:50.160Z [info]: GET /api/reviews/book/686fa492dca21dadb9ba8dd9
2025-07-11T08:10:50.161Z [info]: GET /api/reviews/book/686fa492dca21dadb9ba8dda
2025-07-11T08:10:50.172Z [info]: GET /api/reviews/book/686fa492dca21dadb9ba8ddb
2025-07-11T08:10:50.174Z [info]: GET /api/reviews/book/686fa492dca21dadb9ba8ddc
2025-07-11T08:10:50.176Z [info]: GET /api/reviews/book/686fa492dca21dadb9ba8ddd
2025-07-11T08:10:50.177Z [info]: GET /api/reviews/book/686fa492dca21dadb9ba8dde
2025-07-11T08:10:50.179Z [info]: GET /api/reviews/book/686fa492dca21dadb9ba8ddf
2025-07-11T08:10:50.182Z [info]: GET /api/reviews/book/686fa492dca21dadb9ba8de0
2025-07-11T08:10:50.191Z [info]: GET /api/reviews/book/686fa492dca21dadb9ba8db5
2025-07-11T08:10:50.194Z [info]: GET /api/reviews/book/686fa492dca21dadb9ba8db4
2025-07-11T08:10:50.197Z [info]: GET /api/reviews/book/686fa492dca21dadb9ba8de3
2025-07-11T08:10:50.201Z [info]: GET /api/reviews/book/686fa492dca21dadb9ba8de4
2025-07-11T08:10:50.205Z [info]: GET /api/reviews/book/686fa492dca21dadb9ba8de5
2025-07-11T08:10:50.207Z [info]: GET /api/reviews/book/686fa492dca21dadb9ba8de6
2025-07-11T08:10:50.221Z [info]: GET /api/reviews/book/686fa492dca21dadb9ba8de7
2025-07-11T08:10:50.224Z [info]: GET /api/reviews/book/686fa492dca21dadb9ba8de8
2025-07-11T08:10:50.225Z [info]: GET /api/reviews/book/686fa492dca21dadb9ba8de9
2025-07-11T08:10:50.227Z [info]: GET /api/reviews/book/686fa492dca21dadb9ba8dea
2025-07-11T08:10:50.230Z [info]: GET /api/reviews/book/686fa492dca21dadb9ba8deb
2025-07-11T08:10:50.234Z [info]: GET /api/reviews/book/686fa492dca21dadb9ba8dec
2025-07-11T08:10:50.242Z [info]: GET /api/reviews/book/686fa492dca21dadb9ba8ded
2025-07-11T08:10:50.245Z [info]: GET /api/reviews/book/686fa492dca21dadb9ba8dee
2025-07-11T08:10:50.249Z [info]: GET /api/reviews/book/686fa492dca21dadb9ba8def
2025-07-11T08:10:50.251Z [info]: GET /api/reviews/book/686fa492dca21dadb9ba8df0
2025-07-11T08:10:50.254Z [info]: GET /api/reviews/book/686fa492dca21dadb9ba8df1
2025-07-11T08:10:50.257Z [info]: GET /api/reviews/book/686fa492dca21dadb9ba8df2
2025-07-11T08:10:50.275Z [info]: GET /api/reviews/book/686fa492dca21dadb9ba8df3
2025-07-11T08:10:50.277Z [info]: GET /api/reviews/book/686fa492dca21dadb9ba8df4
2025-07-11T08:10:50.280Z [info]: GET /api/reviews/book/686fa492dca21dadb9ba8df5
2025-07-11T08:10:50.283Z [info]: GET /api/reviews/book/686fa492dca21dadb9ba8df6
2025-07-11T08:10:50.287Z [info]: GET /api/reviews/book/686fa492dca21dadb9ba8df7
2025-07-11T08:10:50.290Z [info]: GET /api/reviews/book/686fa492dca21dadb9ba8df8
2025-07-11T08:10:50.298Z [info]: GET /api/reviews/book/686fa492dca21dadb9ba8df9
2025-07-11T08:10:50.304Z [info]: GET /api/reviews/book/686fa492dca21dadb9ba8dfa
2025-07-11T08:10:50.305Z [info]: GET /api/reviews/book/686fa492dca21dadb9ba8dfb
2025-07-11T08:10:50.307Z [info]: GET /api/reviews/book/686fa492dca21dadb9ba8dfc
2025-07-11T08:10:50.308Z [info]: GET /api/reviews/book/686fa492dca21dadb9ba8dfd
2025-07-11T08:10:50.310Z [info]: GET /api/reviews/book/686fa492dca21dadb9ba8dfe
2025-07-11T08:10:50.320Z [info]: GET /api/reviews/book/686fa492dca21dadb9ba8dff
2025-07-11T08:10:50.322Z [info]: GET /api/reviews/book/686fa492dca21dadb9ba8e00
2025-07-11T08:10:50.323Z [info]: GET /api/reviews/book/686fa492dca21dadb9ba8e01
2025-07-11T08:10:50.325Z [info]: GET /api/reviews/book/686fa492dca21dadb9ba8e02
2025-07-11T08:10:50.327Z [info]: GET /api/reviews/book/686fa492dca21dadb9ba8e03
2025-07-11T08:10:50.329Z [info]: GET /api/reviews/book/686fa492dca21dadb9ba8e04
2025-07-11T08:10:50.340Z [info]: GET /api/reviews/book/686fa492dca21dadb9ba8e05
2025-07-11T08:10:50.342Z [info]: GET /api/reviews/book/686fa492dca21dadb9ba8e06
2025-07-11T08:10:50.343Z [info]: GET /api/reviews/book/686fa492dca21dadb9ba8e07
2025-07-11T08:10:50.345Z [info]: GET /api/reviews/book/686fa492dca21dadb9ba8e08
2025-07-11T08:10:50.348Z [info]: GET /api/reviews/book/686fa492dca21dadb9ba8e09
2025-07-11T08:10:50.351Z [info]: GET /api/reviews/book/686fa492dca21dadb9ba8e0a
2025-07-11T08:10:50.359Z [info]: GET /api/reviews/book/686fa492dca21dadb9ba8e0b
2025-07-11T08:10:50.362Z [info]: GET /api/reviews/book/686fa492dca21dadb9ba8e0c
2025-07-11T08:10:50.365Z [info]: GET /api/reviews/book/686fa492dca21dadb9ba8de1
2025-07-11T08:10:50.367Z [info]: GET /api/reviews/book/686fa492dca21dadb9ba8de2
2025-07-11T08:12:10.346Z [info]: GET /api/reviews/book/686fa492dca21dadb9ba8da9
2025-07-11T08:12:10.353Z [info]: GET /api/reviews/book/686fa492dca21dadb9ba8daa
2025-07-11T08:12:10.357Z [info]: GET /api/reviews/book/686fa492dca21dadb9ba8dab
2025-07-11T08:12:10.364Z [info]: GET /api/reviews/book/686fa492dca21dadb9ba8daf
2025-07-11T08:12:10.366Z [info]: GET /api/reviews/book/686fa492dca21dadb9ba8db0
2025-07-11T08:12:10.370Z [info]: GET /api/reviews/book/686fa492dca21dadb9ba8db2
2025-07-11T08:12:10.375Z [info]: GET /api/reviews/book/686fa492dca21dadb9ba8db3
2025-07-11T08:12:10.381Z [info]: GET /api/reviews/book/686fa492dca21dadb9ba8dac
2025-07-11T08:12:10.385Z [info]: GET /api/reviews/book/686fa492dca21dadb9ba8db6
2025-07-11T08:12:10.388Z [info]: GET /api/reviews/book/686fa492dca21dadb9ba8db7
2025-07-11T08:12:10.393Z [info]: GET /api/reviews/book/686fa492dca21dadb9ba8db8
2025-07-11T08:12:10.396Z [info]: GET /api/reviews/book/686fa492dca21dadb9ba8db9
2025-07-11T08:12:10.399Z [info]: GET /api/reviews/book/686fa492dca21dadb9ba8dba
2025-07-11T08:12:10.402Z [info]: GET /api/reviews/book/686fa492dca21dadb9ba8dad
2025-07-11T08:12:10.416Z [info]: GET /api/reviews/book/686fa492dca21dadb9ba8dbb
2025-07-11T08:12:10.418Z [info]: GET /api/reviews/book/686fa492dca21dadb9ba8dbc
2025-07-11T08:12:10.420Z [info]: GET /api/reviews/book/686fa492dca21dadb9ba8dae
2025-07-11T08:12:10.423Z [info]: GET /api/reviews/book/686fa492dca21dadb9ba8db1
2025-07-11T08:12:10.428Z [info]: GET /api/reviews/book/686fa492dca21dadb9ba8dbd
2025-07-11T08:12:10.431Z [info]: GET /api/reviews/book/686fa492dca21dadb9ba8dbe
2025-07-11T08:12:10.443Z [info]: GET /api/reviews/book/686fa492dca21dadb9ba8dbf
2025-07-11T08:12:10.446Z [info]: GET /api/reviews/book/686fa492dca21dadb9ba8dc0
2025-07-11T08:12:10.449Z [info]: GET /api/reviews/book/686fa492dca21dadb9ba8dc1
2025-07-11T08:12:10.457Z [info]: GET /api/reviews/book/686fa492dca21dadb9ba8dc2
2025-07-11T08:12:10.459Z [info]: GET /api/reviews/book/686fa492dca21dadb9ba8dc3
2025-07-11T08:12:10.461Z [info]: GET /api/reviews/book/686fa492dca21dadb9ba8dc4
2025-07-11T08:12:10.476Z [info]: GET /api/reviews/book/686fa492dca21dadb9ba8dc5
2025-07-11T08:12:10.479Z [info]: GET /api/reviews/book/686fa492dca21dadb9ba8dc6
2025-07-11T08:12:10.485Z [info]: GET /api/reviews/book/686fa492dca21dadb9ba8dc7
2025-07-11T08:12:10.489Z [info]: GET /api/reviews/book/686fa492dca21dadb9ba8dc8
2025-07-11T08:12:10.491Z [info]: GET /api/reviews/book/686fa492dca21dadb9ba8dc9
2025-07-11T08:12:10.493Z [info]: GET /api/reviews/book/686fa492dca21dadb9ba8dca
2025-07-11T08:12:10.503Z [info]: GET /api/reviews/book/686fa492dca21dadb9ba8dcb
2025-07-11T08:12:10.506Z [info]: GET /api/reviews/book/686fa492dca21dadb9ba8dcc
2025-07-11T08:12:10.508Z [info]: GET /api/reviews/book/686fa492dca21dadb9ba8dcd
2025-07-11T08:12:10.512Z [info]: GET /api/reviews/book/686fa492dca21dadb9ba8dce
2025-07-11T08:12:10.516Z [info]: GET /api/reviews/book/686fa492dca21dadb9ba8dcf
2025-07-11T08:12:10.522Z [info]: GET /api/reviews/book/686fa492dca21dadb9ba8dd0
2025-07-11T08:12:10.537Z [info]: GET /api/reviews/book/686fa492dca21dadb9ba8dd1
2025-07-11T08:12:10.542Z [info]: GET /api/reviews/book/686fa492dca21dadb9ba8dd2
2025-07-11T08:12:10.546Z [info]: GET /api/reviews/book/686fa492dca21dadb9ba8dd3
2025-07-11T08:12:10.549Z [info]: GET /api/reviews/book/686fa492dca21dadb9ba8dd4
2025-07-11T08:12:10.552Z [info]: GET /api/reviews/book/686fa492dca21dadb9ba8dd5
2025-07-11T08:12:10.554Z [info]: GET /api/reviews/book/686fa492dca21dadb9ba8dd6
2025-07-11T08:12:10.566Z [info]: GET /api/reviews/book/686fa492dca21dadb9ba8dd7
2025-07-11T08:12:10.569Z [info]: GET /api/reviews/book/686fa492dca21dadb9ba8dd8
2025-07-11T08:12:10.571Z [info]: GET /api/reviews/book/686fa492dca21dadb9ba8dd9
2025-07-11T08:12:10.574Z [info]: GET /api/reviews/book/686fa492dca21dadb9ba8dda
2025-07-11T08:12:10.577Z [info]: GET /api/reviews/book/686fa492dca21dadb9ba8ddb
2025-07-11T08:12:10.579Z [info]: GET /api/reviews/book/686fa492dca21dadb9ba8ddc
2025-07-11T08:12:10.593Z [info]: GET /api/reviews/book/686fa492dca21dadb9ba8ddd
2025-07-11T08:12:10.596Z [info]: GET /api/reviews/book/686fa492dca21dadb9ba8dde
2025-07-11T08:12:10.598Z [info]: GET /api/reviews/book/686fa492dca21dadb9ba8ddf
2025-07-11T08:12:10.600Z [info]: GET /api/reviews/book/686fa492dca21dadb9ba8de0
2025-07-11T08:12:10.601Z [info]: GET /api/reviews/book/686fa492dca21dadb9ba8db5
2025-07-11T08:12:10.604Z [info]: GET /api/reviews/book/686fa492dca21dadb9ba8db4
2025-07-11T08:12:10.616Z [info]: GET /api/reviews/book/686fa492dca21dadb9ba8de3
2025-07-11T08:12:10.620Z [info]: GET /api/reviews/book/686fa492dca21dadb9ba8de4
2025-07-11T08:12:10.623Z [info]: GET /api/reviews/book/686fa492dca21dadb9ba8de5
2025-07-11T08:12:10.626Z [info]: GET /api/reviews/book/686fa492dca21dadb9ba8de6
2025-07-11T08:12:10.629Z [info]: GET /api/reviews/book/686fa492dca21dadb9ba8de7
2025-07-11T08:12:10.631Z [info]: GET /api/reviews/book/686fa492dca21dadb9ba8de8
2025-07-11T08:12:10.654Z [info]: GET /api/reviews/book/686fa492dca21dadb9ba8de9
2025-07-11T08:12:10.658Z [info]: GET /api/reviews/book/686fa492dca21dadb9ba8dea
2025-07-11T08:12:10.663Z [info]: GET /api/reviews/book/686fa492dca21dadb9ba8deb
2025-07-11T08:12:10.666Z [info]: GET /api/reviews/book/686fa492dca21dadb9ba8dec
2025-07-11T08:12:10.671Z [info]: GET /api/reviews/book/686fa492dca21dadb9ba8ded
2025-07-11T08:12:10.677Z [info]: GET /api/reviews/book/686fa492dca21dadb9ba8dee
2025-07-11T08:12:10.692Z [info]: GET /api/reviews/book/686fa492dca21dadb9ba8def
2025-07-11T08:12:10.696Z [info]: GET /api/reviews/book/686fa492dca21dadb9ba8df0
2025-07-11T08:12:10.699Z [info]: GET /api/reviews/book/686fa492dca21dadb9ba8df1
2025-07-11T08:12:10.707Z [info]: GET /api/reviews/book/686fa492dca21dadb9ba8df2
2025-07-11T08:12:10.710Z [info]: GET /api/reviews/book/686fa492dca21dadb9ba8df3
2025-07-11T08:12:10.716Z [info]: GET /api/reviews/book/686fa492dca21dadb9ba8df4
2025-07-11T08:12:10.731Z [info]: GET /api/reviews/book/686fa492dca21dadb9ba8df5
2025-07-11T08:12:10.734Z [info]: GET /api/reviews/book/686fa492dca21dadb9ba8df6
2025-07-11T08:12:10.736Z [info]: GET /api/reviews/book/686fa492dca21dadb9ba8df7
2025-07-11T08:12:10.739Z [info]: GET /api/reviews/book/686fa492dca21dadb9ba8df8
2025-07-11T08:12:10.742Z [info]: GET /api/reviews/book/686fa492dca21dadb9ba8df9
2025-07-11T08:12:10.745Z [info]: GET /api/reviews/book/686fa492dca21dadb9ba8dfa
2025-07-11T08:12:10.762Z [info]: GET /api/reviews/book/686fa492dca21dadb9ba8dfb
2025-07-11T08:12:10.771Z [info]: GET /api/reviews/book/686fa492dca21dadb9ba8dfc
2025-07-11T08:12:10.774Z [info]: GET /api/reviews/book/686fa492dca21dadb9ba8dfd
2025-07-11T08:12:10.777Z [info]: GET /api/reviews/book/686fa492dca21dadb9ba8dfe
2025-07-11T08:12:10.780Z [info]: GET /api/reviews/book/686fa492dca21dadb9ba8dff
2025-07-11T08:12:10.783Z [info]: GET /api/reviews/book/686fa492dca21dadb9ba8e00
2025-07-11T08:12:10.798Z [info]: GET /api/reviews/book/686fa492dca21dadb9ba8e01
2025-07-11T08:12:10.802Z [info]: GET /api/reviews/book/686fa492dca21dadb9ba8e02
2025-07-11T08:12:10.807Z [info]: GET /api/reviews/book/686fa492dca21dadb9ba8e03
2025-07-11T08:12:10.811Z [info]: GET /api/reviews/book/686fa492dca21dadb9ba8e04
2025-07-11T08:12:10.815Z [info]: GET /api/reviews/book/686fa492dca21dadb9ba8e05
2025-07-11T08:12:10.819Z [info]: GET /api/reviews/book/686fa492dca21dadb9ba8e06
2025-07-11T08:12:10.836Z [info]: GET /api/reviews/book/686fa492dca21dadb9ba8e07
2025-07-11T08:12:10.844Z [info]: GET /api/reviews/book/686fa492dca21dadb9ba8e08
2025-07-11T08:12:10.846Z [info]: GET /api/reviews/book/686fa492dca21dadb9ba8e09
2025-07-11T08:12:10.851Z [info]: GET /api/reviews/book/686fa492dca21dadb9ba8e0a
2025-07-11T08:12:10.853Z [info]: GET /api/reviews/book/686fa492dca21dadb9ba8e0b
2025-07-11T08:12:10.856Z [info]: GET /api/reviews/book/686fa492dca21dadb9ba8e0c
2025-07-11T08:12:10.872Z [info]: GET /api/reviews/book/686fa492dca21dadb9ba8de1
2025-07-11T08:12:10.876Z [info]: GET /api/reviews/book/686fa492dca21dadb9ba8de2
2025-07-11T08:12:38.807Z [info]: GET /api/reviews/book/686fa492dca21dadb9ba8da9
2025-07-11T08:12:38.812Z [info]: GET /api/reviews/book/686fa492dca21dadb9ba8daa
2025-07-11T08:12:38.817Z [info]: GET /api/reviews/book/686fa492dca21dadb9ba8dab
2025-07-11T08:12:38.832Z [info]: GET /api/reviews/book/686fa492dca21dadb9ba8daf
2025-07-11T08:12:38.835Z [info]: GET /api/reviews/book/686fa492dca21dadb9ba8db0
2025-07-11T08:12:38.840Z [info]: GET /api/reviews/book/686fa492dca21dadb9ba8db2
2025-07-11T08:12:38.850Z [info]: GET /api/reviews/book/686fa492dca21dadb9ba8db3
2025-07-11T08:12:38.853Z [info]: GET /api/reviews/book/686fa492dca21dadb9ba8dac
2025-07-11T08:12:38.857Z [info]: GET /api/reviews/book/686fa492dca21dadb9ba8db6
2025-07-11T08:12:38.860Z [info]: GET /api/reviews/book/686fa492dca21dadb9ba8db7
2025-07-11T08:12:38.864Z [info]: GET /api/reviews/book/686fa492dca21dadb9ba8db8
2025-07-11T08:12:38.870Z [info]: GET /api/reviews/book/686fa492dca21dadb9ba8db9
2025-07-11T08:12:38.876Z [info]: GET /api/reviews/book/686fa492dca21dadb9ba8dba
2025-07-11T08:12:38.880Z [info]: GET /api/reviews/book/686fa492dca21dadb9ba8dad
2025-07-11T08:12:38.883Z [info]: GET /api/reviews/book/686fa492dca21dadb9ba8dbb
2025-07-11T08:12:38.886Z [info]: GET /api/reviews/book/686fa492dca21dadb9ba8dbc
2025-07-11T08:12:38.889Z [info]: GET /api/reviews/book/686fa492dca21dadb9ba8dae
2025-07-11T08:12:38.893Z [info]: GET /api/reviews/book/686fa492dca21dadb9ba8db1
2025-07-11T08:12:38.896Z [info]: GET /api/reviews/book/686fa492dca21dadb9ba8dbd
2025-07-11T08:12:38.901Z [info]: GET /api/reviews/book/686fa492dca21dadb9ba8dbe
2025-07-11T08:12:38.904Z [info]: GET /api/reviews/book/686fa492dca21dadb9ba8dbf
2025-07-11T08:12:38.908Z [info]: GET /api/reviews/book/686fa492dca21dadb9ba8dc0
2025-07-11T08:12:38.911Z [info]: GET /api/reviews/book/686fa492dca21dadb9ba8dc1
2025-07-11T08:12:38.919Z [info]: GET /api/reviews/book/686fa492dca21dadb9ba8dc2
2025-07-11T08:12:38.922Z [info]: GET /api/reviews/book/686fa492dca21dadb9ba8dc3
2025-07-11T08:12:38.925Z [info]: GET /api/reviews/book/686fa492dca21dadb9ba8dc4
2025-07-11T08:12:38.927Z [info]: GET /api/reviews/book/686fa492dca21dadb9ba8dc5
2025-07-11T08:12:38.930Z [info]: GET /api/reviews/book/686fa492dca21dadb9ba8dc6
2025-07-11T08:12:38.934Z [info]: GET /api/reviews/book/686fa492dca21dadb9ba8dc7
2025-07-11T08:12:38.940Z [info]: GET /api/reviews/book/686fa492dca21dadb9ba8dc8
2025-07-11T08:12:38.943Z [info]: GET /api/reviews/book/686fa492dca21dadb9ba8dc9
2025-07-11T08:12:38.946Z [info]: GET /api/reviews/book/686fa492dca21dadb9ba8dca
2025-07-11T08:12:38.949Z [info]: GET /api/reviews/book/686fa492dca21dadb9ba8dcb
2025-07-11T08:12:38.953Z [info]: GET /api/reviews/book/686fa492dca21dadb9ba8dcc
2025-07-11T08:12:38.960Z [info]: GET /api/reviews/book/686fa492dca21dadb9ba8dcd
2025-07-11T08:12:38.966Z [info]: GET /api/reviews/book/686fa492dca21dadb9ba8dce
2025-07-11T08:12:38.971Z [info]: GET /api/reviews/book/686fa492dca21dadb9ba8dcf
2025-07-11T08:12:38.975Z [info]: GET /api/reviews/book/686fa492dca21dadb9ba8dd0
2025-07-11T08:12:38.978Z [info]: GET /api/reviews/book/686fa492dca21dadb9ba8dd1
2025-07-11T08:12:38.982Z [info]: GET /api/reviews/book/686fa492dca21dadb9ba8dd2
2025-07-11T08:12:38.987Z [info]: GET /api/reviews/book/686fa492dca21dadb9ba8dd3
2025-07-11T08:12:38.995Z [info]: GET /api/reviews/book/686fa492dca21dadb9ba8dd4
2025-07-11T08:12:39.001Z [info]: GET /api/reviews/book/686fa492dca21dadb9ba8dd5
2025-07-11T08:12:39.022Z [info]: GET /api/reviews/book/686fa492dca21dadb9ba8dd6
2025-07-11T08:12:39.039Z [info]: GET /api/reviews/book/686fa492dca21dadb9ba8dd7
2025-07-11T08:12:39.042Z [info]: GET /api/reviews/book/686fa492dca21dadb9ba8dd8
2025-07-11T08:12:39.045Z [info]: GET /api/reviews/book/686fa492dca21dadb9ba8dd9
2025-07-11T08:12:39.053Z [info]: GET /api/reviews/book/686fa492dca21dadb9ba8dda
2025-07-11T08:12:39.058Z [info]: GET /api/reviews/book/686fa492dca21dadb9ba8ddb
2025-07-11T08:12:39.062Z [info]: GET /api/reviews/book/686fa492dca21dadb9ba8ddc
2025-07-11T08:12:39.065Z [info]: GET /api/reviews/book/686fa492dca21dadb9ba8ddd
2025-07-11T08:12:39.073Z [info]: GET /api/reviews/book/686fa492dca21dadb9ba8dde
2025-07-11T08:12:39.077Z [info]: GET /api/reviews/book/686fa492dca21dadb9ba8ddf
2025-07-11T08:12:39.085Z [info]: GET /api/reviews/book/686fa492dca21dadb9ba8de0
2025-07-11T08:12:39.090Z [info]: GET /api/reviews/book/686fa492dca21dadb9ba8db5
2025-07-11T08:12:39.094Z [info]: GET /api/reviews/book/686fa492dca21dadb9ba8db4
2025-07-11T08:12:39.096Z [info]: GET /api/reviews/book/686fa492dca21dadb9ba8de3
2025-07-11T08:12:39.103Z [info]: GET /api/reviews/book/686fa492dca21dadb9ba8de4
2025-07-11T08:12:39.108Z [info]: GET /api/reviews/book/686fa492dca21dadb9ba8de5
2025-07-11T08:12:39.113Z [info]: GET /api/reviews/book/686fa492dca21dadb9ba8de6
2025-07-11T08:12:39.127Z [info]: GET /api/reviews/book/686fa492dca21dadb9ba8de7
2025-07-11T08:12:39.139Z [info]: GET /api/reviews/book/686fa492dca21dadb9ba8de8
2025-07-11T08:12:39.144Z [info]: GET /api/reviews/book/686fa492dca21dadb9ba8de9
2025-07-11T08:12:39.149Z [info]: GET /api/reviews/book/686fa492dca21dadb9ba8dea
2025-07-11T08:12:39.155Z [info]: GET /api/reviews/book/686fa492dca21dadb9ba8deb
2025-07-11T08:12:39.161Z [info]: GET /api/reviews/book/686fa492dca21dadb9ba8dec
2025-07-11T08:12:39.168Z [info]: GET /api/reviews/book/686fa492dca21dadb9ba8ded
2025-07-11T08:12:39.174Z [info]: GET /api/reviews/book/686fa492dca21dadb9ba8dee
2025-07-11T08:12:39.177Z [info]: GET /api/reviews/book/686fa492dca21dadb9ba8def
2025-07-11T08:12:39.179Z [info]: GET /api/reviews/book/686fa492dca21dadb9ba8df0
2025-07-11T08:12:39.184Z [info]: GET /api/reviews/book/686fa492dca21dadb9ba8df1
2025-07-11T08:12:39.190Z [info]: GET /api/reviews/book/686fa492dca21dadb9ba8df2
2025-07-11T08:12:39.194Z [info]: GET /api/reviews/book/686fa492dca21dadb9ba8df3
2025-07-11T08:12:39.196Z [info]: GET /api/reviews/book/686fa492dca21dadb9ba8df4
2025-07-11T08:12:39.200Z [info]: GET /api/reviews/book/686fa492dca21dadb9ba8df5
2025-07-11T08:12:39.205Z [info]: GET /api/reviews/book/686fa492dca21dadb9ba8df6
2025-07-11T08:12:39.210Z [info]: GET /api/reviews/book/686fa492dca21dadb9ba8df7
2025-07-11T08:12:39.217Z [info]: GET /api/reviews/book/686fa492dca21dadb9ba8df8
2025-07-11T08:12:39.225Z [info]: GET /api/reviews/book/686fa492dca21dadb9ba8df9
2025-07-11T08:12:39.228Z [info]: GET /api/reviews/book/686fa492dca21dadb9ba8dfa
2025-07-11T08:12:39.233Z [info]: GET /api/reviews/book/686fa492dca21dadb9ba8dfb
2025-07-11T08:12:39.237Z [info]: GET /api/reviews/book/686fa492dca21dadb9ba8dfc
2025-07-11T08:12:39.241Z [info]: GET /api/reviews/book/686fa492dca21dadb9ba8dfd
2025-07-11T08:12:39.244Z [info]: GET /api/reviews/book/686fa492dca21dadb9ba8dfe
2025-07-11T08:12:39.250Z [info]: GET /api/reviews/book/686fa492dca21dadb9ba8dff
2025-07-11T08:12:39.256Z [info]: GET /api/reviews/book/686fa492dca21dadb9ba8e00
2025-07-11T08:12:39.259Z [info]: GET /api/reviews/book/686fa492dca21dadb9ba8e01
2025-07-11T08:12:39.261Z [info]: GET /api/reviews/book/686fa492dca21dadb9ba8e02
2025-07-11T08:12:39.269Z [info]: GET /api/reviews/book/686fa492dca21dadb9ba8e03
2025-07-11T08:12:39.278Z [info]: GET /api/reviews/book/686fa492dca21dadb9ba8e04
2025-07-11T08:12:39.282Z [info]: GET /api/reviews/book/686fa492dca21dadb9ba8e05
2025-07-11T08:12:39.289Z [info]: GET /api/reviews/book/686fa492dca21dadb9ba8e06
2025-07-11T08:12:39.291Z [info]: GET /api/reviews/book/686fa492dca21dadb9ba8e07
2025-07-11T08:12:39.294Z [info]: GET /api/reviews/book/686fa492dca21dadb9ba8e08
2025-07-11T08:12:39.298Z [info]: GET /api/reviews/book/686fa492dca21dadb9ba8e09
2025-07-11T08:12:39.306Z [info]: GET /api/reviews/book/686fa492dca21dadb9ba8e0a
2025-07-11T08:12:39.310Z [info]: GET /api/reviews/book/686fa492dca21dadb9ba8e0b
2025-07-11T08:12:39.312Z [info]: GET /api/reviews/book/686fa492dca21dadb9ba8e0c
2025-07-11T08:12:39.316Z [info]: GET /api/reviews/book/686fa492dca21dadb9ba8de1
2025-07-11T08:12:39.323Z [info]: GET /api/reviews/book/686fa492dca21dadb9ba8de2
2025-07-11T08:14:02.300Z [info]: GET /api/reviews/book/686fa492dca21dadb9ba8da9
2025-07-11T08:14:02.303Z [info]: GET /api/reviews/book/686fa492dca21dadb9ba8daa
2025-07-11T08:14:02.307Z [info]: GET /api/reviews/book/686fa492dca21dadb9ba8dab
2025-07-11T08:14:02.312Z [info]: GET /api/reviews/book/686fa492dca21dadb9ba8daf
2025-07-11T08:14:02.315Z [info]: GET /api/reviews/book/686fa492dca21dadb9ba8db0
2025-07-11T08:14:02.319Z [info]: GET /api/reviews/book/686fa492dca21dadb9ba8db2
2025-07-11T08:14:02.334Z [info]: GET /api/reviews/book/686fa492dca21dadb9ba8db3
2025-07-11T08:14:02.337Z [info]: GET /api/reviews/book/686fa492dca21dadb9ba8dac
2025-07-11T08:14:02.340Z [info]: GET /api/reviews/book/686fa492dca21dadb9ba8db6
2025-07-11T08:14:02.343Z [info]: GET /api/reviews/book/686fa492dca21dadb9ba8db7
2025-07-11T08:14:02.347Z [info]: GET /api/reviews/book/686fa492dca21dadb9ba8db8
2025-07-11T08:14:02.352Z [info]: GET /api/reviews/book/686fa492dca21dadb9ba8db9
2025-07-11T08:14:02.368Z [info]: GET /api/reviews/book/686fa492dca21dadb9ba8dba
2025-07-11T08:14:02.371Z [info]: GET /api/reviews/book/686fa492dca21dadb9ba8dad
2025-07-11T08:14:02.374Z [info]: GET /api/reviews/book/686fa492dca21dadb9ba8dbb
2025-07-11T08:14:02.377Z [info]: GET /api/reviews/book/686fa492dca21dadb9ba8dbc
2025-07-11T08:14:02.381Z [info]: GET /api/reviews/book/686fa492dca21dadb9ba8dae
2025-07-11T08:14:02.384Z [info]: GET /api/reviews/book/686fa492dca21dadb9ba8db1
2025-07-11T08:14:02.417Z [info]: GET /api/reviews/book/686fa492dca21dadb9ba8dbd
2025-07-11T08:14:02.422Z [info]: GET /api/reviews/book/686fa492dca21dadb9ba8dbe
2025-07-11T08:14:02.426Z [info]: GET /api/reviews/book/686fa492dca21dadb9ba8dbf
2025-07-11T08:14:02.429Z [info]: GET /api/reviews/book/686fa492dca21dadb9ba8dc0
2025-07-11T08:14:02.432Z [info]: GET /api/reviews/book/686fa492dca21dadb9ba8dc1
2025-07-11T08:14:02.434Z [info]: GET /api/reviews/book/686fa492dca21dadb9ba8dc2
2025-07-11T08:14:02.448Z [info]: GET /api/reviews/book/686fa492dca21dadb9ba8dc3
2025-07-11T08:14:02.456Z [info]: GET /api/reviews/book/686fa492dca21dadb9ba8dc4
2025-07-11T08:14:02.459Z [info]: GET /api/reviews/book/686fa492dca21dadb9ba8dc5
2025-07-11T08:14:02.461Z [info]: GET /api/reviews/book/686fa492dca21dadb9ba8dc6
2025-07-11T08:14:02.464Z [info]: GET /api/reviews/book/686fa492dca21dadb9ba8dc7
2025-07-11T08:14:02.468Z [info]: GET /api/reviews/book/686fa492dca21dadb9ba8dc8
2025-07-11T08:14:02.486Z [info]: GET /api/reviews/book/686fa492dca21dadb9ba8dc9
2025-07-11T08:14:02.490Z [info]: GET /api/reviews/book/686fa492dca21dadb9ba8dca
2025-07-11T08:14:02.492Z [info]: GET /api/reviews/book/686fa492dca21dadb9ba8dcb
2025-07-11T08:14:02.496Z [info]: GET /api/reviews/book/686fa492dca21dadb9ba8dcc
2025-07-11T08:14:02.499Z [info]: GET /api/reviews/book/686fa492dca21dadb9ba8dcd
2025-07-11T08:14:02.503Z [info]: GET /api/reviews/book/686fa492dca21dadb9ba8dce
2025-07-11T08:14:02.514Z [info]: GET /api/reviews/book/686fa492dca21dadb9ba8dcf
2025-07-11T08:14:02.519Z [info]: GET /api/reviews/book/686fa492dca21dadb9ba8dd0
2025-07-11T08:14:02.521Z [info]: GET /api/reviews/book/686fa492dca21dadb9ba8dd1
2025-07-11T08:14:02.524Z [info]: GET /api/reviews/book/686fa492dca21dadb9ba8dd2
2025-07-11T08:14:02.535Z [info]: GET /api/reviews/book/686fa492dca21dadb9ba8dd3
2025-07-11T08:14:02.537Z [info]: GET /api/reviews/book/686fa492dca21dadb9ba8dd4
2025-07-11T08:14:02.553Z [info]: GET /api/reviews/book/686fa492dca21dadb9ba8dd5
2025-07-11T08:14:02.559Z [info]: GET /api/reviews/book/686fa492dca21dadb9ba8dd6
2025-07-11T08:14:02.563Z [info]: GET /api/reviews/book/686fa492dca21dadb9ba8dd7
2025-07-11T08:14:02.566Z [info]: GET /api/reviews/book/686fa492dca21dadb9ba8dd8
2025-07-11T08:14:02.569Z [info]: GET /api/reviews/book/686fa492dca21dadb9ba8dd9
2025-07-11T08:14:02.574Z [info]: GET /api/reviews/book/686fa492dca21dadb9ba8dda
2025-07-11T08:14:02.591Z [info]: GET /api/reviews/book/686fa492dca21dadb9ba8ddb
2025-07-11T08:14:02.600Z [info]: GET /api/reviews/book/686fa492dca21dadb9ba8ddc
2025-07-11T08:14:02.604Z [info]: GET /api/reviews/book/686fa492dca21dadb9ba8ddd
2025-07-11T08:14:02.607Z [info]: GET /api/reviews/book/686fa492dca21dadb9ba8dde
2025-07-11T08:14:02.610Z [info]: GET /api/reviews/book/686fa492dca21dadb9ba8ddf
2025-07-11T08:14:02.615Z [info]: GET /api/reviews/book/686fa492dca21dadb9ba8de0
2025-07-11T08:14:02.629Z [info]: GET /api/reviews/book/686fa492dca21dadb9ba8db5
2025-07-11T08:14:02.634Z [info]: GET /api/reviews/book/686fa492dca21dadb9ba8db4
2025-07-11T08:14:02.637Z [info]: GET /api/reviews/book/686fa492dca21dadb9ba8de3
2025-07-11T08:14:02.639Z [info]: GET /api/reviews/book/686fa492dca21dadb9ba8de4
2025-07-11T08:14:02.643Z [info]: GET /api/reviews/book/686fa492dca21dadb9ba8de5
2025-07-11T08:14:02.646Z [info]: GET /api/reviews/book/686fa492dca21dadb9ba8de6
2025-07-11T08:14:02.657Z [info]: GET /api/reviews/book/686fa492dca21dadb9ba8de7
2025-07-11T08:14:02.661Z [info]: GET /api/reviews/book/686fa492dca21dadb9ba8de8
2025-07-11T08:14:02.664Z [info]: GET /api/reviews/book/686fa492dca21dadb9ba8de9
2025-07-11T08:14:02.666Z [info]: GET /api/reviews/book/686fa492dca21dadb9ba8dea
2025-07-11T08:14:02.669Z [info]: GET /api/reviews/book/686fa492dca21dadb9ba8deb
2025-07-11T08:14:02.671Z [info]: GET /api/reviews/book/686fa492dca21dadb9ba8dec
2025-07-11T08:14:02.683Z [info]: GET /api/reviews/book/686fa492dca21dadb9ba8ded
2025-07-11T08:14:02.685Z [info]: GET /api/reviews/book/686fa492dca21dadb9ba8dee
2025-07-11T08:14:02.687Z [info]: GET /api/reviews/book/686fa492dca21dadb9ba8def
2025-07-11T08:14:02.690Z [info]: GET /api/reviews/book/686fa492dca21dadb9ba8df0
2025-07-11T08:14:02.693Z [info]: GET /api/reviews/book/686fa492dca21dadb9ba8df1
2025-07-11T08:14:02.695Z [info]: GET /api/reviews/book/686fa492dca21dadb9ba8df2
2025-07-11T08:14:02.705Z [info]: GET /api/reviews/book/686fa492dca21dadb9ba8df3
2025-07-11T08:14:02.710Z [info]: GET /api/reviews/book/686fa492dca21dadb9ba8df4
2025-07-11T08:14:02.713Z [info]: GET /api/reviews/book/686fa492dca21dadb9ba8df5
2025-07-11T08:14:02.715Z [info]: GET /api/reviews/book/686fa492dca21dadb9ba8df6
2025-07-11T08:14:02.717Z [info]: GET /api/reviews/book/686fa492dca21dadb9ba8df7
2025-07-11T08:14:02.719Z [info]: GET /api/reviews/book/686fa492dca21dadb9ba8df8
2025-07-11T08:14:02.732Z [info]: GET /api/reviews/book/686fa492dca21dadb9ba8df9
2025-07-11T08:14:02.734Z [info]: GET /api/reviews/book/686fa492dca21dadb9ba8dfa
2025-07-11T08:14:02.736Z [info]: GET /api/reviews/book/686fa492dca21dadb9ba8dfb
2025-07-11T08:14:02.738Z [info]: GET /api/reviews/book/686fa492dca21dadb9ba8dfc
2025-07-11T08:14:02.741Z [info]: GET /api/reviews/book/686fa492dca21dadb9ba8dfd
2025-07-11T08:14:02.745Z [info]: GET /api/reviews/book/686fa492dca21dadb9ba8dfe
2025-07-11T08:14:02.760Z [info]: GET /api/reviews/book/686fa492dca21dadb9ba8dff
2025-07-11T08:14:02.763Z [info]: GET /api/reviews/book/686fa492dca21dadb9ba8e00
2025-07-11T08:14:02.765Z [info]: GET /api/reviews/book/686fa492dca21dadb9ba8e01
2025-07-11T08:14:02.767Z [info]: GET /api/reviews/book/686fa492dca21dadb9ba8e02
2025-07-11T08:14:02.769Z [info]: GET /api/reviews/book/686fa492dca21dadb9ba8e03
2025-07-11T08:14:02.773Z [info]: GET /api/reviews/book/686fa492dca21dadb9ba8e04
2025-07-11T08:14:02.797Z [info]: GET /api/reviews/book/686fa492dca21dadb9ba8e05
2025-07-11T08:14:02.804Z [info]: GET /api/reviews/book/686fa492dca21dadb9ba8e06
2025-07-11T08:14:02.808Z [info]: GET /api/reviews/book/686fa492dca21dadb9ba8e07
2025-07-11T08:14:02.816Z [info]: GET /api/reviews/book/686fa492dca21dadb9ba8e08
2025-07-11T08:14:02.821Z [info]: GET /api/reviews/book/686fa492dca21dadb9ba8e09
2025-07-11T08:14:02.825Z [info]: GET /api/reviews/book/686fa492dca21dadb9ba8e0a
2025-07-11T08:14:02.837Z [info]: GET /api/reviews/book/686fa492dca21dadb9ba8e0b
2025-07-11T08:14:02.841Z [info]: GET /api/reviews/book/686fa492dca21dadb9ba8e0c
2025-07-11T08:14:02.843Z [info]: GET /api/reviews/book/686fa492dca21dadb9ba8de1
2025-07-11T08:14:02.846Z [info]: GET /api/reviews/book/686fa492dca21dadb9ba8de2
2025-07-11T08:15:37.644Z [info]: GET /api/reviews/book/686fa492dca21dadb9ba8da9
2025-07-11T08:15:37.649Z [info]: GET /api/reviews/book/686fa492dca21dadb9ba8daa
2025-07-11T08:15:37.659Z [info]: GET /api/reviews/book/686fa492dca21dadb9ba8dab
2025-07-11T08:15:37.662Z [info]: GET /api/reviews/book/686fa492dca21dadb9ba8daf
2025-07-11T08:15:37.666Z [info]: GET /api/reviews/book/686fa492dca21dadb9ba8db0
2025-07-11T08:15:37.671Z [info]: GET /api/reviews/book/686fa492dca21dadb9ba8db2
2025-07-11T08:15:37.676Z [info]: GET /api/reviews/book/686fa492dca21dadb9ba8db3
2025-07-11T08:15:37.679Z [info]: GET /api/reviews/book/686fa492dca21dadb9ba8dac
2025-07-11T08:15:37.683Z [info]: GET /api/reviews/book/686fa492dca21dadb9ba8db6
2025-07-11T08:15:37.697Z [info]: GET /api/reviews/book/686fa492dca21dadb9ba8db7
2025-07-11T08:15:37.700Z [info]: GET /api/reviews/book/686fa492dca21dadb9ba8db8
2025-07-11T08:15:37.704Z [info]: GET /api/reviews/book/686fa492dca21dadb9ba8db9
2025-07-11T08:15:37.709Z [info]: GET /api/reviews/book/686fa492dca21dadb9ba8dba
2025-07-11T08:15:37.714Z [info]: GET /api/reviews/book/686fa492dca21dadb9ba8dad
2025-07-11T08:15:37.731Z [info]: GET /api/reviews/book/686fa492dca21dadb9ba8dbb
2025-07-11T08:15:37.741Z [info]: GET /api/reviews/book/686fa492dca21dadb9ba8dbc
2025-07-11T08:15:37.747Z [info]: GET /api/reviews/book/686fa492dca21dadb9ba8dae
2025-07-11T08:15:37.750Z [info]: GET /api/reviews/book/686fa492dca21dadb9ba8db1
2025-07-11T08:15:37.755Z [info]: GET /api/reviews/book/686fa492dca21dadb9ba8dbd
2025-07-11T08:15:37.762Z [info]: GET /api/reviews/book/686fa492dca21dadb9ba8dbe
2025-07-11T08:15:37.774Z [info]: GET /api/reviews/book/686fa492dca21dadb9ba8dbf
2025-07-11T08:15:37.781Z [info]: GET /api/reviews/book/686fa492dca21dadb9ba8dc0
2025-07-11T08:15:37.784Z [info]: GET /api/reviews/book/686fa492dca21dadb9ba8dc1
2025-07-11T08:15:37.789Z [info]: GET /api/reviews/book/686fa492dca21dadb9ba8dc2
2025-07-11T08:15:37.794Z [info]: GET /api/reviews/book/686fa492dca21dadb9ba8dc3
2025-07-11T08:15:37.797Z [info]: GET /api/reviews/book/686fa492dca21dadb9ba8dc4
2025-07-11T08:15:37.805Z [info]: GET /api/reviews/book/686fa492dca21dadb9ba8dc5
2025-07-11T08:15:37.812Z [info]: GET /api/reviews/book/686fa492dca21dadb9ba8dc6
2025-07-11T08:15:37.814Z [info]: GET /api/reviews/book/686fa492dca21dadb9ba8dc7
2025-07-11T08:15:37.817Z [info]: GET /api/reviews/book/686fa492dca21dadb9ba8dc8
2025-07-11T08:15:37.823Z [info]: GET /api/reviews/book/686fa492dca21dadb9ba8dc9
2025-07-11T08:15:37.827Z [info]: GET /api/reviews/book/686fa492dca21dadb9ba8dca
2025-07-11T08:15:37.837Z [info]: GET /api/reviews/book/686fa492dca21dadb9ba8dcb
2025-07-11T08:15:37.845Z [info]: GET /api/reviews/book/686fa492dca21dadb9ba8dcc
2025-07-11T08:15:37.848Z [info]: GET /api/reviews/book/686fa492dca21dadb9ba8dcd
2025-07-11T08:15:37.850Z [info]: GET /api/reviews/book/686fa492dca21dadb9ba8dce
2025-07-11T08:15:37.855Z [info]: GET /api/reviews/book/686fa492dca21dadb9ba8dcf
2025-07-11T08:15:37.861Z [info]: GET /api/reviews/book/686fa492dca21dadb9ba8dd0
2025-07-11T08:15:37.871Z [info]: GET /api/reviews/book/686fa492dca21dadb9ba8dd1
2025-07-11T08:15:37.880Z [info]: GET /api/reviews/book/686fa492dca21dadb9ba8dd2
2025-07-11T08:15:37.883Z [info]: GET /api/reviews/book/686fa492dca21dadb9ba8dd3
2025-07-11T08:15:37.885Z [info]: GET /api/reviews/book/686fa492dca21dadb9ba8dd4
2025-07-11T08:15:37.895Z [info]: GET /api/reviews/book/686fa492dca21dadb9ba8dd5
2025-07-11T08:15:37.898Z [info]: GET /api/reviews/book/686fa492dca21dadb9ba8dd6
2025-07-11T08:15:37.907Z [info]: GET /api/reviews/book/686fa492dca21dadb9ba8dd7
2025-07-11T08:15:37.916Z [info]: GET /api/reviews/book/686fa492dca21dadb9ba8dd8
2025-07-11T08:15:37.921Z [info]: GET /api/reviews/book/686fa492dca21dadb9ba8dd9
2025-07-11T08:15:37.936Z [info]: GET /api/reviews/book/686fa492dca21dadb9ba8dda
2025-07-11T08:15:37.941Z [info]: GET /api/reviews/book/686fa492dca21dadb9ba8ddb
2025-07-11T08:15:37.945Z [info]: GET /api/reviews/book/686fa492dca21dadb9ba8ddc
2025-07-11T08:15:37.958Z [info]: GET /api/reviews/book/686fa492dca21dadb9ba8ddd
2025-07-11T08:15:37.971Z [info]: GET /api/reviews/book/686fa492dca21dadb9ba8dde
2025-07-11T08:15:37.974Z [info]: GET /api/reviews/book/686fa492dca21dadb9ba8ddf
2025-07-11T08:15:37.978Z [info]: GET /api/reviews/book/686fa492dca21dadb9ba8de0
2025-07-11T08:15:37.981Z [info]: GET /api/reviews/book/686fa492dca21dadb9ba8db5
2025-07-11T08:15:37.983Z [info]: GET /api/reviews/book/686fa492dca21dadb9ba8db4
2025-07-11T08:15:37.992Z [info]: GET /api/reviews/book/686fa492dca21dadb9ba8de3
2025-07-11T08:15:37.998Z [info]: GET /api/reviews/book/686fa492dca21dadb9ba8de4
2025-07-11T08:15:38.001Z [info]: GET /api/reviews/book/686fa492dca21dadb9ba8de5
2025-07-11T08:15:38.005Z [info]: GET /api/reviews/book/686fa492dca21dadb9ba8de6
2025-07-11T08:15:38.010Z [info]: GET /api/reviews/book/686fa492dca21dadb9ba8de7
2025-07-11T08:15:38.014Z [info]: GET /api/reviews/book/686fa492dca21dadb9ba8de8
2025-07-11T08:15:38.023Z [info]: GET /api/reviews/book/686fa492dca21dadb9ba8de9
2025-07-11T08:15:38.033Z [info]: GET /api/reviews/book/686fa492dca21dadb9ba8dea
2025-07-11T08:15:38.037Z [info]: GET /api/reviews/book/686fa492dca21dadb9ba8deb
2025-07-11T08:15:38.042Z [info]: GET /api/reviews/book/686fa492dca21dadb9ba8dec
2025-07-11T08:15:38.046Z [info]: GET /api/reviews/book/686fa492dca21dadb9ba8ded
2025-07-11T08:15:38.048Z [info]: GET /api/reviews/book/686fa492dca21dadb9ba8dee
2025-07-11T08:15:38.057Z [info]: GET /api/reviews/book/686fa492dca21dadb9ba8def
2025-07-11T08:15:38.064Z [info]: GET /api/reviews/book/686fa492dca21dadb9ba8df0
2025-07-11T08:15:38.068Z [info]: GET /api/reviews/book/686fa492dca21dadb9ba8df1
2025-07-11T08:15:38.073Z [info]: GET /api/reviews/book/686fa492dca21dadb9ba8df2
2025-07-11T08:15:38.087Z [info]: GET /api/reviews/book/686fa492dca21dadb9ba8df3
2025-07-11T08:15:38.095Z [info]: GET /api/reviews/book/686fa492dca21dadb9ba8df4
2025-07-11T08:15:38.114Z [info]: GET /api/reviews/book/686fa492dca21dadb9ba8df5
2025-07-11T08:15:38.123Z [info]: GET /api/reviews/book/686fa492dca21dadb9ba8df6
2025-07-11T08:15:38.133Z [info]: GET /api/reviews/book/686fa492dca21dadb9ba8df7
2025-07-11T08:15:38.147Z [info]: GET /api/reviews/book/686fa492dca21dadb9ba8df8
2025-07-11T08:15:38.162Z [info]: GET /api/reviews/book/686fa492dca21dadb9ba8df9
2025-07-11T08:15:38.173Z [info]: GET /api/reviews/book/686fa492dca21dadb9ba8dfa
2025-07-11T08:15:38.228Z [info]: GET /api/reviews/book/686fa492dca21dadb9ba8dfb
2025-07-11T08:15:38.248Z [info]: GET /api/reviews/book/686fa492dca21dadb9ba8dfc
2025-07-11T08:15:38.254Z [info]: GET /api/reviews/book/686fa492dca21dadb9ba8dfd
2025-07-11T08:15:38.263Z [info]: GET /api/reviews/book/686fa492dca21dadb9ba8dfe
2025-07-11T08:15:38.275Z [info]: GET /api/reviews/book/686fa492dca21dadb9ba8dff
2025-07-11T08:15:38.283Z [info]: GET /api/reviews/book/686fa492dca21dadb9ba8e00
2025-07-11T08:15:38.296Z [info]: GET /api/reviews/book/686fa492dca21dadb9ba8e01
2025-07-11T08:15:38.316Z [info]: GET /api/reviews/book/686fa492dca21dadb9ba8e02
2025-07-11T08:15:38.323Z [info]: GET /api/reviews/book/686fa492dca21dadb9ba8e03
2025-07-11T08:15:38.330Z [info]: GET /api/reviews/book/686fa492dca21dadb9ba8e04
2025-07-11T08:15:38.338Z [info]: GET /api/reviews/book/686fa492dca21dadb9ba8e05
2025-07-11T08:15:38.345Z [info]: GET /api/reviews/book/686fa492dca21dadb9ba8e06
2025-07-11T08:15:38.371Z [info]: GET /api/reviews/book/686fa492dca21dadb9ba8e07
2025-07-11T08:15:38.386Z [info]: GET /api/reviews/book/686fa492dca21dadb9ba8e08
2025-07-11T08:15:38.400Z [info]: GET /api/reviews/book/686fa492dca21dadb9ba8e09
2025-07-11T08:15:38.413Z [info]: GET /api/reviews/book/686fa492dca21dadb9ba8e0a
2025-07-11T08:15:38.420Z [info]: GET /api/reviews/book/686fa492dca21dadb9ba8e0b
2025-07-11T08:15:38.434Z [info]: GET /api/reviews/book/686fa492dca21dadb9ba8e0c
2025-07-11T08:15:38.454Z [info]: GET /api/reviews/book/686fa492dca21dadb9ba8de1
2025-07-11T08:15:38.466Z [info]: GET /api/reviews/book/686fa492dca21dadb9ba8de2
2025-07-11T08:16:38.786Z [info]: GET /api/reviews/book/686fa492dca21dadb9ba8da9
2025-07-11T08:16:38.792Z [info]: GET /api/reviews/book/686fa492dca21dadb9ba8daa
2025-07-11T08:16:38.798Z [info]: GET /api/reviews/book/686fa492dca21dadb9ba8dab
2025-07-11T08:16:38.805Z [info]: GET /api/reviews/book/686fa492dca21dadb9ba8daf
2025-07-11T08:16:38.807Z [info]: GET /api/reviews/book/686fa492dca21dadb9ba8db0
2025-07-11T08:16:38.810Z [info]: GET /api/reviews/book/686fa492dca21dadb9ba8dac
2025-07-11T08:16:38.814Z [info]: GET /api/reviews/book/686fa492dca21dadb9ba8db2
2025-07-11T08:16:38.817Z [info]: GET /api/reviews/book/686fa492dca21dadb9ba8db3
2025-07-11T08:16:38.820Z [info]: GET /api/reviews/book/686fa492dca21dadb9ba8db6
2025-07-11T08:16:38.832Z [info]: GET /api/reviews/book/686fa492dca21dadb9ba8db7
2025-07-11T08:16:38.851Z [info]: GET /api/reviews/book/686fa492dca21dadb9ba8db8
2025-07-11T08:16:38.858Z [info]: GET /api/reviews/book/686fa492dca21dadb9ba8db9
2025-07-11T08:16:38.860Z [info]: GET /api/reviews/book/686fa492dca21dadb9ba8dba
2025-07-11T08:16:38.864Z [info]: GET /api/reviews/book/686fa492dca21dadb9ba8dad
2025-07-11T08:16:38.868Z [info]: GET /api/reviews/book/686fa492dca21dadb9ba8dbb
2025-07-11T08:16:38.881Z [info]: GET /api/reviews/book/686fa492dca21dadb9ba8dbc
2025-07-11T08:16:38.887Z [info]: GET /api/reviews/book/686fa492dca21dadb9ba8dae
2025-07-11T08:16:38.890Z [info]: GET /api/reviews/book/686fa492dca21dadb9ba8db1
2025-07-11T08:16:38.892Z [info]: GET /api/reviews/book/686fa492dca21dadb9ba8dbd
2025-07-11T08:16:38.894Z [info]: GET /api/reviews/book/686fa492dca21dadb9ba8dbe
2025-07-11T08:16:38.896Z [info]: GET /api/reviews/book/686fa492dca21dadb9ba8dbf
2025-07-11T08:16:38.903Z [info]: GET /api/reviews/book/686fa492dca21dadb9ba8dc0
2025-07-11T08:16:38.908Z [info]: GET /api/reviews/book/686fa492dca21dadb9ba8dc1
2025-07-11T08:16:38.909Z [info]: GET /api/reviews/book/686fa492dca21dadb9ba8dc2
2025-07-11T08:16:38.911Z [info]: GET /api/reviews/book/686fa492dca21dadb9ba8dc3
2025-07-11T08:16:38.917Z [info]: GET /api/reviews/book/686fa492dca21dadb9ba8dc4
2025-07-11T08:16:38.920Z [info]: GET /api/reviews/book/686fa492dca21dadb9ba8dc5
2025-07-11T08:16:38.926Z [info]: GET /api/reviews/book/686fa492dca21dadb9ba8dc6
2025-07-11T08:16:38.932Z [info]: GET /api/reviews/book/686fa492dca21dadb9ba8dc7
2025-07-11T08:16:38.935Z [info]: GET /api/reviews/book/686fa492dca21dadb9ba8dc8
2025-07-11T08:16:38.937Z [info]: GET /api/reviews/book/686fa492dca21dadb9ba8dc9
2025-07-11T08:16:38.941Z [info]: GET /api/reviews/book/686fa492dca21dadb9ba8dca
2025-07-11T08:16:38.943Z [info]: GET /api/reviews/book/686fa492dca21dadb9ba8dcb
2025-07-11T08:16:38.947Z [info]: GET /api/reviews/book/686fa492dca21dadb9ba8dcc
2025-07-11T08:16:38.955Z [info]: GET /api/reviews/book/686fa492dca21dadb9ba8dcd
2025-07-11T08:16:38.960Z [info]: GET /api/reviews/book/686fa492dca21dadb9ba8dce
2025-07-11T08:16:38.962Z [info]: GET /api/reviews/book/686fa492dca21dadb9ba8dcf
2025-07-11T08:16:38.967Z [info]: GET /api/reviews/book/686fa492dca21dadb9ba8dd0
2025-07-11T08:16:38.970Z [info]: GET /api/reviews/book/686fa492dca21dadb9ba8dd1
2025-07-11T08:16:38.977Z [info]: GET /api/reviews/book/686fa492dca21dadb9ba8dd2
2025-07-11T08:16:38.982Z [info]: GET /api/reviews/book/686fa492dca21dadb9ba8dd3
2025-07-11T08:16:38.985Z [info]: GET /api/reviews/book/686fa492dca21dadb9ba8dd4
2025-07-11T08:16:38.990Z [info]: GET /api/reviews/book/686fa492dca21dadb9ba8dd5
2025-07-11T08:16:38.993Z [info]: GET /api/reviews/book/686fa492dca21dadb9ba8dd6
2025-07-11T08:16:38.995Z [info]: GET /api/reviews/book/686fa492dca21dadb9ba8dd7
2025-07-11T08:16:39.006Z [info]: GET /api/reviews/book/686fa492dca21dadb9ba8dd8
2025-07-11T08:16:39.012Z [info]: GET /api/reviews/book/686fa492dca21dadb9ba8dd9
2025-07-11T08:16:39.015Z [info]: GET /api/reviews/book/686fa492dca21dadb9ba8dda
2025-07-11T08:16:39.019Z [info]: GET /api/reviews/book/686fa492dca21dadb9ba8ddb
2025-07-11T08:16:39.023Z [info]: GET /api/reviews/book/686fa492dca21dadb9ba8ddc
2025-07-11T08:16:39.025Z [info]: GET /api/reviews/book/686fa492dca21dadb9ba8ddd
2025-07-11T08:16:39.029Z [info]: GET /api/reviews/book/686fa492dca21dadb9ba8dde
2025-07-11T08:16:39.036Z [info]: GET /api/reviews/book/686fa492dca21dadb9ba8ddf
2025-07-11T08:16:39.038Z [info]: GET /api/reviews/book/686fa492dca21dadb9ba8de0
2025-07-11T08:16:39.041Z [info]: GET /api/reviews/book/686fa492dca21dadb9ba8db5
2025-07-11T08:16:39.043Z [info]: GET /api/reviews/book/686fa492dca21dadb9ba8db4
2025-07-11T08:16:39.045Z [info]: GET /api/reviews/book/686fa492dca21dadb9ba8de3
2025-07-11T08:16:39.053Z [info]: GET /api/reviews/book/686fa492dca21dadb9ba8de4
2025-07-11T08:16:39.057Z [info]: GET /api/reviews/book/686fa492dca21dadb9ba8de5
2025-07-11T08:16:39.059Z [info]: GET /api/reviews/book/686fa492dca21dadb9ba8de6
2025-07-11T08:16:39.061Z [info]: GET /api/reviews/book/686fa492dca21dadb9ba8de7
2025-07-11T08:16:39.063Z [info]: GET /api/reviews/book/686fa492dca21dadb9ba8de8
2025-07-11T08:16:39.066Z [info]: GET /api/reviews/book/686fa492dca21dadb9ba8de9
2025-07-11T08:16:39.071Z [info]: GET /api/reviews/book/686fa492dca21dadb9ba8dea
2025-07-11T08:16:39.076Z [info]: GET /api/reviews/book/686fa492dca21dadb9ba8deb
2025-07-11T08:16:39.078Z [info]: GET /api/reviews/book/686fa492dca21dadb9ba8dec
2025-07-11T08:16:39.080Z [info]: GET /api/reviews/book/686fa492dca21dadb9ba8ded
2025-07-11T08:16:39.086Z [info]: GET /api/reviews/book/686fa492dca21dadb9ba8dee
2025-07-11T08:16:39.090Z [info]: GET /api/reviews/book/686fa492dca21dadb9ba8def
2025-07-11T08:16:39.103Z [info]: GET /api/reviews/book/686fa492dca21dadb9ba8df0
2025-07-11T08:16:39.112Z [info]: GET /api/reviews/book/686fa492dca21dadb9ba8df1
2025-07-11T08:16:39.117Z [info]: GET /api/reviews/book/686fa492dca21dadb9ba8df2
2025-07-11T08:16:39.122Z [info]: GET /api/reviews/book/686fa492dca21dadb9ba8df3
2025-07-11T08:16:39.133Z [info]: GET /api/reviews/book/686fa492dca21dadb9ba8df4
2025-07-11T08:16:39.138Z [info]: GET /api/reviews/book/686fa492dca21dadb9ba8df5
2025-07-11T08:16:39.145Z [info]: GET /api/reviews/book/686fa492dca21dadb9ba8df6
2025-07-11T08:16:39.153Z [info]: GET /api/reviews/book/686fa492dca21dadb9ba8df7
2025-07-11T08:16:39.157Z [info]: GET /api/reviews/book/686fa492dca21dadb9ba8df8
2025-07-11T08:16:39.160Z [info]: GET /api/reviews/book/686fa492dca21dadb9ba8df9
2025-07-11T08:16:39.167Z [info]: GET /api/reviews/book/686fa492dca21dadb9ba8dfa
2025-07-11T08:16:39.169Z [info]: GET /api/reviews/book/686fa492dca21dadb9ba8dfb
2025-07-11T08:16:39.176Z [info]: GET /api/reviews/book/686fa492dca21dadb9ba8dfc
2025-07-11T08:16:39.186Z [info]: GET /api/reviews/book/686fa492dca21dadb9ba8dfd
2025-07-11T08:16:39.192Z [info]: GET /api/reviews/book/686fa492dca21dadb9ba8dfe
2025-07-11T08:16:39.194Z [info]: GET /api/reviews/book/686fa492dca21dadb9ba8dff
2025-07-11T08:16:39.198Z [info]: GET /api/reviews/book/686fa492dca21dadb9ba8e00
2025-07-11T08:16:39.202Z [info]: GET /api/reviews/book/686fa492dca21dadb9ba8e01
2025-07-11T08:16:39.208Z [info]: GET /api/reviews/book/686fa492dca21dadb9ba8e02
2025-07-11T08:16:39.212Z [info]: GET /api/reviews/book/686fa492dca21dadb9ba8e03
2025-07-11T08:16:39.219Z [info]: GET /api/reviews/book/686fa492dca21dadb9ba8e04
2025-07-11T08:16:39.221Z [info]: GET /api/reviews/book/686fa492dca21dadb9ba8e05
2025-07-11T08:16:39.225Z [info]: GET /api/reviews/book/686fa492dca21dadb9ba8e06
2025-07-11T08:16:39.227Z [info]: GET /api/reviews/book/686fa492dca21dadb9ba8e07
2025-07-11T08:16:39.236Z [info]: GET /api/reviews/book/686fa492dca21dadb9ba8e08
2025-07-11T08:16:39.241Z [info]: GET /api/reviews/book/686fa492dca21dadb9ba8e09
2025-07-11T08:16:39.243Z [info]: GET /api/reviews/book/686fa492dca21dadb9ba8e0a
2025-07-11T08:16:39.246Z [info]: GET /api/reviews/book/686fa492dca21dadb9ba8e0b
2025-07-11T08:16:39.249Z [info]: GET /api/reviews/book/686fa492dca21dadb9ba8e0c
2025-07-11T08:16:39.253Z [info]: GET /api/reviews/book/686fa492dca21dadb9ba8de1
2025-07-11T08:16:39.259Z [info]: GET /api/reviews/book/686fa492dca21dadb9ba8de2
2025-07-11T08:16:44.521Z [info]: GET /api/reviews/book/686fa492dca21dadb9ba8da9
2025-07-11T08:16:44.525Z [info]: GET /api/reviews/book/686fa492dca21dadb9ba8daa
2025-07-11T08:16:44.528Z [info]: GET /api/reviews/book/686fa492dca21dadb9ba8dab
2025-07-11T08:16:44.538Z [info]: GET /api/reviews/book/686fa492dca21dadb9ba8daf
2025-07-11T08:16:44.545Z [info]: GET /api/reviews/book/686fa492dca21dadb9ba8db0
2025-07-11T08:16:44.549Z [info]: GET /api/reviews/book/686fa492dca21dadb9ba8db2
2025-07-11T08:16:44.551Z [info]: GET /api/reviews/book/686fa492dca21dadb9ba8db3
2025-07-11T08:16:44.555Z [info]: GET /api/reviews/book/686fa492dca21dadb9ba8dac
2025-07-11T08:16:44.563Z [info]: GET /api/reviews/book/686fa492dca21dadb9ba8db6
2025-07-11T08:16:44.571Z [info]: GET /api/reviews/book/686fa492dca21dadb9ba8db7
2025-07-11T08:16:44.574Z [info]: GET /api/reviews/book/686fa492dca21dadb9ba8db8
2025-07-11T08:16:44.578Z [info]: GET /api/reviews/book/686fa492dca21dadb9ba8db9
2025-07-11T08:16:44.582Z [info]: GET /api/reviews/book/686fa492dca21dadb9ba8dba
2025-07-11T08:16:44.586Z [info]: GET /api/reviews/book/686fa492dca21dadb9ba8dad
2025-07-11T08:16:44.588Z [info]: GET /api/reviews/book/686fa492dca21dadb9ba8dbb
2025-07-11T08:16:44.592Z [info]: GET /api/reviews/book/686fa492dca21dadb9ba8dbc
2025-07-11T08:16:44.599Z [info]: GET /api/reviews/book/686fa492dca21dadb9ba8dae
2025-07-11T08:16:44.603Z [info]: GET /api/reviews/book/686fa492dca21dadb9ba8db1
2025-07-11T08:16:44.605Z [info]: GET /api/reviews/book/686fa492dca21dadb9ba8dbd
2025-07-11T08:16:44.606Z [info]: GET /api/reviews/book/686fa492dca21dadb9ba8dbe
2025-07-11T08:16:44.608Z [info]: GET /api/reviews/book/686fa492dca21dadb9ba8dbf
2025-07-11T08:16:44.612Z [info]: GET /api/reviews/book/686fa492dca21dadb9ba8dc0
2025-07-11T08:16:44.622Z [info]: GET /api/reviews/book/686fa492dca21dadb9ba8dc1
2025-07-11T08:16:44.627Z [info]: GET /api/reviews/book/686fa492dca21dadb9ba8dc2
2025-07-11T08:16:44.654Z [info]: GET /api/reviews/book/686fa492dca21dadb9ba8dc3
2025-07-11T08:16:44.657Z [info]: GET /api/reviews/book/686fa492dca21dadb9ba8dc4
2025-07-11T08:16:44.660Z [info]: GET /api/reviews/book/686fa492dca21dadb9ba8dc5
2025-07-11T08:16:44.668Z [info]: GET /api/reviews/book/686fa492dca21dadb9ba8dc6
2025-07-11T08:16:44.677Z [info]: GET /api/reviews/book/686fa492dca21dadb9ba8dc7
2025-07-11T08:16:44.683Z [info]: GET /api/reviews/book/686fa492dca21dadb9ba8dc8
2025-07-11T08:16:44.686Z [info]: GET /api/reviews/book/686fa492dca21dadb9ba8dc9
2025-07-11T08:16:44.690Z [info]: GET /api/reviews/book/686fa492dca21dadb9ba8dca
2025-07-11T08:16:44.693Z [info]: GET /api/reviews/book/686fa492dca21dadb9ba8dcb
2025-07-11T08:16:44.698Z [info]: GET /api/reviews/book/686fa492dca21dadb9ba8dcc
2025-07-11T08:16:44.707Z [info]: GET /api/reviews/book/686fa492dca21dadb9ba8dcd
2025-07-11T08:16:44.713Z [info]: GET /api/reviews/book/686fa492dca21dadb9ba8dce
2025-07-11T08:16:44.716Z [info]: GET /api/reviews/book/686fa492dca21dadb9ba8dcf
2025-07-11T08:16:44.718Z [info]: GET /api/reviews/book/686fa492dca21dadb9ba8dd0
2025-07-11T08:16:44.720Z [info]: GET /api/reviews/book/686fa492dca21dadb9ba8dd1
2025-07-11T08:16:44.722Z [info]: GET /api/reviews/book/686fa492dca21dadb9ba8dd2
2025-07-11T08:16:44.732Z [info]: GET /api/reviews/book/686fa492dca21dadb9ba8dd3
2025-07-11T08:16:44.736Z [info]: GET /api/reviews/book/686fa492dca21dadb9ba8dd4
2025-07-11T08:16:44.738Z [info]: GET /api/reviews/book/686fa492dca21dadb9ba8dd5
2025-07-11T08:16:44.742Z [info]: GET /api/reviews/book/686fa492dca21dadb9ba8dd6
2025-07-11T08:16:44.746Z [info]: GET /api/reviews/book/686fa492dca21dadb9ba8dd7
2025-07-11T08:16:44.751Z [info]: GET /api/reviews/book/686fa492dca21dadb9ba8dd8
2025-07-11T08:16:44.758Z [info]: GET /api/reviews/book/686fa492dca21dadb9ba8dd9
2025-07-11T08:16:44.763Z [info]: GET /api/reviews/book/686fa492dca21dadb9ba8dda
2025-07-11T08:16:44.766Z [info]: GET /api/reviews/book/686fa492dca21dadb9ba8ddb
2025-07-11T08:16:44.769Z [info]: GET /api/reviews/book/686fa492dca21dadb9ba8ddc
2025-07-11T08:16:44.771Z [info]: GET /api/reviews/book/686fa492dca21dadb9ba8ddd
2025-07-11T08:16:44.773Z [info]: GET /api/reviews/book/686fa492dca21dadb9ba8dde
2025-07-11T08:16:44.783Z [info]: GET /api/reviews/book/686fa492dca21dadb9ba8ddf
2025-07-11T08:16:44.788Z [info]: GET /api/reviews/book/686fa492dca21dadb9ba8de0
2025-07-11T08:16:44.790Z [info]: GET /api/reviews/book/686fa492dca21dadb9ba8db5
2025-07-11T08:16:44.792Z [info]: GET /api/reviews/book/686fa492dca21dadb9ba8db4
2025-07-11T08:16:44.796Z [info]: GET /api/reviews/book/686fa492dca21dadb9ba8de3
2025-07-11T08:16:44.799Z [info]: GET /api/reviews/book/686fa492dca21dadb9ba8de4
2025-07-11T08:16:44.805Z [info]: GET /api/reviews/book/686fa492dca21dadb9ba8de5
2025-07-11T08:16:44.810Z [info]: GET /api/reviews/book/686fa492dca21dadb9ba8de6
2025-07-11T08:16:44.815Z [info]: GET /api/reviews/book/686fa492dca21dadb9ba8de7
2025-07-11T08:16:44.818Z [info]: GET /api/reviews/book/686fa492dca21dadb9ba8de8
2025-07-11T08:16:44.822Z [info]: GET /api/reviews/book/686fa492dca21dadb9ba8de9
2025-07-11T08:16:44.827Z [info]: GET /api/reviews/book/686fa492dca21dadb9ba8dea
2025-07-11T08:16:44.840Z [info]: GET /api/reviews/book/686fa492dca21dadb9ba8deb
2025-07-11T08:16:44.847Z [info]: GET /api/reviews/book/686fa492dca21dadb9ba8dec
2025-07-11T08:16:44.851Z [info]: GET /api/reviews/book/686fa492dca21dadb9ba8ded
2025-07-11T08:16:44.854Z [info]: GET /api/reviews/book/686fa492dca21dadb9ba8dee
2025-07-11T08:16:44.856Z [info]: GET /api/reviews/book/686fa492dca21dadb9ba8def
2025-07-11T08:16:44.861Z [info]: GET /api/reviews/book/686fa492dca21dadb9ba8df0
2025-07-11T08:16:44.878Z [info]: GET /api/reviews/book/686fa492dca21dadb9ba8df1
2025-07-11T08:16:44.886Z [info]: GET /api/reviews/book/686fa492dca21dadb9ba8df2
2025-07-11T08:16:44.891Z [info]: GET /api/reviews/book/686fa492dca21dadb9ba8df3
2025-07-11T08:16:44.902Z [info]: GET /api/reviews/book/686fa492dca21dadb9ba8df4
2025-07-11T08:16:44.905Z [info]: GET /api/reviews/book/686fa492dca21dadb9ba8df5
2025-07-11T08:16:44.908Z [info]: GET /api/reviews/book/686fa492dca21dadb9ba8df6
2025-07-11T08:16:44.923Z [info]: GET /api/reviews/book/686fa492dca21dadb9ba8df7
2025-07-11T08:16:44.933Z [info]: GET /api/reviews/book/686fa492dca21dadb9ba8df8
2025-07-11T08:16:44.938Z [info]: GET /api/reviews/book/686fa492dca21dadb9ba8df9
2025-07-11T08:16:44.946Z [info]: GET /api/reviews/book/686fa492dca21dadb9ba8dfa
2025-07-11T08:16:44.950Z [info]: GET /api/reviews/book/686fa492dca21dadb9ba8dfb
2025-07-11T08:16:44.953Z [info]: GET /api/reviews/book/686fa492dca21dadb9ba8dfc
2025-07-11T08:16:44.958Z [info]: GET /api/reviews/book/686fa492dca21dadb9ba8dfd
2025-07-11T08:16:44.965Z [info]: GET /api/reviews/book/686fa492dca21dadb9ba8dfe
2025-07-11T08:16:44.968Z [info]: GET /api/reviews/book/686fa492dca21dadb9ba8dff
2025-07-11T08:16:44.970Z [info]: GET /api/reviews/book/686fa492dca21dadb9ba8e00
2025-07-11T08:16:44.973Z [info]: GET /api/reviews/book/686fa492dca21dadb9ba8e01
2025-07-11T08:16:44.976Z [info]: GET /api/reviews/book/686fa492dca21dadb9ba8e02
2025-07-11T08:16:44.983Z [info]: GET /api/reviews/book/686fa492dca21dadb9ba8e03
2025-07-11T08:16:44.986Z [info]: GET /api/reviews/book/686fa492dca21dadb9ba8e04
2025-07-11T08:16:44.988Z [info]: GET /api/reviews/book/686fa492dca21dadb9ba8e05
2025-07-11T08:16:44.989Z [info]: GET /api/reviews/book/686fa492dca21dadb9ba8e06
2025-07-11T08:16:44.991Z [info]: GET /api/reviews/book/686fa492dca21dadb9ba8e07
2025-07-11T08:16:44.994Z [info]: GET /api/reviews/book/686fa492dca21dadb9ba8e08
2025-07-11T08:16:45.001Z [info]: GET /api/reviews/book/686fa492dca21dadb9ba8e09
2025-07-11T08:16:45.007Z [info]: GET /api/reviews/book/686fa492dca21dadb9ba8e0a
2025-07-11T08:16:45.010Z [info]: GET /api/reviews/book/686fa492dca21dadb9ba8e0b
2025-07-11T08:16:45.012Z [info]: GET /api/reviews/book/686fa492dca21dadb9ba8e0c
2025-07-11T08:16:45.015Z [info]: GET /api/reviews/book/686fa492dca21dadb9ba8de1
2025-07-11T08:16:45.017Z [info]: GET /api/reviews/book/686fa492dca21dadb9ba8de2
2025-07-11T08:18:09.910Z [info]: GET /api/reviews/book/686fa492dca21dadb9ba8da9
2025-07-11T08:18:09.923Z [info]: GET /api/reviews/book/686fa492dca21dadb9ba8daa
2025-07-11T08:18:09.938Z [info]: GET /api/reviews/book/686fa492dca21dadb9ba8dab
2025-07-11T08:18:09.944Z [info]: GET /api/reviews/book/686fa492dca21dadb9ba8daf
2025-07-11T08:18:09.956Z [info]: GET /api/reviews/book/686fa492dca21dadb9ba8db0
2025-07-11T08:18:09.963Z [info]: GET /api/reviews/book/686fa492dca21dadb9ba8db2
2025-07-11T08:18:09.978Z [info]: GET /api/reviews/book/686fa492dca21dadb9ba8db3
2025-07-11T08:18:09.987Z [info]: GET /api/reviews/book/686fa492dca21dadb9ba8dac
2025-07-11T08:18:09.997Z [info]: GET /api/reviews/book/686fa492dca21dadb9ba8db6
2025-07-11T08:18:10.001Z [info]: GET /api/reviews/book/686fa492dca21dadb9ba8db7
2025-07-11T08:18:10.006Z [info]: GET /api/reviews/book/686fa492dca21dadb9ba8db8
2025-07-11T08:18:10.010Z [info]: GET /api/reviews/book/686fa492dca21dadb9ba8db9
2025-07-11T08:18:10.029Z [info]: GET /api/reviews/book/686fa492dca21dadb9ba8dba
2025-07-11T08:18:10.060Z [info]: GET /api/reviews/book/686fa492dca21dadb9ba8dad
2025-07-11T08:18:10.069Z [info]: GET /api/reviews/book/686fa492dca21dadb9ba8dbb
2025-07-11T08:18:10.105Z [info]: GET /api/reviews/book/686fa492dca21dadb9ba8dbc
2025-07-11T08:18:10.127Z [info]: GET /api/reviews/book/686fa492dca21dadb9ba8dae
2025-07-11T08:18:10.134Z [info]: GET /api/reviews/book/686fa492dca21dadb9ba8db1
2025-07-11T08:18:10.160Z [info]: GET /api/reviews/book/686fa492dca21dadb9ba8dbd
2025-07-11T08:18:10.170Z [info]: GET /api/reviews/book/686fa492dca21dadb9ba8dbe
2025-07-11T08:18:10.240Z [info]: GET /api/reviews/book/686fa492dca21dadb9ba8dbf
2025-07-11T08:18:10.243Z [info]: GET /api/reviews/book/686fa492dca21dadb9ba8dc0
2025-07-11T08:18:10.251Z [info]: GET /api/reviews/book/686fa492dca21dadb9ba8dc1
2025-07-11T08:18:10.255Z [info]: GET /api/reviews/book/686fa492dca21dadb9ba8dc2
2025-07-11T08:18:10.305Z [info]: GET /api/reviews/book/686fa492dca21dadb9ba8dc3
2025-07-11T08:18:10.334Z [info]: GET /api/reviews/book/686fa492dca21dadb9ba8dc4
2025-07-11T08:18:10.337Z [info]: GET /api/reviews/book/686fa492dca21dadb9ba8dc5
2025-07-11T08:18:10.398Z [info]: GET /api/reviews/book/686fa492dca21dadb9ba8dc6
2025-07-11T08:18:10.402Z [info]: GET /api/reviews/book/686fa492dca21dadb9ba8dc7
2025-07-11T08:18:10.405Z [info]: GET /api/reviews/book/686fa492dca21dadb9ba8dc8
2025-07-11T08:18:10.426Z [info]: GET /api/reviews/book/686fa492dca21dadb9ba8dc9
2025-07-11T08:18:10.438Z [info]: GET /api/reviews/book/686fa492dca21dadb9ba8dca
2025-07-11T08:18:10.456Z [info]: GET /api/reviews/book/686fa492dca21dadb9ba8dcb
2025-07-11T08:18:10.459Z [info]: GET /api/reviews/book/686fa492dca21dadb9ba8dcc
2025-07-11T08:18:10.462Z [info]: GET /api/reviews/book/686fa492dca21dadb9ba8dcd
2025-07-11T08:18:10.466Z [info]: GET /api/reviews/book/686fa492dca21dadb9ba8dce
2025-07-11T08:18:10.502Z [info]: GET /api/reviews/book/686fa492dca21dadb9ba8dcf
2025-07-11T08:18:10.530Z [info]: GET /api/reviews/book/686fa492dca21dadb9ba8dd0
2025-07-11T08:18:10.546Z [info]: GET /api/reviews/book/686fa492dca21dadb9ba8dd1
2025-07-11T08:18:10.562Z [info]: GET /api/reviews/book/686fa492dca21dadb9ba8dd2
2025-07-11T08:18:10.608Z [info]: GET /api/reviews/book/686fa492dca21dadb9ba8dd3
2025-07-11T08:18:10.611Z [info]: GET /api/reviews/book/686fa492dca21dadb9ba8dd4
2025-07-11T08:18:10.625Z [info]: GET /api/reviews/book/686fa492dca21dadb9ba8dd5
2025-07-11T08:18:10.630Z [info]: GET /api/reviews/book/686fa492dca21dadb9ba8dd6
2025-07-11T08:18:10.637Z [info]: GET /api/reviews/book/686fa492dca21dadb9ba8dd7
2025-07-11T08:18:10.642Z [info]: GET /api/reviews/book/686fa492dca21dadb9ba8dd8
2025-07-11T08:18:10.645Z [info]: GET /api/reviews/book/686fa492dca21dadb9ba8dd9
2025-07-11T08:18:10.651Z [info]: GET /api/reviews/book/686fa492dca21dadb9ba8dda
2025-07-11T08:18:10.674Z [info]: GET /api/reviews/book/686fa492dca21dadb9ba8ddb
2025-07-11T08:18:10.682Z [info]: GET /api/reviews/book/686fa492dca21dadb9ba8ddc
2025-07-11T08:18:10.689Z [info]: GET /api/reviews/book/686fa492dca21dadb9ba8ddd
2025-07-11T08:18:10.693Z [info]: GET /api/reviews/book/686fa492dca21dadb9ba8dde
2025-07-11T08:18:10.699Z [info]: GET /api/reviews/book/686fa492dca21dadb9ba8ddf
2025-07-11T08:18:10.705Z [info]: GET /api/reviews/book/686fa492dca21dadb9ba8de0
2025-07-11T08:18:10.720Z [info]: GET /api/reviews/book/686fa492dca21dadb9ba8db5
2025-07-11T08:18:10.727Z [info]: GET /api/reviews/book/686fa492dca21dadb9ba8db4
2025-07-11T08:18:10.732Z [info]: GET /api/reviews/book/686fa492dca21dadb9ba8de3
2025-07-11T08:18:10.738Z [info]: GET /api/reviews/book/686fa492dca21dadb9ba8de4
2025-07-11T08:18:10.741Z [info]: GET /api/reviews/book/686fa492dca21dadb9ba8de5
2025-07-11T08:18:10.745Z [info]: GET /api/reviews/book/686fa492dca21dadb9ba8de6
2025-07-11T08:18:10.761Z [info]: GET /api/reviews/book/686fa492dca21dadb9ba8de7
2025-07-11T08:18:10.773Z [info]: GET /api/reviews/book/686fa492dca21dadb9ba8de8
2025-07-11T08:18:10.777Z [info]: GET /api/reviews/book/686fa492dca21dadb9ba8de9
2025-07-11T08:18:10.782Z [info]: GET /api/reviews/book/686fa492dca21dadb9ba8dea
2025-07-11T08:18:10.786Z [info]: GET /api/reviews/book/686fa492dca21dadb9ba8deb
2025-07-11T08:18:10.791Z [info]: GET /api/reviews/book/686fa492dca21dadb9ba8dec
2025-07-11T08:18:10.809Z [info]: GET /api/reviews/book/686fa492dca21dadb9ba8ded
2025-07-11T08:18:10.817Z [info]: GET /api/reviews/book/686fa492dca21dadb9ba8dee
2025-07-11T08:18:10.823Z [info]: GET /api/reviews/book/686fa492dca21dadb9ba8def
2025-07-11T08:18:10.828Z [info]: GET /api/reviews/book/686fa492dca21dadb9ba8df0
2025-07-11T08:18:10.829Z [info]: GET /api/reviews/book/686fa492dca21dadb9ba8df1
2025-07-11T08:18:10.834Z [info]: GET /api/reviews/book/686fa492dca21dadb9ba8df2
2025-07-11T08:18:10.844Z [info]: GET /api/reviews/book/686fa492dca21dadb9ba8df3
2025-07-11T08:18:10.848Z [info]: GET /api/reviews/book/686fa492dca21dadb9ba8df4
2025-07-11T08:18:10.856Z [info]: GET /api/reviews/book/686fa492dca21dadb9ba8df5
2025-07-11T08:18:10.859Z [info]: GET /api/reviews/book/686fa492dca21dadb9ba8df6
2025-07-11T08:18:10.861Z [info]: GET /api/reviews/book/686fa492dca21dadb9ba8df7
2025-07-11T08:18:10.866Z [info]: GET /api/reviews/book/686fa492dca21dadb9ba8df8
2025-07-11T08:18:10.877Z [info]: GET /api/reviews/book/686fa492dca21dadb9ba8df9
2025-07-11T08:18:10.881Z [info]: GET /api/reviews/book/686fa492dca21dadb9ba8dfa
2025-07-11T08:18:10.886Z [info]: GET /api/reviews/book/686fa492dca21dadb9ba8dfb
2025-07-11T08:18:10.891Z [info]: GET /api/reviews/book/686fa492dca21dadb9ba8dfc
2025-07-11T08:18:10.894Z [info]: GET /api/reviews/book/686fa492dca21dadb9ba8dfd
2025-07-11T08:18:10.897Z [info]: GET /api/reviews/book/686fa492dca21dadb9ba8dfe
2025-07-11T08:18:10.919Z [info]: GET /api/reviews/book/686fa492dca21dadb9ba8dff
2025-07-11T08:18:10.927Z [info]: GET /api/reviews/book/686fa492dca21dadb9ba8e00
2025-07-11T08:18:10.931Z [info]: GET /api/reviews/book/686fa492dca21dadb9ba8e01
2025-07-11T08:18:10.937Z [info]: GET /api/reviews/book/686fa492dca21dadb9ba8e02
2025-07-11T08:18:10.942Z [info]: GET /api/reviews/book/686fa492dca21dadb9ba8e03
2025-07-11T08:18:10.953Z [info]: GET /api/reviews/book/686fa492dca21dadb9ba8e04
2025-07-11T08:18:10.981Z [info]: GET /api/reviews/book/686fa492dca21dadb9ba8e05
2025-07-11T08:18:10.995Z [info]: GET /api/reviews/book/686fa492dca21dadb9ba8e06
2025-07-11T08:18:11.011Z [info]: GET /api/reviews/book/686fa492dca21dadb9ba8e07
2025-07-11T08:18:11.021Z [info]: GET /api/reviews/book/686fa492dca21dadb9ba8e08
2025-07-11T08:18:11.028Z [info]: GET /api/reviews/book/686fa492dca21dadb9ba8e09
2025-07-11T08:18:11.033Z [info]: GET /api/reviews/book/686fa492dca21dadb9ba8e0a
2025-07-11T08:18:11.047Z [info]: GET /api/reviews/book/686fa492dca21dadb9ba8e0b
2025-07-11T08:18:11.055Z [info]: GET /api/reviews/book/686fa492dca21dadb9ba8e0c
2025-07-11T08:18:11.059Z [info]: GET /api/reviews/book/686fa492dca21dadb9ba8de1
2025-07-11T08:18:11.061Z [info]: GET /api/reviews/book/686fa492dca21dadb9ba8de2
2025-07-11T08:19:38.078Z [info]: GET /api/reviews/book/686fa492dca21dadb9ba8da9
2025-07-11T08:19:38.084Z [info]: GET /api/reviews/book/686fa492dca21dadb9ba8daa
2025-07-11T08:19:38.088Z [info]: GET /api/reviews/book/686fa492dca21dadb9ba8dab
2025-07-11T08:19:38.097Z [info]: GET /api/reviews/book/686fa492dca21dadb9ba8daf
2025-07-11T08:19:38.100Z [info]: GET /api/reviews/book/686fa492dca21dadb9ba8db0
2025-07-11T08:19:38.106Z [info]: GET /api/reviews/book/686fa492dca21dadb9ba8db2
2025-07-11T08:19:38.113Z [info]: GET /api/reviews/book/686fa492dca21dadb9ba8db3
2025-07-11T08:19:38.118Z [info]: GET /api/reviews/book/686fa492dca21dadb9ba8dac
2025-07-11T08:19:38.129Z [info]: GET /api/reviews/book/686fa492dca21dadb9ba8db6
2025-07-11T08:19:38.132Z [info]: GET /api/reviews/book/686fa492dca21dadb9ba8db7
2025-07-11T08:19:38.134Z [info]: GET /api/reviews/book/686fa492dca21dadb9ba8db8
2025-07-11T08:19:38.138Z [info]: GET /api/reviews/book/686fa492dca21dadb9ba8db9
2025-07-11T08:19:38.140Z [info]: GET /api/reviews/book/686fa492dca21dadb9ba8dba
2025-07-11T08:19:38.143Z [info]: GET /api/reviews/book/686fa492dca21dadb9ba8dad
2025-07-11T08:19:38.148Z [info]: GET /api/reviews/book/686fa492dca21dadb9ba8dbb
2025-07-11T08:19:38.159Z [info]: GET /api/reviews/book/686fa492dca21dadb9ba8dbc
2025-07-11T08:19:38.161Z [info]: GET /api/reviews/book/686fa492dca21dadb9ba8dae
2025-07-11T08:19:38.165Z [info]: GET /api/reviews/book/686fa492dca21dadb9ba8db1
2025-07-11T08:19:38.171Z [info]: GET /api/reviews/book/686fa492dca21dadb9ba8dbd
2025-07-11T08:19:38.173Z [info]: GET /api/reviews/book/686fa492dca21dadb9ba8dbe
2025-07-11T08:19:38.176Z [info]: GET /api/reviews/book/686fa492dca21dadb9ba8dbf
2025-07-11T08:19:38.185Z [info]: GET /api/reviews/book/686fa492dca21dadb9ba8dc0
2025-07-11T08:19:38.189Z [info]: GET /api/reviews/book/686fa492dca21dadb9ba8dc1
2025-07-11T08:19:38.191Z [info]: GET /api/reviews/book/686fa492dca21dadb9ba8dc2
2025-07-11T08:19:38.192Z [info]: GET /api/reviews/book/686fa492dca21dadb9ba8dc3
2025-07-11T08:19:38.194Z [info]: GET /api/reviews/book/686fa492dca21dadb9ba8dc4
2025-07-11T08:19:38.196Z [info]: GET /api/reviews/book/686fa492dca21dadb9ba8dc5
2025-07-11T08:19:38.211Z [info]: GET /api/reviews/book/686fa492dca21dadb9ba8dc6
2025-07-11T08:19:38.214Z [info]: GET /api/reviews/book/686fa492dca21dadb9ba8dc7
2025-07-11T08:19:38.217Z [info]: GET /api/reviews/book/686fa492dca21dadb9ba8dc8
2025-07-11T08:19:38.219Z [info]: GET /api/reviews/book/686fa492dca21dadb9ba8dc9
2025-07-11T08:19:38.222Z [info]: GET /api/reviews/book/686fa492dca21dadb9ba8dca
2025-07-11T08:19:38.224Z [info]: GET /api/reviews/book/686fa492dca21dadb9ba8dcb
2025-07-11T08:19:38.236Z [info]: GET /api/reviews/book/686fa492dca21dadb9ba8dcc
2025-07-11T08:19:38.239Z [info]: GET /api/reviews/book/686fa492dca21dadb9ba8dcd
2025-07-11T08:19:38.242Z [info]: GET /api/reviews/book/686fa492dca21dadb9ba8dce
2025-07-11T08:19:38.244Z [info]: GET /api/reviews/book/686fa492dca21dadb9ba8dcf
2025-07-11T08:19:38.246Z [info]: GET /api/reviews/book/686fa492dca21dadb9ba8dd0
2025-07-11T08:19:38.254Z [info]: GET /api/reviews/book/686fa492dca21dadb9ba8dd1
2025-07-11T08:19:38.269Z [info]: GET /api/reviews/book/686fa492dca21dadb9ba8dd2
2025-07-11T08:19:38.273Z [info]: GET /api/reviews/book/686fa492dca21dadb9ba8dd3
2025-07-11T08:19:38.277Z [info]: GET /api/reviews/book/686fa492dca21dadb9ba8dd4
2025-07-11T08:19:38.279Z [info]: GET /api/reviews/book/686fa492dca21dadb9ba8dd5
2025-07-11T08:19:38.282Z [info]: GET /api/reviews/book/686fa492dca21dadb9ba8dd6
2025-07-11T08:19:38.285Z [info]: GET /api/reviews/book/686fa492dca21dadb9ba8dd7
2025-07-11T08:19:38.300Z [info]: GET /api/reviews/book/686fa492dca21dadb9ba8dd8
2025-07-11T08:19:38.308Z [info]: GET /api/reviews/book/686fa492dca21dadb9ba8dd9
2025-07-11T08:19:38.312Z [info]: GET /api/reviews/book/686fa492dca21dadb9ba8dda
2025-07-11T08:19:38.317Z [info]: GET /api/reviews/book/686fa492dca21dadb9ba8ddb
2025-07-11T08:19:38.329Z [info]: GET /api/reviews/book/686fa492dca21dadb9ba8ddc
2025-07-11T08:19:38.340Z [info]: GET /api/reviews/book/686fa492dca21dadb9ba8ddd
2025-07-11T08:19:38.357Z [info]: GET /api/reviews/book/686fa492dca21dadb9ba8dde
2025-07-11T08:19:38.366Z [info]: GET /api/reviews/book/686fa492dca21dadb9ba8ddf
2025-07-11T08:19:38.372Z [info]: GET /api/reviews/book/686fa492dca21dadb9ba8de0
2025-07-11T08:19:38.376Z [info]: GET /api/reviews/book/686fa492dca21dadb9ba8db5
2025-07-11T08:19:38.380Z [info]: GET /api/reviews/book/686fa492dca21dadb9ba8db4
2025-07-11T08:19:38.382Z [info]: GET /api/reviews/book/686fa492dca21dadb9ba8de3
2025-07-11T08:19:38.400Z [info]: GET /api/reviews/book/686fa492dca21dadb9ba8de4
2025-07-11T08:19:38.410Z [info]: GET /api/reviews/book/686fa492dca21dadb9ba8de5
2025-07-11T08:19:38.435Z [info]: GET /api/reviews/book/686fa492dca21dadb9ba8de6
2025-07-11T08:19:38.444Z [info]: GET /api/reviews/book/686fa492dca21dadb9ba8de7
2025-07-11T08:19:38.448Z [info]: GET /api/reviews/book/686fa492dca21dadb9ba8de8
2025-07-11T08:19:38.452Z [info]: GET /api/reviews/book/686fa492dca21dadb9ba8de9
2025-07-11T08:19:38.474Z [info]: GET /api/reviews/book/686fa492dca21dadb9ba8dea
2025-07-11T08:19:38.479Z [info]: GET /api/reviews/book/686fa492dca21dadb9ba8deb
2025-07-11T08:19:38.486Z [info]: GET /api/reviews/book/686fa492dca21dadb9ba8dec
2025-07-11T08:19:38.497Z [info]: GET /api/reviews/book/686fa492dca21dadb9ba8ded
2025-07-11T08:19:38.502Z [info]: GET /api/reviews/book/686fa492dca21dadb9ba8dee
2025-07-11T08:19:38.507Z [info]: GET /api/reviews/book/686fa492dca21dadb9ba8def
2025-07-11T08:19:38.537Z [info]: GET /api/reviews/book/686fa492dca21dadb9ba8df0
2025-07-11T08:19:38.552Z [info]: GET /api/reviews/book/686fa492dca21dadb9ba8df1
2025-07-11T08:19:38.559Z [info]: GET /api/reviews/book/686fa492dca21dadb9ba8df2
2025-07-11T08:19:38.565Z [info]: GET /api/reviews/book/686fa492dca21dadb9ba8df3
2025-07-11T08:19:38.592Z [info]: GET /api/reviews/book/686fa492dca21dadb9ba8df4
2025-07-11T08:19:38.605Z [info]: GET /api/reviews/book/686fa492dca21dadb9ba8df5
2025-07-11T08:19:38.627Z [info]: GET /api/reviews/book/686fa492dca21dadb9ba8df6
2025-07-11T08:19:38.631Z [info]: GET /api/reviews/book/686fa492dca21dadb9ba8df7
2025-07-11T08:19:38.634Z [info]: GET /api/reviews/book/686fa492dca21dadb9ba8df8
2025-07-11T08:19:38.640Z [info]: GET /api/reviews/book/686fa492dca21dadb9ba8df9
2025-07-11T08:19:38.647Z [info]: GET /api/reviews/book/686fa492dca21dadb9ba8dfa
2025-07-11T08:19:38.651Z [info]: GET /api/reviews/book/686fa492dca21dadb9ba8dfb
2025-07-11T08:19:38.664Z [info]: GET /api/reviews/book/686fa492dca21dadb9ba8dfc
2025-07-11T08:19:38.675Z [info]: GET /api/reviews/book/686fa492dca21dadb9ba8dfd
2025-07-11T08:19:38.681Z [info]: GET /api/reviews/book/686fa492dca21dadb9ba8dfe
2025-07-11T08:19:38.683Z [info]: GET /api/reviews/book/686fa492dca21dadb9ba8dff
2025-07-11T08:19:38.695Z [info]: GET /api/reviews/book/686fa492dca21dadb9ba8e00
2025-07-11T08:19:38.698Z [info]: GET /api/reviews/book/686fa492dca21dadb9ba8e01
2025-07-11T08:19:38.715Z [info]: GET /api/reviews/book/686fa492dca21dadb9ba8e02
2025-07-11T08:19:38.728Z [info]: GET /api/reviews/book/686fa492dca21dadb9ba8e03
2025-07-11T08:19:38.734Z [info]: GET /api/reviews/book/686fa492dca21dadb9ba8e04
2025-07-11T08:19:38.741Z [info]: GET /api/reviews/book/686fa492dca21dadb9ba8e05
2025-07-11T08:19:38.746Z [info]: GET /api/reviews/book/686fa492dca21dadb9ba8e06
2025-07-11T08:19:38.759Z [info]: GET /api/reviews/book/686fa492dca21dadb9ba8e07
2025-07-11T08:19:38.777Z [info]: GET /api/reviews/book/686fa492dca21dadb9ba8e08
2025-07-11T08:19:38.790Z [info]: GET /api/reviews/book/686fa492dca21dadb9ba8e09
2025-07-11T08:19:38.797Z [info]: GET /api/reviews/book/686fa492dca21dadb9ba8e0a
2025-07-11T08:19:38.799Z [info]: GET /api/reviews/book/686fa492dca21dadb9ba8e0b
2025-07-11T08:19:38.807Z [info]: GET /api/reviews/book/686fa492dca21dadb9ba8e0c
2025-07-11T08:19:38.810Z [info]: GET /api/reviews/book/686fa492dca21dadb9ba8de1
2025-07-11T08:19:38.816Z [info]: GET /api/reviews/book/686fa492dca21dadb9ba8de2
2025-07-11T08:19:40.581Z [info]: GET /api/reviews/book/686fa492dca21dadb9ba8db2
2025-07-11T08:19:50.252Z [info]: GET /api/reviews/book/686fa492dca21dadb9ba8da9
2025-07-11T08:19:50.265Z [info]: GET /api/reviews/book/686fa492dca21dadb9ba8daa
2025-07-11T08:19:50.268Z [info]: GET /api/reviews/book/686fa492dca21dadb9ba8dab
2025-07-11T08:19:50.270Z [info]: GET /api/reviews/book/686fa492dca21dadb9ba8db0
2025-07-11T08:19:50.272Z [info]: GET /api/reviews/book/686fa492dca21dadb9ba8db2
2025-07-11T08:19:50.278Z [info]: GET /api/reviews/book/686fa492dca21dadb9ba8db3
2025-07-11T08:19:50.279Z [info]: GET /api/reviews/book/686fa492dca21dadb9ba8dac
2025-07-11T08:19:50.283Z [info]: GET /api/reviews/book/686fa492dca21dadb9ba8db7
2025-07-11T08:19:50.286Z [info]: GET /api/reviews/book/686fa492dca21dadb9ba8db8
2025-07-11T08:19:50.291Z [info]: GET /api/reviews/book/686fa492dca21dadb9ba8db9
2025-07-11T08:19:50.331Z [info]: GET /api/reviews/book/686fa492dca21dadb9ba8dba
2025-07-11T08:19:50.335Z [info]: GET /api/reviews/book/686fa492dca21dadb9ba8dad
2025-07-11T08:19:50.337Z [info]: GET /api/reviews/book/686fa492dca21dadb9ba8dbb
2025-07-11T08:19:50.338Z [info]: GET /api/reviews/book/686fa492dca21dadb9ba8dbc
2025-07-11T08:19:50.340Z [info]: GET /api/reviews/book/686fa492dca21dadb9ba8db1
2025-07-11T08:19:50.345Z [info]: GET /api/reviews/book/686fa492dca21dadb9ba8dbd
2025-07-11T08:19:50.351Z [info]: GET /api/reviews/book/686fa492dca21dadb9ba8dbe
2025-07-11T08:19:50.354Z [info]: GET /api/reviews/book/686fa492dca21dadb9ba8dbf
2025-07-11T08:19:50.357Z [info]: GET /api/reviews/book/686fa492dca21dadb9ba8dc0
2025-07-11T08:19:50.359Z [info]: GET /api/reviews/book/686fa492dca21dadb9ba8dc1
2025-07-11T08:19:50.361Z [info]: GET /api/reviews/book/686fa492dca21dadb9ba8dc2
2025-07-11T08:19:50.366Z [info]: GET /api/reviews/book/686fa492dca21dadb9ba8dc3
2025-07-11T08:19:50.373Z [info]: GET /api/reviews/book/686fa492dca21dadb9ba8dc4
2025-07-11T08:19:50.379Z [info]: GET /api/reviews/book/686fa492dca21dadb9ba8dc5
2025-07-11T08:19:50.383Z [info]: GET /api/reviews/book/686fa492dca21dadb9ba8dc6
2025-07-11T08:19:50.385Z [info]: GET /api/reviews/book/686fa492dca21dadb9ba8dc7
2025-07-11T08:19:50.387Z [info]: GET /api/reviews/book/686fa492dca21dadb9ba8dc8
2025-07-11T08:19:50.389Z [info]: GET /api/reviews/book/686fa492dca21dadb9ba8dc9
2025-07-11T08:19:50.397Z [info]: GET /api/reviews/book/686fa492dca21dadb9ba8dca
2025-07-11T08:19:50.401Z [info]: GET /api/reviews/book/686fa492dca21dadb9ba8dcb
2025-07-11T08:19:50.403Z [info]: GET /api/reviews/book/686fa492dca21dadb9ba8dcc
2025-07-11T08:19:50.405Z [info]: GET /api/reviews/book/686fa492dca21dadb9ba8dcd
2025-07-11T08:19:50.407Z [info]: GET /api/reviews/book/686fa492dca21dadb9ba8dce
2025-07-11T08:19:50.413Z [info]: GET /api/reviews/book/686fa492dca21dadb9ba8dcf
2025-07-11T08:19:50.418Z [info]: GET /api/reviews/book/686fa492dca21dadb9ba8dd1
2025-07-11T08:19:50.421Z [info]: GET /api/reviews/book/686fa492dca21dadb9ba8dd2
2025-07-11T08:19:50.422Z [info]: GET /api/reviews/book/686fa492dca21dadb9ba8dd3
2025-07-11T08:19:50.424Z [info]: GET /api/reviews/book/686fa492dca21dadb9ba8dd4
2025-07-11T08:19:50.427Z [info]: GET /api/reviews/book/686fa492dca21dadb9ba8dd5
2025-07-11T08:19:50.431Z [info]: GET /api/reviews/book/686fa492dca21dadb9ba8dd6
2025-07-11T08:19:50.437Z [info]: GET /api/reviews/book/686fa492dca21dadb9ba8dd7
2025-07-11T08:19:50.442Z [info]: GET /api/reviews/book/686fa492dca21dadb9ba8dd8
2025-07-11T08:19:50.445Z [info]: GET /api/reviews/book/686fa492dca21dadb9ba8dda
2025-07-11T08:19:50.447Z [info]: GET /api/reviews/book/686fa492dca21dadb9ba8ddb
2025-07-11T08:19:50.451Z [info]: GET /api/reviews/book/686fa492dca21dadb9ba8ddc
2025-07-11T08:19:50.454Z [info]: GET /api/reviews/book/686fa492dca21dadb9ba8ddd
2025-07-11T08:19:50.462Z [info]: GET /api/reviews/book/686fa492dca21dadb9ba8dde
2025-07-11T08:19:50.464Z [info]: GET /api/reviews/book/686fa492dca21dadb9ba8ddf
2025-07-11T08:19:50.466Z [info]: GET /api/reviews/book/686fa492dca21dadb9ba8de0
2025-07-11T08:19:50.467Z [info]: GET /api/reviews/book/686fa492dca21dadb9ba8db5
2025-07-11T08:19:50.470Z [info]: GET /api/reviews/book/686fa492dca21dadb9ba8db4
2025-07-11T08:19:50.472Z [info]: GET /api/reviews/book/686fa492dca21dadb9ba8de3
2025-07-11T08:19:50.481Z [info]: GET /api/reviews/book/686fa492dca21dadb9ba8de4
2025-07-11T08:19:50.486Z [info]: GET /api/reviews/book/686fa492dca21dadb9ba8de5
2025-07-11T08:19:50.488Z [info]: GET /api/reviews/book/686fa492dca21dadb9ba8de6
2025-07-11T08:19:50.489Z [info]: GET /api/reviews/book/686fa492dca21dadb9ba8de7
2025-07-11T08:19:50.491Z [info]: GET /api/reviews/book/686fa492dca21dadb9ba8de8
2025-07-11T08:19:50.494Z [info]: GET /api/reviews/book/686fa492dca21dadb9ba8de9
2025-07-11T08:19:50.501Z [info]: GET /api/reviews/book/686fa492dca21dadb9ba8dea
2025-07-11T08:19:50.504Z [info]: GET /api/reviews/book/686fa492dca21dadb9ba8deb
2025-07-11T08:19:50.506Z [info]: GET /api/reviews/book/686fa492dca21dadb9ba8dec
2025-07-11T08:19:50.507Z [info]: GET /api/reviews/book/686fa492dca21dadb9ba8ded
2025-07-11T08:19:50.509Z [info]: GET /api/reviews/book/686fa492dca21dadb9ba8dee
2025-07-11T08:19:50.513Z [info]: GET /api/reviews/book/686fa492dca21dadb9ba8def
2025-07-11T08:19:50.521Z [info]: GET /api/reviews/book/686fa492dca21dadb9ba8df1
2025-07-11T08:19:50.523Z [info]: GET /api/reviews/book/686fa492dca21dadb9ba8df2
2025-07-11T08:19:50.526Z [info]: GET /api/reviews/book/686fa492dca21dadb9ba8df3
2025-07-11T08:19:50.528Z [info]: GET /api/reviews/book/686fa492dca21dadb9ba8df4
2025-07-11T08:19:50.530Z [info]: GET /api/reviews/book/686fa492dca21dadb9ba8df5
2025-07-11T08:19:50.533Z [info]: GET /api/reviews/book/686fa492dca21dadb9ba8df6
2025-07-11T08:19:50.541Z [info]: GET /api/reviews/book/686fa492dca21dadb9ba8df7
2025-07-11T08:19:50.548Z [info]: GET /api/reviews/book/686fa492dca21dadb9ba8df8
2025-07-11T08:19:50.550Z [info]: GET /api/reviews/book/686fa492dca21dadb9ba8df9
2025-07-11T08:19:50.553Z [info]: GET /api/reviews/book/686fa492dca21dadb9ba8dfa
2025-07-11T08:19:50.555Z [info]: GET /api/reviews/book/686fa492dca21dadb9ba8dfb
2025-07-11T08:19:50.559Z [info]: GET /api/reviews/book/686fa492dca21dadb9ba8dfc
2025-07-11T08:19:50.570Z [info]: GET /api/reviews/book/686fa492dca21dadb9ba8dfd
2025-07-11T08:19:50.574Z [info]: GET /api/reviews/book/686fa492dca21dadb9ba8dfe
2025-07-11T08:19:50.578Z [info]: GET /api/reviews/book/686fa492dca21dadb9ba8dff
2025-07-11T08:19:50.580Z [info]: GET /api/reviews/book/686fa492dca21dadb9ba8e00
2025-07-11T08:19:50.581Z [info]: GET /api/reviews/book/686fa492dca21dadb9ba8e01
2025-07-11T08:19:50.584Z [info]: GET /api/reviews/book/686fa492dca21dadb9ba8e02
2025-07-11T08:19:50.589Z [info]: GET /api/reviews/book/686fa492dca21dadb9ba8e03
2025-07-11T08:19:50.592Z [info]: GET /api/reviews/book/686fa492dca21dadb9ba8e04
2025-07-11T08:19:50.594Z [info]: GET /api/reviews/book/686fa492dca21dadb9ba8e05
2025-07-11T08:19:50.596Z [info]: GET /api/reviews/book/686fa492dca21dadb9ba8e06
2025-07-11T08:19:50.598Z [info]: GET /api/reviews/book/686fa492dca21dadb9ba8e07
2025-07-11T08:19:50.602Z [info]: GET /api/reviews/book/686fa492dca21dadb9ba8e08
2025-07-11T08:19:50.606Z [info]: GET /api/reviews/book/686fa492dca21dadb9ba8e09
2025-07-11T08:19:50.610Z [info]: GET /api/reviews/book/686fa492dca21dadb9ba8e0a
2025-07-11T08:19:50.612Z [info]: GET /api/reviews/book/686fa492dca21dadb9ba8e0b
2025-07-11T08:19:50.614Z [info]: GET /api/reviews/book/686fa492dca21dadb9ba8e0c
2025-07-11T08:19:50.616Z [info]: GET /api/reviews/book/686fa492dca21dadb9ba8de1
2025-07-11T08:19:50.618Z [info]: GET /api/reviews/book/686fa492dca21dadb9ba8de2
2025-07-11T08:21:29.443Z [info]: GET /api/reviews/book/686fa492dca21dadb9ba8da9
2025-07-11T08:21:29.449Z [info]: GET /api/reviews/book/686fa492dca21dadb9ba8daa
2025-07-11T08:21:29.456Z [info]: GET /api/reviews/book/686fa492dca21dadb9ba8dab
2025-07-11T08:21:29.458Z [info]: GET /api/reviews/book/686fa492dca21dadb9ba8daf
2025-07-11T08:21:29.461Z [info]: GET /api/reviews/book/686fa492dca21dadb9ba8db0
2025-07-11T08:21:29.464Z [info]: GET /api/reviews/book/686fa492dca21dadb9ba8db3
2025-07-11T08:21:29.473Z [info]: GET /api/reviews/book/686fa492dca21dadb9ba8dac
2025-07-11T08:21:29.480Z [info]: GET /api/reviews/book/686fa492dca21dadb9ba8db6
2025-07-11T08:21:29.483Z [info]: GET /api/reviews/book/686fa492dca21dadb9ba8db7
2025-07-11T08:21:29.486Z [info]: GET /api/reviews/book/686fa492dca21dadb9ba8db8
2025-07-11T08:21:29.492Z [info]: GET /api/reviews/book/686fa492dca21dadb9ba8db9
2025-07-11T08:21:29.495Z [info]: GET /api/reviews/book/686fa492dca21dadb9ba8dba
2025-07-11T08:21:29.498Z [info]: GET /api/reviews/book/686fa492dca21dadb9ba8dad
2025-07-11T08:21:29.503Z [info]: GET /api/reviews/book/686fa492dca21dadb9ba8dbb
2025-07-11T08:21:29.506Z [info]: GET /api/reviews/book/686fa492dca21dadb9ba8dbc
2025-07-11T08:21:29.509Z [info]: GET /api/reviews/book/686fa492dca21dadb9ba8dae
2025-07-11T08:21:29.511Z [info]: GET /api/reviews/book/686fa492dca21dadb9ba8db1
2025-07-11T08:21:29.516Z [info]: GET /api/reviews/book/686fa492dca21dadb9ba8dbd
2025-07-11T08:21:29.518Z [info]: GET /api/reviews/book/686fa492dca21dadb9ba8dbe
2025-07-11T08:21:29.525Z [info]: GET /api/reviews/book/686fa492dca21dadb9ba8dbf
2025-07-11T08:21:29.532Z [info]: GET /api/reviews/book/686fa492dca21dadb9ba8dc0
2025-07-11T08:21:29.562Z [info]: GET /api/reviews/book/686fa492dca21dadb9ba8dc1
2025-07-11T08:21:29.565Z [info]: GET /api/reviews/book/686fa492dca21dadb9ba8dc2
2025-07-11T08:21:29.571Z [info]: GET /api/reviews/book/686fa492dca21dadb9ba8dc3
2025-07-11T08:21:29.574Z [info]: GET /api/reviews/book/686fa492dca21dadb9ba8dc4
2025-07-11T08:21:29.582Z [info]: GET /api/reviews/book/686fa492dca21dadb9ba8dc5
2025-07-11T08:21:29.586Z [info]: GET /api/reviews/book/686fa492dca21dadb9ba8dc6
2025-07-11T08:21:29.593Z [info]: GET /api/reviews/book/686fa492dca21dadb9ba8dc7
2025-07-11T08:21:29.594Z [info]: GET /api/reviews/book/686fa492dca21dadb9ba8dc8
2025-07-11T08:21:29.597Z [info]: GET /api/reviews/book/686fa492dca21dadb9ba8dc9
2025-07-11T08:21:29.599Z [info]: GET /api/reviews/book/686fa492dca21dadb9ba8dca
2025-07-11T08:21:29.603Z [info]: GET /api/reviews/book/686fa492dca21dadb9ba8dcb
2025-07-11T08:21:29.611Z [info]: GET /api/reviews/book/686fa492dca21dadb9ba8dce
2025-07-11T08:21:29.613Z [info]: GET /api/reviews/book/686fa492dca21dadb9ba8dcf
2025-07-11T08:21:29.615Z [info]: GET /api/reviews/book/686fa492dca21dadb9ba8dd0
2025-07-11T08:21:29.620Z [info]: GET /api/reviews/book/686fa492dca21dadb9ba8dd1
2025-07-11T08:21:29.622Z [info]: GET /api/reviews/book/686fa492dca21dadb9ba8dd2
2025-07-11T08:21:29.628Z [info]: GET /api/reviews/book/686fa492dca21dadb9ba8dd3
2025-07-11T08:21:29.630Z [info]: GET /api/reviews/book/686fa492dca21dadb9ba8dd4
2025-07-11T08:21:29.635Z [info]: GET /api/reviews/book/686fa492dca21dadb9ba8dd5
2025-07-11T08:21:29.640Z [info]: GET /api/reviews/book/686fa492dca21dadb9ba8dd6
2025-07-11T08:21:29.645Z [info]: GET /api/reviews/book/686fa492dca21dadb9ba8dd7
2025-07-11T08:21:29.647Z [info]: GET /api/reviews/book/686fa492dca21dadb9ba8dd8
2025-07-11T08:21:29.652Z [info]: GET /api/reviews/book/686fa492dca21dadb9ba8dd9
2025-07-11T08:21:29.656Z [info]: GET /api/reviews/book/686fa492dca21dadb9ba8dda
2025-07-11T08:21:29.661Z [info]: GET /api/reviews/book/686fa492dca21dadb9ba8ddb
2025-07-11T08:21:29.664Z [info]: GET /api/reviews/book/686fa492dca21dadb9ba8ddc
2025-07-11T08:21:29.668Z [info]: GET /api/reviews/book/686fa492dca21dadb9ba8ddd
2025-07-11T08:21:29.672Z [info]: GET /api/reviews/book/686fa492dca21dadb9ba8dde
2025-07-11T08:21:29.677Z [info]: GET /api/reviews/book/686fa492dca21dadb9ba8ddf
2025-07-11T08:21:29.678Z [info]: GET /api/reviews/book/686fa492dca21dadb9ba8db5
2025-07-11T08:21:29.681Z [info]: GET /api/reviews/book/686fa492dca21dadb9ba8de3
2025-07-11T08:21:29.684Z [info]: GET /api/reviews/book/686fa492dca21dadb9ba8de5
2025-07-11T08:21:29.690Z [info]: GET /api/reviews/book/686fa492dca21dadb9ba8de6
2025-07-11T08:21:29.693Z [info]: GET /api/reviews/book/686fa492dca21dadb9ba8de7
2025-07-11T08:21:29.698Z [info]: GET /api/reviews/book/686fa492dca21dadb9ba8de8
2025-07-11T08:21:29.699Z [info]: GET /api/reviews/book/686fa492dca21dadb9ba8de9
2025-07-11T08:21:29.705Z [info]: GET /api/reviews/book/686fa492dca21dadb9ba8dea
2025-07-11T08:21:29.709Z [info]: GET /api/reviews/book/686fa492dca21dadb9ba8deb
2025-07-11T08:21:29.713Z [info]: GET /api/reviews/book/686fa492dca21dadb9ba8dec
2025-07-11T08:21:29.714Z [info]: GET /api/reviews/book/686fa492dca21dadb9ba8ded
2025-07-11T08:21:29.719Z [info]: GET /api/reviews/book/686fa492dca21dadb9ba8dee
2025-07-11T08:21:29.721Z [info]: GET /api/reviews/book/686fa492dca21dadb9ba8def
2025-07-11T08:21:29.726Z [info]: GET /api/reviews/book/686fa492dca21dadb9ba8df0
2025-07-11T08:21:29.727Z [info]: GET /api/reviews/book/686fa492dca21dadb9ba8df1
2025-07-11T08:21:29.732Z [info]: GET /api/reviews/book/686fa492dca21dadb9ba8df2
2025-07-11T08:21:29.736Z [info]: GET /api/reviews/book/686fa492dca21dadb9ba8df4
2025-07-11T08:21:29.743Z [info]: GET /api/reviews/book/686fa492dca21dadb9ba8df5
2025-07-11T08:21:29.746Z [info]: GET /api/reviews/book/686fa492dca21dadb9ba8df6
2025-07-11T08:21:29.751Z [info]: GET /api/reviews/book/686fa492dca21dadb9ba8df7
2025-07-11T08:21:29.759Z [info]: GET /api/reviews/book/686fa492dca21dadb9ba8dfa
2025-07-11T08:21:29.764Z [info]: GET /api/reviews/book/686fa492dca21dadb9ba8dfb
2025-07-11T08:21:29.766Z [info]: GET /api/reviews/book/686fa492dca21dadb9ba8dfc
2025-07-11T08:21:29.771Z [info]: GET /api/reviews/book/686fa492dca21dadb9ba8dfd
2025-07-11T08:21:29.775Z [info]: GET /api/reviews/book/686fa492dca21dadb9ba8dfe
2025-07-11T08:21:29.779Z [info]: GET /api/reviews/book/686fa492dca21dadb9ba8dff
2025-07-11T08:21:29.783Z [info]: GET /api/reviews/book/686fa492dca21dadb9ba8e00
2025-07-11T08:21:29.787Z [info]: GET /api/reviews/book/686fa492dca21dadb9ba8e01
2025-07-11T08:21:29.790Z [info]: GET /api/reviews/book/686fa492dca21dadb9ba8e02
2025-07-11T08:21:29.794Z [info]: GET /api/reviews/book/686fa492dca21dadb9ba8e03
2025-07-11T08:21:29.796Z [info]: GET /api/reviews/book/686fa492dca21dadb9ba8e04
2025-07-11T08:21:29.800Z [info]: GET /api/reviews/book/686fa492dca21dadb9ba8e05
2025-07-11T08:21:29.803Z [info]: GET /api/reviews/book/686fa492dca21dadb9ba8e06
2025-07-11T08:21:29.808Z [info]: GET /api/reviews/book/686fa492dca21dadb9ba8e07
2025-07-11T08:21:29.810Z [info]: GET /api/reviews/book/686fa492dca21dadb9ba8e08
2025-07-11T08:21:29.813Z [info]: GET /api/reviews/book/686fa492dca21dadb9ba8e09
2025-07-11T08:21:29.815Z [info]: GET /api/reviews/book/686fa492dca21dadb9ba8e0b
2025-07-11T08:21:29.823Z [info]: GET /api/reviews/book/686fa492dca21dadb9ba8e0c
2025-07-11T08:21:29.825Z [info]: GET /api/reviews/book/686fa492dca21dadb9ba8de1
2025-07-11T08:21:29.828Z [info]: GET /api/reviews/book/686fa492dca21dadb9ba8de2
2025-07-11T08:21:43.630Z [info]: GET /api/reviews/book/686fa492dca21dadb9ba8da9
2025-07-11T08:21:43.637Z [info]: GET /api/reviews/book/686fa492dca21dadb9ba8daa
2025-07-11T08:21:43.643Z [info]: GET /api/reviews/book/686fa492dca21dadb9ba8dab
2025-07-11T08:21:43.646Z [info]: GET /api/reviews/book/686fa492dca21dadb9ba8daf
2025-07-11T08:21:43.650Z [info]: GET /api/reviews/book/686fa492dca21dadb9ba8db0
2025-07-11T08:21:43.653Z [info]: GET /api/reviews/book/686fa492dca21dadb9ba8db2
2025-07-11T08:21:43.658Z [info]: GET /api/reviews/book/686fa492dca21dadb9ba8db3
2025-07-11T08:21:43.661Z [info]: GET /api/reviews/book/686fa492dca21dadb9ba8dac
2025-07-11T08:21:43.666Z [info]: GET /api/reviews/book/686fa492dca21dadb9ba8db6
2025-07-11T08:21:43.669Z [info]: GET /api/reviews/book/686fa492dca21dadb9ba8db7
2025-07-11T08:21:43.672Z [info]: GET /api/reviews/book/686fa492dca21dadb9ba8db8
2025-07-11T08:21:43.676Z [info]: GET /api/reviews/book/686fa492dca21dadb9ba8db9
2025-07-11T08:21:43.679Z [info]: GET /api/reviews/book/686fa492dca21dadb9ba8dba
2025-07-11T08:21:43.682Z [info]: GET /api/reviews/book/686fa492dca21dadb9ba8dad
2025-07-11T08:21:43.689Z [info]: GET /api/reviews/book/686fa492dca21dadb9ba8dbb
2025-07-11T08:21:43.698Z [info]: GET /api/reviews/book/686fa492dca21dadb9ba8dbc
2025-07-11T08:21:43.702Z [info]: GET /api/reviews/book/686fa492dca21dadb9ba8dae
2025-07-11T08:21:43.709Z [info]: GET /api/reviews/book/686fa492dca21dadb9ba8db1
2025-07-11T08:21:43.712Z [info]: GET /api/reviews/book/686fa492dca21dadb9ba8dbd
2025-07-11T08:21:43.714Z [info]: GET /api/reviews/book/686fa492dca21dadb9ba8dbe
2025-07-11T08:21:43.717Z [info]: GET /api/reviews/book/686fa492dca21dadb9ba8dbf
2025-07-11T08:21:43.723Z [info]: GET /api/reviews/book/686fa492dca21dadb9ba8dc0
2025-07-11T08:21:43.727Z [info]: GET /api/reviews/book/686fa492dca21dadb9ba8dc1
2025-07-11T08:21:43.731Z [info]: GET /api/reviews/book/686fa492dca21dadb9ba8dc2
2025-07-11T08:21:43.734Z [info]: GET /api/reviews/book/686fa492dca21dadb9ba8dc3
2025-07-11T08:21:43.736Z [info]: GET /api/reviews/book/686fa492dca21dadb9ba8dc4
2025-07-11T08:21:43.741Z [info]: GET /api/reviews/book/686fa492dca21dadb9ba8dc5
2025-07-11T08:21:43.749Z [info]: GET /api/reviews/book/686fa492dca21dadb9ba8dc6
2025-07-11T08:21:43.751Z [info]: GET /api/reviews/book/686fa492dca21dadb9ba8dc7
2025-07-11T08:21:43.753Z [info]: GET /api/reviews/book/686fa492dca21dadb9ba8dc8
2025-07-11T08:21:43.756Z [info]: GET /api/reviews/book/686fa492dca21dadb9ba8dc9
2025-07-11T08:21:43.767Z [info]: GET /api/reviews/book/686fa492dca21dadb9ba8dca
2025-07-11T08:21:43.775Z [info]: GET /api/reviews/book/686fa492dca21dadb9ba8dcb
2025-07-11T08:21:43.780Z [info]: GET /api/reviews/book/686fa492dca21dadb9ba8dcc
2025-07-11T08:21:43.782Z [info]: GET /api/reviews/book/686fa492dca21dadb9ba8dcd
2025-07-11T08:21:43.786Z [info]: GET /api/reviews/book/686fa492dca21dadb9ba8dce
2025-07-11T08:21:43.788Z [info]: GET /api/reviews/book/686fa492dca21dadb9ba8dcf
2025-07-11T08:21:43.791Z [info]: GET /api/reviews/book/686fa492dca21dadb9ba8dd0
2025-07-11T08:21:43.795Z [info]: GET /api/reviews/book/686fa492dca21dadb9ba8dd1
2025-07-11T08:21:43.801Z [info]: GET /api/reviews/book/686fa492dca21dadb9ba8dd2
2025-07-11T08:21:43.803Z [info]: GET /api/reviews/book/686fa492dca21dadb9ba8dd3
2025-07-11T08:21:43.806Z [info]: GET /api/reviews/book/686fa492dca21dadb9ba8dd4
2025-07-11T08:21:43.810Z [info]: GET /api/reviews/book/686fa492dca21dadb9ba8dd5
2025-07-11T08:21:43.812Z [info]: GET /api/reviews/book/686fa492dca21dadb9ba8dd6
2025-07-11T08:21:43.814Z [info]: GET /api/reviews/book/686fa492dca21dadb9ba8dd7
2025-07-11T08:21:43.819Z [info]: GET /api/reviews/book/686fa492dca21dadb9ba8dd8
2025-07-11T08:21:43.823Z [info]: GET /api/reviews/book/686fa492dca21dadb9ba8dd9
2025-07-11T08:21:43.828Z [info]: GET /api/reviews/book/686fa492dca21dadb9ba8dda
2025-07-11T08:21:43.832Z [info]: GET /api/reviews/book/686fa492dca21dadb9ba8ddb
2025-07-11T08:21:43.834Z [info]: GET /api/reviews/book/686fa492dca21dadb9ba8ddc
2025-07-11T08:21:43.840Z [info]: GET /api/reviews/book/686fa492dca21dadb9ba8ddd
2025-07-11T08:21:43.849Z [info]: GET /api/reviews/book/686fa492dca21dadb9ba8dde
2025-07-11T08:21:43.851Z [info]: GET /api/reviews/book/686fa492dca21dadb9ba8ddf
2025-07-11T08:21:43.857Z [info]: GET /api/reviews/book/686fa492dca21dadb9ba8de0
2025-07-11T08:21:43.861Z [info]: GET /api/reviews/book/686fa492dca21dadb9ba8db5
2025-07-11T08:21:43.864Z [info]: GET /api/reviews/book/686fa492dca21dadb9ba8db4
2025-07-11T08:21:43.869Z [info]: GET /api/reviews/book/686fa492dca21dadb9ba8de3
2025-07-11T08:21:43.877Z [info]: GET /api/reviews/book/686fa492dca21dadb9ba8de4
2025-07-11T08:21:43.880Z [info]: GET /api/reviews/book/686fa492dca21dadb9ba8de5
2025-07-11T08:21:43.883Z [info]: GET /api/reviews/book/686fa492dca21dadb9ba8de6
2025-07-11T08:21:43.885Z [info]: GET /api/reviews/book/686fa492dca21dadb9ba8de7
2025-07-11T08:21:43.888Z [info]: GET /api/reviews/book/686fa492dca21dadb9ba8de8
2025-07-11T08:21:43.895Z [info]: GET /api/reviews/book/686fa492dca21dadb9ba8de9
2025-07-11T08:21:43.901Z [info]: GET /api/reviews/book/686fa492dca21dadb9ba8dea
2025-07-11T08:21:43.903Z [info]: GET /api/reviews/book/686fa492dca21dadb9ba8deb
2025-07-11T08:21:43.907Z [info]: GET /api/reviews/book/686fa492dca21dadb9ba8dec
2025-07-11T08:21:43.910Z [info]: GET /api/reviews/book/686fa492dca21dadb9ba8ded
2025-07-11T08:21:43.913Z [info]: GET /api/reviews/book/686fa492dca21dadb9ba8dee
2025-07-11T08:21:43.916Z [info]: GET /api/reviews/book/686fa492dca21dadb9ba8def
2025-07-11T08:21:43.921Z [info]: GET /api/reviews/book/686fa492dca21dadb9ba8df0
2025-07-11T08:21:43.924Z [info]: GET /api/reviews/book/686fa492dca21dadb9ba8df1
2025-07-11T08:21:43.926Z [info]: GET /api/reviews/book/686fa492dca21dadb9ba8df2
2025-07-11T08:21:43.928Z [info]: GET /api/reviews/book/686fa492dca21dadb9ba8df3
2025-07-11T08:21:43.930Z [info]: GET /api/reviews/book/686fa492dca21dadb9ba8df4
2025-07-11T08:21:43.934Z [info]: GET /api/reviews/book/686fa492dca21dadb9ba8df5
2025-07-11T08:21:43.938Z [info]: GET /api/reviews/book/686fa492dca21dadb9ba8df6
2025-07-11T08:21:43.942Z [info]: GET /api/reviews/book/686fa492dca21dadb9ba8df7
2025-07-11T08:21:43.946Z [info]: GET /api/reviews/book/686fa492dca21dadb9ba8df8
2025-07-11T08:21:43.948Z [info]: GET /api/reviews/book/686fa492dca21dadb9ba8df9
2025-07-11T08:21:43.951Z [info]: GET /api/reviews/book/686fa492dca21dadb9ba8dfa
2025-07-11T08:21:43.956Z [info]: GET /api/reviews/book/686fa492dca21dadb9ba8dfb
2025-07-11T08:21:43.964Z [info]: GET /api/reviews/book/686fa492dca21dadb9ba8dfc
2025-07-11T08:21:43.966Z [info]: GET /api/reviews/book/686fa492dca21dadb9ba8dfd
2025-07-11T08:21:43.969Z [info]: GET /api/reviews/book/686fa492dca21dadb9ba8dfe
2025-07-11T08:21:43.974Z [info]: GET /api/reviews/book/686fa492dca21dadb9ba8dff
2025-07-11T08:21:43.978Z [info]: GET /api/reviews/book/686fa492dca21dadb9ba8e00
2025-07-11T08:21:43.984Z [info]: GET /api/reviews/book/686fa492dca21dadb9ba8e01
2025-07-11T08:21:43.991Z [info]: GET /api/reviews/book/686fa492dca21dadb9ba8e02
2025-07-11T08:21:43.994Z [info]: GET /api/reviews/book/686fa492dca21dadb9ba8e03
2025-07-11T08:21:43.997Z [info]: GET /api/reviews/book/686fa492dca21dadb9ba8e04
2025-07-11T08:21:44.000Z [info]: GET /api/reviews/book/686fa492dca21dadb9ba8e05
2025-07-11T08:21:44.002Z [info]: GET /api/reviews/book/686fa492dca21dadb9ba8e06
2025-07-11T08:21:44.008Z [info]: GET /api/reviews/book/686fa492dca21dadb9ba8e07
2025-07-11T08:21:44.016Z [info]: GET /api/reviews/book/686fa492dca21dadb9ba8e08
2025-07-11T08:21:44.021Z [info]: GET /api/reviews/book/686fa492dca21dadb9ba8e09
2025-07-11T08:21:44.025Z [info]: GET /api/reviews/book/686fa492dca21dadb9ba8e0a
2025-07-11T08:21:44.027Z [info]: GET /api/reviews/book/686fa492dca21dadb9ba8e0b
2025-07-11T08:21:44.029Z [info]: GET /api/reviews/book/686fa492dca21dadb9ba8e0c
2025-07-11T08:21:44.033Z [info]: GET /api/reviews/book/686fa492dca21dadb9ba8de1
2025-07-11T08:21:44.037Z [info]: GET /api/reviews/book/686fa492dca21dadb9ba8de2
2025-07-11T08:21:51.428Z [info]: GET /api/reviews/book/686fa492dca21dadb9ba8da9
2025-07-11T08:21:51.432Z [info]: GET /api/reviews/book/686fa492dca21dadb9ba8daa
2025-07-11T08:21:51.438Z [info]: GET /api/reviews/book/686fa492dca21dadb9ba8dab
2025-07-11T08:21:51.448Z [info]: GET /api/reviews/book/686fa492dca21dadb9ba8daf
2025-07-11T08:21:51.451Z [info]: GET /api/reviews/book/686fa492dca21dadb9ba8db0
2025-07-11T08:21:51.454Z [info]: GET /api/reviews/book/686fa492dca21dadb9ba8db2
2025-07-11T08:21:51.458Z [info]: GET /api/reviews/book/686fa492dca21dadb9ba8db3
2025-07-11T08:21:51.470Z [info]: GET /api/reviews/book/686fa492dca21dadb9ba8dac
2025-07-11T08:21:51.477Z [info]: GET /api/reviews/book/686fa492dca21dadb9ba8db6
2025-07-11T08:21:51.480Z [info]: GET /api/reviews/book/686fa492dca21dadb9ba8db8
2025-07-11T08:21:51.483Z [info]: GET /api/reviews/book/686fa492dca21dadb9ba8db9
2025-07-11T08:21:51.488Z [info]: GET /api/reviews/book/686fa492dca21dadb9ba8dba
2025-07-11T08:21:51.492Z [info]: GET /api/reviews/book/686fa492dca21dadb9ba8db7
2025-07-11T08:21:51.508Z [info]: GET /api/reviews/book/686fa492dca21dadb9ba8dad
2025-07-11T08:21:51.516Z [info]: GET /api/reviews/book/686fa492dca21dadb9ba8dbb
2025-07-11T08:21:51.520Z [info]: GET /api/reviews/book/686fa492dca21dadb9ba8dbc
2025-07-11T08:21:51.523Z [info]: GET /api/reviews/book/686fa492dca21dadb9ba8dae
2025-07-11T08:21:51.527Z [info]: GET /api/reviews/book/686fa492dca21dadb9ba8db1
2025-07-11T08:21:51.530Z [info]: GET /api/reviews/book/686fa492dca21dadb9ba8dbd
2025-07-11T08:21:51.545Z [info]: GET /api/reviews/book/686fa492dca21dadb9ba8dbe
2025-07-11T08:21:51.558Z [info]: GET /api/reviews/book/686fa492dca21dadb9ba8dbf
2025-07-11T08:21:51.561Z [info]: GET /api/reviews/book/686fa492dca21dadb9ba8dc0
2025-07-11T08:21:51.565Z [info]: GET /api/reviews/book/686fa492dca21dadb9ba8dc1
2025-07-11T08:21:51.569Z [info]: GET /api/reviews/book/686fa492dca21dadb9ba8dc2
2025-07-11T08:21:51.572Z [info]: GET /api/reviews/book/686fa492dca21dadb9ba8dc3
2025-07-11T08:21:51.591Z [info]: GET /api/reviews/book/686fa492dca21dadb9ba8dc4
2025-07-11T08:21:51.593Z [info]: GET /api/reviews/book/686fa492dca21dadb9ba8dc5
2025-07-11T08:21:51.595Z [info]: GET /api/reviews/book/686fa492dca21dadb9ba8dc6
2025-07-11T08:21:51.596Z [info]: GET /api/reviews/book/686fa492dca21dadb9ba8dc7
2025-07-11T08:21:51.600Z [info]: GET /api/reviews/book/686fa492dca21dadb9ba8dc8
2025-07-11T08:21:51.602Z [info]: GET /api/reviews/book/686fa492dca21dadb9ba8dc9
2025-07-11T08:21:51.610Z [info]: GET /api/reviews/book/686fa492dca21dadb9ba8dca
2025-07-11T08:21:51.613Z [info]: GET /api/reviews/book/686fa492dca21dadb9ba8dcb
2025-07-11T08:21:51.616Z [info]: GET /api/reviews/book/686fa492dca21dadb9ba8dcc
2025-07-11T08:21:51.619Z [info]: GET /api/reviews/book/686fa492dca21dadb9ba8dcd
2025-07-11T08:21:51.621Z [info]: GET /api/reviews/book/686fa492dca21dadb9ba8dce
2025-07-11T08:21:51.623Z [info]: GET /api/reviews/book/686fa492dca21dadb9ba8dcf
2025-07-11T08:21:51.639Z [info]: GET /api/reviews/book/686fa492dca21dadb9ba8dd0
2025-07-11T08:21:51.642Z [info]: GET /api/reviews/book/686fa492dca21dadb9ba8dd1
2025-07-11T08:21:51.644Z [info]: GET /api/reviews/book/686fa492dca21dadb9ba8dd2
2025-07-11T08:21:51.646Z [info]: GET /api/reviews/book/686fa492dca21dadb9ba8dd3
2025-07-11T08:21:51.649Z [info]: GET /api/reviews/book/686fa492dca21dadb9ba8dd4
2025-07-11T08:21:51.652Z [info]: GET /api/reviews/book/686fa492dca21dadb9ba8dd5
2025-07-11T08:21:51.661Z [info]: GET /api/reviews/book/686fa492dca21dadb9ba8dd6
2025-07-11T08:21:51.663Z [info]: GET /api/reviews/book/686fa492dca21dadb9ba8dd7
2025-07-11T08:21:51.670Z [info]: GET /api/reviews/book/686fa492dca21dadb9ba8dd8
2025-07-11T08:21:51.673Z [info]: GET /api/reviews/book/686fa492dca21dadb9ba8dd9
2025-07-11T08:21:51.677Z [info]: GET /api/reviews/book/686fa492dca21dadb9ba8dda
2025-07-11T08:21:51.680Z [info]: GET /api/reviews/book/686fa492dca21dadb9ba8ddb
2025-07-11T08:21:51.695Z [info]: GET /api/reviews/book/686fa492dca21dadb9ba8ddc
2025-07-11T08:21:51.700Z [info]: GET /api/reviews/book/686fa492dca21dadb9ba8ddd
2025-07-11T08:21:51.704Z [info]: GET /api/reviews/book/686fa492dca21dadb9ba8dde
2025-07-11T08:21:51.708Z [info]: GET /api/reviews/book/686fa492dca21dadb9ba8ddf
2025-07-11T08:21:51.712Z [info]: GET /api/reviews/book/686fa492dca21dadb9ba8de0
2025-07-11T08:21:51.723Z [info]: GET /api/reviews/book/686fa492dca21dadb9ba8db5
2025-07-11T08:21:51.743Z [info]: GET /api/reviews/book/686fa492dca21dadb9ba8db4
2025-07-11T08:21:51.746Z [info]: GET /api/reviews/book/686fa492dca21dadb9ba8de3
2025-07-11T08:21:51.753Z [info]: GET /api/reviews/book/686fa492dca21dadb9ba8de4
2025-07-11T08:21:51.756Z [info]: GET /api/reviews/book/686fa492dca21dadb9ba8de5
2025-07-11T08:21:51.762Z [info]: GET /api/reviews/book/686fa492dca21dadb9ba8de6
2025-07-11T08:21:51.767Z [info]: GET /api/reviews/book/686fa492dca21dadb9ba8de7
2025-07-11T08:21:51.783Z [info]: GET /api/reviews/book/686fa492dca21dadb9ba8de8
2025-07-11T08:21:51.789Z [info]: GET /api/reviews/book/686fa492dca21dadb9ba8de9
2025-07-11T08:21:51.791Z [info]: GET /api/reviews/book/686fa492dca21dadb9ba8dea
2025-07-11T08:21:51.793Z [info]: GET /api/reviews/book/686fa492dca21dadb9ba8deb
2025-07-11T08:21:51.794Z [info]: GET /api/reviews/book/686fa492dca21dadb9ba8dec
2025-07-11T08:21:51.796Z [info]: GET /api/reviews/book/686fa492dca21dadb9ba8ded
2025-07-11T08:21:51.807Z [info]: GET /api/reviews/book/686fa492dca21dadb9ba8dee
2025-07-11T08:21:51.811Z [info]: GET /api/reviews/book/686fa492dca21dadb9ba8def
2025-07-11T08:21:51.819Z [info]: GET /api/reviews/book/686fa492dca21dadb9ba8df0
2025-07-11T08:21:51.823Z [info]: GET /api/reviews/book/686fa492dca21dadb9ba8df1
2025-07-11T08:21:51.825Z [info]: GET /api/reviews/book/686fa492dca21dadb9ba8df2
2025-07-11T08:21:51.827Z [info]: GET /api/reviews/book/686fa492dca21dadb9ba8df3
2025-07-11T08:21:51.839Z [info]: GET /api/reviews/book/686fa492dca21dadb9ba8df4
2025-07-11T08:21:51.841Z [info]: GET /api/reviews/book/686fa492dca21dadb9ba8df5
2025-07-11T08:21:51.843Z [info]: GET /api/reviews/book/686fa492dca21dadb9ba8df6
2025-07-11T08:21:51.846Z [info]: GET /api/reviews/book/686fa492dca21dadb9ba8df7
2025-07-11T08:21:51.850Z [info]: GET /api/reviews/book/686fa492dca21dadb9ba8df8
2025-07-11T08:21:51.852Z [info]: GET /api/reviews/book/686fa492dca21dadb9ba8df9
2025-07-11T08:21:51.871Z [info]: GET /api/reviews/book/686fa492dca21dadb9ba8dfa
2025-07-11T08:21:51.874Z [info]: GET /api/reviews/book/686fa492dca21dadb9ba8dfb
2025-07-11T08:21:51.876Z [info]: GET /api/reviews/book/686fa492dca21dadb9ba8dfc
2025-07-11T08:21:51.879Z [info]: GET /api/reviews/book/686fa492dca21dadb9ba8dfd
2025-07-11T08:21:51.882Z [info]: GET /api/reviews/book/686fa492dca21dadb9ba8dfe
2025-07-11T08:21:51.886Z [info]: GET /api/reviews/book/686fa492dca21dadb9ba8dff
2025-07-11T08:21:51.896Z [info]: GET /api/reviews/book/686fa492dca21dadb9ba8e00
2025-07-11T08:21:51.901Z [info]: GET /api/reviews/book/686fa492dca21dadb9ba8e01
2025-07-11T08:21:51.904Z [info]: GET /api/reviews/book/686fa492dca21dadb9ba8e02
2025-07-11T08:21:51.906Z [info]: GET /api/reviews/book/686fa492dca21dadb9ba8e03
2025-07-11T08:21:51.908Z [info]: GET /api/reviews/book/686fa492dca21dadb9ba8e04
2025-07-11T08:21:51.910Z [info]: GET /api/reviews/book/686fa492dca21dadb9ba8e05
2025-07-11T08:21:51.933Z [info]: GET /api/reviews/book/686fa492dca21dadb9ba8e06
2025-07-11T08:21:51.938Z [info]: GET /api/reviews/book/686fa492dca21dadb9ba8e07
2025-07-11T08:21:51.941Z [info]: GET /api/reviews/book/686fa492dca21dadb9ba8e08
2025-07-11T08:21:51.943Z [info]: GET /api/reviews/book/686fa492dca21dadb9ba8e09
2025-07-11T08:21:51.945Z [info]: GET /api/reviews/book/686fa492dca21dadb9ba8e0a
2025-07-11T08:21:51.949Z [info]: GET /api/reviews/book/686fa492dca21dadb9ba8e0b
2025-07-11T08:21:51.968Z [info]: GET /api/reviews/book/686fa492dca21dadb9ba8e0c
2025-07-11T08:21:51.971Z [info]: GET /api/reviews/book/686fa492dca21dadb9ba8de1
2025-07-11T08:21:51.977Z [info]: GET /api/reviews/book/686fa492dca21dadb9ba8de2
2025-07-11T08:22:11.477Z [info]: GET /api/reviews/book/686fa492dca21dadb9ba8db0
2025-07-11T08:22:11.480Z [info]: GET /api/reviews/book/686fa492dca21dadb9ba8ddb
2025-07-11T08:22:11.482Z [info]: GET /api/reviews/book/686fa492dca21dadb9ba8deb
2025-07-11T08:22:11.484Z [info]: GET /api/reviews/book/686fa492dca21dadb9ba8df4
2025-07-11T08:22:17.592Z [info]: GET /api/reviews/book/686fa492dca21dadb9ba8dab
2025-07-11T08:22:17.594Z [info]: GET /api/reviews/book/686fa492dca21dadb9ba8dbb
2025-07-11T08:22:17.596Z [info]: GET /api/reviews/book/686fa492dca21dadb9ba8dd4
2025-07-11T08:22:17.598Z [info]: GET /api/reviews/book/686fa492dca21dadb9ba8ddb
2025-07-11T08:22:17.601Z [info]: GET /api/reviews/book/686fa492dca21dadb9ba8def
2025-07-11T08:22:17.610Z [info]: GET /api/reviews/book/686fa492dca21dadb9ba8df4
2025-07-11T08:22:30.777Z [info]: GET /api/reviews/book/686fa492dca21dadb9ba8da9
2025-07-11T08:22:30.780Z [info]: GET /api/reviews/book/686fa492dca21dadb9ba8daa
2025-07-11T08:22:30.786Z [info]: GET /api/reviews/book/686fa492dca21dadb9ba8dab
2025-07-11T08:22:30.788Z [info]: GET /api/reviews/book/686fa492dca21dadb9ba8daf
2025-07-11T08:22:30.792Z [info]: GET /api/reviews/book/686fa492dca21dadb9ba8db0
2025-07-11T08:22:30.795Z [info]: GET /api/reviews/book/686fa492dca21dadb9ba8db3
2025-07-11T08:22:30.797Z [info]: GET /api/reviews/book/686fa492dca21dadb9ba8db2
2025-07-11T08:22:30.801Z [info]: GET /api/reviews/book/686fa492dca21dadb9ba8dac
2025-07-11T08:22:30.805Z [info]: GET /api/reviews/book/686fa492dca21dadb9ba8db6
2025-07-11T08:22:30.808Z [info]: GET /api/reviews/book/686fa492dca21dadb9ba8db8
2025-07-11T08:22:30.811Z [info]: GET /api/reviews/book/686fa492dca21dadb9ba8db9
2025-07-11T08:22:30.814Z [info]: GET /api/reviews/book/686fa492dca21dadb9ba8db7
2025-07-11T08:22:30.819Z [info]: GET /api/reviews/book/686fa492dca21dadb9ba8dba
2025-07-11T08:22:30.822Z [info]: GET /api/reviews/book/686fa492dca21dadb9ba8dad
2025-07-11T08:22:30.825Z [info]: GET /api/reviews/book/686fa492dca21dadb9ba8dbb
2025-07-11T08:22:30.827Z [info]: GET /api/reviews/book/686fa492dca21dadb9ba8dbc
2025-07-11T08:22:30.830Z [info]: GET /api/reviews/book/686fa492dca21dadb9ba8dae
2025-07-11T08:22:30.832Z [info]: GET /api/reviews/book/686fa492dca21dadb9ba8db1
2025-07-11T08:22:30.834Z [info]: GET /api/reviews/book/686fa492dca21dadb9ba8dbd
2025-07-11T08:22:30.836Z [info]: GET /api/reviews/book/686fa492dca21dadb9ba8dbe
2025-07-11T08:22:30.839Z [info]: GET /api/reviews/book/686fa492dca21dadb9ba8dbf
2025-07-11T08:22:30.841Z [info]: GET /api/reviews/book/686fa492dca21dadb9ba8dc0
2025-07-11T08:22:30.845Z [info]: GET /api/reviews/book/686fa492dca21dadb9ba8dc1
2025-07-11T08:22:30.848Z [info]: GET /api/reviews/book/686fa492dca21dadb9ba8dc2
2025-07-11T08:22:30.851Z [info]: GET /api/reviews/book/686fa492dca21dadb9ba8dc3
2025-07-11T08:22:30.854Z [info]: GET /api/reviews/book/686fa492dca21dadb9ba8dc4
2025-07-11T08:22:30.858Z [info]: GET /api/reviews/book/686fa492dca21dadb9ba8dc5
2025-07-11T08:22:30.862Z [info]: GET /api/reviews/book/686fa492dca21dadb9ba8dc6
2025-07-11T08:22:30.870Z [info]: GET /api/reviews/book/686fa492dca21dadb9ba8dc7
2025-07-11T08:22:30.872Z [info]: GET /api/reviews/book/686fa492dca21dadb9ba8dc8
2025-07-11T08:22:30.874Z [info]: GET /api/reviews/book/686fa492dca21dadb9ba8dc9
2025-07-11T08:22:30.877Z [info]: GET /api/reviews/book/686fa492dca21dadb9ba8dca
2025-07-11T08:22:30.881Z [info]: GET /api/reviews/book/686fa492dca21dadb9ba8dcb
2025-07-11T08:22:30.886Z [info]: GET /api/reviews/book/686fa492dca21dadb9ba8dcc
2025-07-11T08:22:30.892Z [info]: GET /api/reviews/book/686fa492dca21dadb9ba8dcd
2025-07-11T08:22:30.894Z [info]: GET /api/reviews/book/686fa492dca21dadb9ba8dce
2025-07-11T08:22:30.896Z [info]: GET /api/reviews/book/686fa492dca21dadb9ba8dcf
2025-07-11T08:22:30.899Z [info]: GET /api/reviews/book/686fa492dca21dadb9ba8dd0
2025-07-11T08:22:30.903Z [info]: GET /api/reviews/book/686fa492dca21dadb9ba8dd1
2025-07-11T08:22:30.905Z [info]: GET /api/reviews/book/686fa492dca21dadb9ba8dd2
2025-07-11T08:22:30.909Z [info]: GET /api/reviews/book/686fa492dca21dadb9ba8dd3
2025-07-11T08:22:30.910Z [info]: GET /api/reviews/book/686fa492dca21dadb9ba8dd4
2025-07-11T08:22:30.913Z [info]: GET /api/reviews/book/686fa492dca21dadb9ba8dd5
2025-07-11T08:22:30.916Z [info]: GET /api/reviews/book/686fa492dca21dadb9ba8dd6
2025-07-11T08:22:30.922Z [info]: GET /api/reviews/book/686fa492dca21dadb9ba8dd7
2025-07-11T08:22:30.925Z [info]: GET /api/reviews/book/686fa492dca21dadb9ba8dd8
2025-07-11T08:22:30.928Z [info]: GET /api/reviews/book/686fa492dca21dadb9ba8dd9
2025-07-11T08:22:30.931Z [info]: GET /api/reviews/book/686fa492dca21dadb9ba8dda
2025-07-11T08:22:30.933Z [info]: GET /api/reviews/book/686fa492dca21dadb9ba8ddb
2025-07-11T08:22:30.935Z [info]: GET /api/reviews/book/686fa492dca21dadb9ba8ddc
2025-07-11T08:22:30.940Z [info]: GET /api/reviews/book/686fa492dca21dadb9ba8ddd
2025-07-11T08:22:30.942Z [info]: GET /api/reviews/book/686fa492dca21dadb9ba8dde
2025-07-11T08:22:30.945Z [info]: GET /api/reviews/book/686fa492dca21dadb9ba8ddf
2025-07-11T08:22:30.947Z [info]: GET /api/reviews/book/686fa492dca21dadb9ba8de0
2025-07-11T08:22:30.949Z [info]: GET /api/reviews/book/686fa492dca21dadb9ba8db5
2025-07-11T08:22:30.952Z [info]: GET /api/reviews/book/686fa492dca21dadb9ba8db4
2025-07-11T08:22:30.957Z [info]: GET /api/reviews/book/686fa492dca21dadb9ba8de3
2025-07-11T08:22:30.961Z [info]: GET /api/reviews/book/686fa492dca21dadb9ba8de4
2025-07-11T08:22:30.964Z [info]: GET /api/reviews/book/686fa492dca21dadb9ba8de5
2025-07-11T08:22:30.966Z [info]: GET /api/reviews/book/686fa492dca21dadb9ba8de6
2025-07-11T08:22:30.968Z [info]: GET /api/reviews/book/686fa492dca21dadb9ba8de7
2025-07-11T08:22:30.971Z [info]: GET /api/reviews/book/686fa492dca21dadb9ba8de8
2025-07-11T08:22:30.975Z [info]: GET /api/reviews/book/686fa492dca21dadb9ba8de9
2025-07-11T08:22:30.978Z [info]: GET /api/reviews/book/686fa492dca21dadb9ba8dea
2025-07-11T08:22:30.981Z [info]: GET /api/reviews/book/686fa492dca21dadb9ba8deb
2025-07-11T08:22:30.983Z [info]: GET /api/reviews/book/686fa492dca21dadb9ba8dec
2025-07-11T08:22:30.985Z [info]: GET /api/reviews/book/686fa492dca21dadb9ba8ded
2025-07-11T08:22:30.990Z [info]: GET /api/reviews/book/686fa492dca21dadb9ba8dee
2025-07-11T08:22:30.993Z [info]: GET /api/reviews/book/686fa492dca21dadb9ba8def
2025-07-11T08:22:30.997Z [info]: GET /api/reviews/book/686fa492dca21dadb9ba8df0
2025-07-11T08:22:31.001Z [info]: GET /api/reviews/book/686fa492dca21dadb9ba8df1
2025-07-11T08:22:31.003Z [info]: GET /api/reviews/book/686fa492dca21dadb9ba8df2
2025-07-11T08:22:31.007Z [info]: GET /api/reviews/book/686fa492dca21dadb9ba8df3
2025-07-11T08:22:31.011Z [info]: GET /api/reviews/book/686fa492dca21dadb9ba8df4
2025-07-11T08:22:31.016Z [info]: GET /api/reviews/book/686fa492dca21dadb9ba8df5
2025-07-11T08:22:31.019Z [info]: GET /api/reviews/book/686fa492dca21dadb9ba8df6
2025-07-11T08:22:31.022Z [info]: GET /api/reviews/book/686fa492dca21dadb9ba8df7
2025-07-11T08:22:31.024Z [info]: GET /api/reviews/book/686fa492dca21dadb9ba8df8
2025-07-11T08:22:31.028Z [info]: GET /api/reviews/book/686fa492dca21dadb9ba8df9
2025-07-11T08:22:31.031Z [info]: GET /api/reviews/book/686fa492dca21dadb9ba8dfa
2025-07-11T08:22:31.035Z [info]: GET /api/reviews/book/686fa492dca21dadb9ba8dfb
2025-07-11T08:22:31.039Z [info]: GET /api/reviews/book/686fa492dca21dadb9ba8dfc
2025-07-11T08:22:31.041Z [info]: GET /api/reviews/book/686fa492dca21dadb9ba8dfd
2025-07-11T08:22:31.043Z [info]: GET /api/reviews/book/686fa492dca21dadb9ba8dfe
2025-07-11T08:22:31.045Z [info]: GET /api/reviews/book/686fa492dca21dadb9ba8dff
2025-07-11T08:22:31.049Z [info]: GET /api/reviews/book/686fa492dca21dadb9ba8e00
2025-07-11T08:22:31.053Z [info]: GET /api/reviews/book/686fa492dca21dadb9ba8e01
2025-07-11T08:22:31.056Z [info]: GET /api/reviews/book/686fa492dca21dadb9ba8e02
2025-07-11T08:22:31.060Z [info]: GET /api/reviews/book/686fa492dca21dadb9ba8e03
2025-07-11T08:22:31.062Z [info]: GET /api/reviews/book/686fa492dca21dadb9ba8e04
2025-07-11T08:22:31.065Z [info]: GET /api/reviews/book/686fa492dca21dadb9ba8e05
2025-07-11T08:22:31.068Z [info]: GET /api/reviews/book/686fa492dca21dadb9ba8e06
2025-07-11T08:22:31.071Z [info]: GET /api/reviews/book/686fa492dca21dadb9ba8e07
2025-07-11T08:22:31.074Z [info]: GET /api/reviews/book/686fa492dca21dadb9ba8e08
2025-07-11T08:22:31.077Z [info]: GET /api/reviews/book/686fa492dca21dadb9ba8e09
2025-07-11T08:22:31.079Z [info]: GET /api/reviews/book/686fa492dca21dadb9ba8e0a
2025-07-11T08:22:31.081Z [info]: GET /api/reviews/book/686fa492dca21dadb9ba8e0b
2025-07-11T08:22:31.084Z [info]: GET /api/reviews/book/686fa492dca21dadb9ba8e0c
2025-07-11T08:22:31.087Z [info]: GET /api/reviews/book/686fa492dca21dadb9ba8de1
2025-07-11T08:22:31.089Z [info]: GET /api/reviews/book/686fa492dca21dadb9ba8de2
2025-07-11T08:22:40.085Z [info]: GET /api/reviews/book/686fa492dca21dadb9ba8dab
2025-07-11T08:22:40.090Z [info]: GET /api/reviews/book/686fa492dca21dadb9ba8dbb
2025-07-11T08:22:40.092Z [info]: GET /api/reviews/book/686fa492dca21dadb9ba8dd4
2025-07-11T08:22:40.094Z [info]: GET /api/reviews/book/686fa492dca21dadb9ba8ddb
2025-07-11T08:22:40.096Z [info]: GET /api/reviews/book/686fa492dca21dadb9ba8def
2025-07-11T08:22:40.097Z [info]: GET /api/reviews/book/686fa492dca21dadb9ba8df4
2025-07-11T08:22:40.359Z [info]: GET /api/reviews/book/686fa492dca21dadb9ba8da9
2025-07-11T08:22:40.361Z [info]: GET /api/reviews/book/686fa492dca21dadb9ba8daa
2025-07-11T08:22:40.365Z [info]: GET /api/reviews/book/686fa492dca21dadb9ba8daf
2025-07-11T08:22:40.368Z [info]: GET /api/reviews/book/686fa492dca21dadb9ba8db0
2025-07-11T08:22:40.374Z [info]: GET /api/reviews/book/686fa492dca21dadb9ba8db2
2025-07-11T08:22:40.379Z [info]: GET /api/reviews/book/686fa492dca21dadb9ba8db3
2025-07-11T08:22:40.381Z [info]: GET /api/reviews/book/686fa492dca21dadb9ba8dac
2025-07-11T08:22:40.385Z [info]: GET /api/reviews/book/686fa492dca21dadb9ba8db6
2025-07-11T08:22:40.389Z [info]: GET /api/reviews/book/686fa492dca21dadb9ba8db7
2025-07-11T08:22:40.391Z [info]: GET /api/reviews/book/686fa492dca21dadb9ba8db8
2025-07-11T08:22:40.392Z [info]: GET /api/reviews/book/686fa492dca21dadb9ba8db9
2025-07-11T08:22:40.395Z [info]: GET /api/reviews/book/686fa492dca21dadb9ba8dba
2025-07-11T08:22:40.397Z [info]: GET /api/reviews/book/686fa492dca21dadb9ba8dad
2025-07-11T08:22:40.401Z [info]: GET /api/reviews/book/686fa492dca21dadb9ba8dbc
2025-07-11T08:22:40.408Z [info]: GET /api/reviews/book/686fa492dca21dadb9ba8dae
2025-07-11T08:22:40.411Z [info]: GET /api/reviews/book/686fa492dca21dadb9ba8db1
2025-07-11T08:22:40.413Z [info]: GET /api/reviews/book/686fa492dca21dadb9ba8dbd
2025-07-11T08:22:40.414Z [info]: GET /api/reviews/book/686fa492dca21dadb9ba8dbe
2025-07-11T08:22:40.416Z [info]: GET /api/reviews/book/686fa492dca21dadb9ba8dbf
2025-07-11T08:22:40.422Z [info]: GET /api/reviews/book/686fa492dca21dadb9ba8dc0
2025-07-11T08:22:40.426Z [info]: GET /api/reviews/book/686fa492dca21dadb9ba8dc1
2025-07-11T08:22:40.428Z [info]: GET /api/reviews/book/686fa492dca21dadb9ba8dc2
2025-07-11T08:22:40.430Z [info]: GET /api/reviews/book/686fa492dca21dadb9ba8dc3
2025-07-11T08:22:40.432Z [info]: GET /api/reviews/book/686fa492dca21dadb9ba8dc4
2025-07-11T08:22:40.434Z [info]: GET /api/reviews/book/686fa492dca21dadb9ba8dc5
2025-07-11T08:22:40.438Z [info]: GET /api/reviews/book/686fa492dca21dadb9ba8dc6
2025-07-11T08:22:40.443Z [info]: GET /api/reviews/book/686fa492dca21dadb9ba8dc7
2025-07-11T08:22:40.445Z [info]: GET /api/reviews/book/686fa492dca21dadb9ba8dc8
2025-07-11T08:22:40.447Z [info]: GET /api/reviews/book/686fa492dca21dadb9ba8dc9
2025-07-11T08:22:40.449Z [info]: GET /api/reviews/book/686fa492dca21dadb9ba8dca
2025-07-11T08:22:40.450Z [info]: GET /api/reviews/book/686fa492dca21dadb9ba8dcb
2025-07-11T08:22:40.455Z [info]: GET /api/reviews/book/686fa492dca21dadb9ba8dcc
2025-07-11T08:22:40.458Z [info]: GET /api/reviews/book/686fa492dca21dadb9ba8dcd
2025-07-11T08:22:40.461Z [info]: GET /api/reviews/book/686fa492dca21dadb9ba8dce
2025-07-11T08:22:40.462Z [info]: GET /api/reviews/book/686fa492dca21dadb9ba8dcf
2025-07-11T08:22:40.464Z [info]: GET /api/reviews/book/686fa492dca21dadb9ba8dd0
2025-07-11T08:22:40.466Z [info]: GET /api/reviews/book/686fa492dca21dadb9ba8dd1
2025-07-11T08:22:40.471Z [info]: GET /api/reviews/book/686fa492dca21dadb9ba8dd2
2025-07-11T08:22:40.475Z [info]: GET /api/reviews/book/686fa492dca21dadb9ba8dd3
2025-07-11T08:22:40.477Z [info]: GET /api/reviews/book/686fa492dca21dadb9ba8dd5
2025-07-11T08:22:40.479Z [info]: GET /api/reviews/book/686fa492dca21dadb9ba8dd6
2025-07-11T08:22:40.481Z [info]: GET /api/reviews/book/686fa492dca21dadb9ba8dd7
2025-07-11T08:22:40.482Z [info]: GET /api/reviews/book/686fa492dca21dadb9ba8dd8
2025-07-11T08:22:40.486Z [info]: GET /api/reviews/book/686fa492dca21dadb9ba8dd9
2025-07-11T08:22:40.489Z [info]: GET /api/reviews/book/686fa492dca21dadb9ba8dda
2025-07-11T08:22:40.492Z [info]: GET /api/reviews/book/686fa492dca21dadb9ba8ddc
2025-07-11T08:22:40.493Z [info]: GET /api/reviews/book/686fa492dca21dadb9ba8ddd
2025-07-11T08:22:40.495Z [info]: GET /api/reviews/book/686fa492dca21dadb9ba8dde
2025-07-11T08:22:40.497Z [info]: GET /api/reviews/book/686fa492dca21dadb9ba8ddf
2025-07-11T08:22:40.501Z [info]: GET /api/reviews/book/686fa492dca21dadb9ba8de0
2025-07-11T08:22:40.505Z [info]: GET /api/reviews/book/686fa492dca21dadb9ba8db5
2025-07-11T08:22:40.509Z [info]: GET /api/reviews/book/686fa492dca21dadb9ba8db4
2025-07-11T08:22:40.511Z [info]: GET /api/reviews/book/686fa492dca21dadb9ba8de3
2025-07-11T08:22:40.515Z [info]: GET /api/reviews/book/686fa492dca21dadb9ba8de4
2025-07-11T08:22:40.517Z [info]: GET /api/reviews/book/686fa492dca21dadb9ba8de5
2025-07-11T08:22:40.522Z [info]: GET /api/reviews/book/686fa492dca21dadb9ba8de6
2025-07-11T08:22:40.526Z [info]: GET /api/reviews/book/686fa492dca21dadb9ba8de7
2025-07-11T08:22:40.527Z [info]: GET /api/reviews/book/686fa492dca21dadb9ba8de8
2025-07-11T08:22:40.529Z [info]: GET /api/reviews/book/686fa492dca21dadb9ba8de9
2025-07-11T08:22:40.533Z [info]: GET /api/reviews/book/686fa492dca21dadb9ba8dea
2025-07-11T08:22:40.535Z [info]: GET /api/reviews/book/686fa492dca21dadb9ba8deb
2025-07-11T08:22:40.540Z [info]: GET /api/reviews/book/686fa492dca21dadb9ba8dec
2025-07-11T08:22:40.544Z [info]: GET /api/reviews/book/686fa492dca21dadb9ba8ded
2025-07-11T08:22:40.546Z [info]: GET /api/reviews/book/686fa492dca21dadb9ba8dee
2025-07-11T08:22:40.547Z [info]: GET /api/reviews/book/686fa492dca21dadb9ba8df0
2025-07-11T08:22:40.549Z [info]: GET /api/reviews/book/686fa492dca21dadb9ba8df1
2025-07-11T08:22:40.553Z [info]: GET /api/reviews/book/686fa492dca21dadb9ba8df2
2025-07-11T08:22:40.565Z [info]: GET /api/reviews/book/686fa492dca21dadb9ba8df3
2025-07-11T08:22:40.577Z [info]: GET /api/reviews/book/686fa492dca21dadb9ba8df5
2025-07-11T08:22:40.579Z [info]: GET /api/reviews/book/686fa492dca21dadb9ba8df6
2025-07-11T08:22:40.585Z [info]: GET /api/reviews/book/686fa492dca21dadb9ba8df7
2025-07-11T08:22:40.592Z [info]: GET /api/reviews/book/686fa492dca21dadb9ba8df8
2025-07-11T08:22:40.595Z [info]: GET /api/reviews/book/686fa492dca21dadb9ba8df9
2025-07-11T08:22:40.603Z [info]: GET /api/reviews/book/686fa492dca21dadb9ba8dfa
2025-07-11T08:22:40.611Z [info]: GET /api/reviews/book/686fa492dca21dadb9ba8dfb
2025-07-11T08:22:40.616Z [info]: GET /api/reviews/book/686fa492dca21dadb9ba8dfc
2025-07-11T08:22:40.618Z [info]: GET /api/reviews/book/686fa492dca21dadb9ba8dfd
2025-07-11T08:22:40.624Z [info]: GET /api/reviews/book/686fa492dca21dadb9ba8dfe
2025-07-11T08:22:40.627Z [info]: GET /api/reviews/book/686fa492dca21dadb9ba8dff
2025-07-11T08:22:40.634Z [info]: GET /api/reviews/book/686fa492dca21dadb9ba8e00
2025-07-11T08:22:40.638Z [info]: GET /api/reviews/book/686fa492dca21dadb9ba8e01
2025-07-11T08:22:40.644Z [info]: GET /api/reviews/book/686fa492dca21dadb9ba8e02
2025-07-11T08:22:40.646Z [info]: GET /api/reviews/book/686fa492dca21dadb9ba8e03
2025-07-11T08:22:40.649Z [info]: GET /api/reviews/book/686fa492dca21dadb9ba8e04
2025-07-11T08:22:40.651Z [info]: GET /api/reviews/book/686fa492dca21dadb9ba8e05
2025-07-11T08:22:40.656Z [info]: GET /api/reviews/book/686fa492dca21dadb9ba8e06
2025-07-11T08:22:40.659Z [info]: GET /api/reviews/book/686fa492dca21dadb9ba8e07
2025-07-11T08:22:40.661Z [info]: GET /api/reviews/book/686fa492dca21dadb9ba8e08
2025-07-11T08:22:40.663Z [info]: GET /api/reviews/book/686fa492dca21dadb9ba8e09
2025-07-11T08:22:40.665Z [info]: GET /api/reviews/book/686fa492dca21dadb9ba8e0a
2025-07-11T08:22:40.668Z [info]: GET /api/reviews/book/686fa492dca21dadb9ba8e0b
2025-07-11T08:22:40.673Z [info]: GET /api/reviews/book/686fa492dca21dadb9ba8e0c
2025-07-11T08:22:40.677Z [info]: GET /api/reviews/book/686fa492dca21dadb9ba8de1
2025-07-11T08:22:40.679Z [info]: GET /api/reviews/book/686fa492dca21dadb9ba8de2
2025-07-11T08:22:51.625Z [info]: GET /api/reviews/book/686fa492dca21dadb9ba8da9
2025-07-11T08:22:51.629Z [info]: GET /api/reviews/book/686fa492dca21dadb9ba8dcf
2025-07-11T08:22:51.632Z [info]: GET /api/reviews/book/686fa492dca21dadb9ba8dda
2025-07-11T08:22:51.912Z [info]: GET /api/reviews/book/686fa492dca21dadb9ba8daa
2025-07-11T08:22:51.916Z [info]: GET /api/reviews/book/686fa492dca21dadb9ba8dab
2025-07-11T08:22:51.919Z [info]: GET /api/reviews/book/686fa492dca21dadb9ba8daf
2025-07-11T08:22:51.926Z [info]: GET /api/reviews/book/686fa492dca21dadb9ba8db0
2025-07-11T08:22:51.928Z [info]: GET /api/reviews/book/686fa492dca21dadb9ba8db2
2025-07-11T08:22:51.931Z [info]: GET /api/reviews/book/686fa492dca21dadb9ba8db3
2025-07-11T08:22:51.935Z [info]: GET /api/reviews/book/686fa492dca21dadb9ba8dac
2025-07-11T08:22:51.940Z [info]: GET /api/reviews/book/686fa492dca21dadb9ba8db6
2025-07-11T08:22:51.943Z [info]: GET /api/reviews/book/686fa492dca21dadb9ba8db7
2025-07-11T08:22:51.952Z [info]: GET /api/reviews/book/686fa492dca21dadb9ba8db8
2025-07-11T08:22:51.957Z [info]: GET /api/reviews/book/686fa492dca21dadb9ba8db9
2025-07-11T08:22:51.960Z [info]: GET /api/reviews/book/686fa492dca21dadb9ba8dba
2025-07-11T08:22:51.962Z [info]: GET /api/reviews/book/686fa492dca21dadb9ba8dad
2025-07-11T08:22:51.972Z [info]: GET /api/reviews/book/686fa492dca21dadb9ba8dbb
2025-07-11T08:22:51.977Z [info]: GET /api/reviews/book/686fa492dca21dadb9ba8dbc
2025-07-11T08:22:51.979Z [info]: GET /api/reviews/book/686fa492dca21dadb9ba8dae
2025-07-11T08:22:51.980Z [info]: GET /api/reviews/book/686fa492dca21dadb9ba8db1
2025-07-11T08:22:51.982Z [info]: GET /api/reviews/book/686fa492dca21dadb9ba8dbd
2025-07-11T08:22:51.987Z [info]: GET /api/reviews/book/686fa492dca21dadb9ba8dbe
2025-07-11T08:22:52.008Z [info]: GET /api/reviews/book/686fa492dca21dadb9ba8dbf
2025-07-11T08:22:52.010Z [info]: GET /api/reviews/book/686fa492dca21dadb9ba8dc0
2025-07-11T08:22:52.012Z [info]: GET /api/reviews/book/686fa492dca21dadb9ba8dc1
2025-07-11T08:22:52.015Z [info]: GET /api/reviews/book/686fa492dca21dadb9ba8dc2
2025-07-11T08:22:52.019Z [info]: GET /api/reviews/book/686fa492dca21dadb9ba8dc3
2025-07-11T08:22:52.021Z [info]: GET /api/reviews/book/686fa492dca21dadb9ba8dc4
2025-07-11T08:22:52.051Z [info]: GET /api/reviews/book/686fa492dca21dadb9ba8dc5
2025-07-11T08:22:52.058Z [info]: GET /api/reviews/book/686fa492dca21dadb9ba8dc6
2025-07-11T08:22:52.067Z [info]: GET /api/reviews/book/686fa492dca21dadb9ba8dc7
2025-07-11T08:22:52.074Z [info]: GET /api/reviews/book/686fa492dca21dadb9ba8dc8
2025-07-11T08:22:52.078Z [info]: GET /api/reviews/book/686fa492dca21dadb9ba8dc9
2025-07-11T08:22:52.080Z [info]: GET /api/reviews/book/686fa492dca21dadb9ba8dca
2025-07-11T08:22:52.090Z [info]: GET /api/reviews/book/686fa492dca21dadb9ba8dcb
2025-07-11T08:22:52.095Z [info]: GET /api/reviews/book/686fa492dca21dadb9ba8dcc
2025-07-11T08:22:52.097Z [info]: GET /api/reviews/book/686fa492dca21dadb9ba8dcd
2025-07-11T08:22:52.100Z [info]: GET /api/reviews/book/686fa492dca21dadb9ba8dce
2025-07-11T08:22:52.102Z [info]: GET /api/reviews/book/686fa492dca21dadb9ba8dd0
2025-07-11T08:22:52.105Z [info]: GET /api/reviews/book/686fa492dca21dadb9ba8dd1
2025-07-11T08:22:52.123Z [info]: GET /api/reviews/book/686fa492dca21dadb9ba8dd2
2025-07-11T08:22:52.126Z [info]: GET /api/reviews/book/686fa492dca21dadb9ba8dd3
2025-07-11T08:22:52.128Z [info]: GET /api/reviews/book/686fa492dca21dadb9ba8dd4
2025-07-11T08:22:52.131Z [info]: GET /api/reviews/book/686fa492dca21dadb9ba8dd5
2025-07-11T08:22:52.146Z [info]: GET /api/reviews/book/686fa492dca21dadb9ba8dd6
2025-07-11T08:22:52.148Z [info]: GET /api/reviews/book/686fa492dca21dadb9ba8dd7
2025-07-11T08:22:52.156Z [info]: GET /api/reviews/book/686fa492dca21dadb9ba8dd8
2025-07-11T08:22:52.158Z [info]: GET /api/reviews/book/686fa492dca21dadb9ba8dd9
2025-07-11T08:22:52.160Z [info]: GET /api/reviews/book/686fa492dca21dadb9ba8ddb
2025-07-11T08:22:52.162Z [info]: GET /api/reviews/book/686fa492dca21dadb9ba8ddc
2025-07-11T08:22:52.164Z [info]: GET /api/reviews/book/686fa492dca21dadb9ba8ddd
2025-07-11T08:22:52.165Z [info]: GET /api/reviews/book/686fa492dca21dadb9ba8dde
2025-07-11T08:22:52.172Z [info]: GET /api/reviews/book/686fa492dca21dadb9ba8ddf
2025-07-11T08:22:52.174Z [info]: GET /api/reviews/book/686fa492dca21dadb9ba8de0
2025-07-11T08:22:52.176Z [info]: GET /api/reviews/book/686fa492dca21dadb9ba8db5
2025-07-11T08:22:52.178Z [info]: GET /api/reviews/book/686fa492dca21dadb9ba8db4
2025-07-11T08:22:52.180Z [info]: GET /api/reviews/book/686fa492dca21dadb9ba8de3
2025-07-11T08:22:52.181Z [info]: GET /api/reviews/book/686fa492dca21dadb9ba8de4
2025-07-11T08:22:52.190Z [info]: GET /api/reviews/book/686fa492dca21dadb9ba8de5
2025-07-11T08:22:52.192Z [info]: GET /api/reviews/book/686fa492dca21dadb9ba8de6
2025-07-11T08:22:52.195Z [info]: GET /api/reviews/book/686fa492dca21dadb9ba8de7
2025-07-11T08:22:52.197Z [info]: GET /api/reviews/book/686fa492dca21dadb9ba8de8
2025-07-11T08:22:52.200Z [info]: GET /api/reviews/book/686fa492dca21dadb9ba8de9
2025-07-11T08:22:52.202Z [info]: GET /api/reviews/book/686fa492dca21dadb9ba8dea
2025-07-11T08:22:52.211Z [info]: GET /api/reviews/book/686fa492dca21dadb9ba8deb
2025-07-11T08:22:52.213Z [info]: GET /api/reviews/book/686fa492dca21dadb9ba8dec
2025-07-11T08:22:52.215Z [info]: GET /api/reviews/book/686fa492dca21dadb9ba8ded
2025-07-11T08:22:52.217Z [info]: GET /api/reviews/book/686fa492dca21dadb9ba8dee
2025-07-11T08:22:52.222Z [info]: GET /api/reviews/book/686fa492dca21dadb9ba8def
2025-07-11T08:22:52.225Z [info]: GET /api/reviews/book/686fa492dca21dadb9ba8df0
2025-07-11T08:22:52.236Z [info]: GET /api/reviews/book/686fa492dca21dadb9ba8df1
2025-07-11T08:22:52.239Z [info]: GET /api/reviews/book/686fa492dca21dadb9ba8df2
2025-07-11T08:22:52.240Z [info]: GET /api/reviews/book/686fa492dca21dadb9ba8df3
2025-07-11T08:22:52.243Z [info]: GET /api/reviews/book/686fa492dca21dadb9ba8df4
2025-07-11T08:22:52.246Z [info]: GET /api/reviews/book/686fa492dca21dadb9ba8df5
2025-07-11T08:22:52.248Z [info]: GET /api/reviews/book/686fa492dca21dadb9ba8df6
2025-07-11T08:22:52.256Z [info]: GET /api/reviews/book/686fa492dca21dadb9ba8df7
2025-07-11T08:22:52.259Z [info]: GET /api/reviews/book/686fa492dca21dadb9ba8df8
2025-07-11T08:22:52.262Z [info]: GET /api/reviews/book/686fa492dca21dadb9ba8df9
2025-07-11T08:22:52.266Z [info]: GET /api/reviews/book/686fa492dca21dadb9ba8dfa
2025-07-11T08:22:52.268Z [info]: GET /api/reviews/book/686fa492dca21dadb9ba8dfb
2025-07-11T08:22:52.269Z [info]: GET /api/reviews/book/686fa492dca21dadb9ba8dfc
2025-07-11T08:22:52.279Z [info]: GET /api/reviews/book/686fa492dca21dadb9ba8dfd
2025-07-11T08:22:52.282Z [info]: GET /api/reviews/book/686fa492dca21dadb9ba8dfe
2025-07-11T08:22:52.284Z [info]: GET /api/reviews/book/686fa492dca21dadb9ba8dff
2025-07-11T08:22:52.286Z [info]: GET /api/reviews/book/686fa492dca21dadb9ba8e00
2025-07-11T08:22:52.288Z [info]: GET /api/reviews/book/686fa492dca21dadb9ba8e01
2025-07-11T08:22:52.290Z [info]: GET /api/reviews/book/686fa492dca21dadb9ba8e02
2025-07-11T08:22:52.315Z [info]: GET /api/reviews/book/686fa492dca21dadb9ba8e03
2025-07-11T08:22:52.318Z [info]: GET /api/reviews/book/686fa492dca21dadb9ba8e04
2025-07-11T08:22:52.320Z [info]: GET /api/reviews/book/686fa492dca21dadb9ba8e05
2025-07-11T08:22:52.321Z [info]: GET /api/reviews/book/686fa492dca21dadb9ba8e06
2025-07-11T08:22:52.323Z [info]: GET /api/reviews/book/686fa492dca21dadb9ba8e07
2025-07-11T08:22:52.325Z [info]: GET /api/reviews/book/686fa492dca21dadb9ba8e08
2025-07-11T08:22:52.334Z [info]: GET /api/reviews/book/686fa492dca21dadb9ba8e09
2025-07-11T08:22:52.337Z [info]: GET /api/reviews/book/686fa492dca21dadb9ba8e0a
2025-07-11T08:22:52.338Z [info]: GET /api/reviews/book/686fa492dca21dadb9ba8e0b
2025-07-11T08:22:52.340Z [info]: GET /api/reviews/book/686fa492dca21dadb9ba8e0c
2025-07-11T08:22:52.341Z [info]: GET /api/reviews/book/686fa492dca21dadb9ba8de1
2025-07-11T08:22:52.344Z [info]: GET /api/reviews/book/686fa492dca21dadb9ba8de2
2025-07-11T08:22:57.867Z [info]: GET /api/reviews/book/686fa492dca21dadb9ba8da9
2025-07-11T08:22:57.869Z [info]: GET /api/reviews/book/686fa492dca21dadb9ba8daa
2025-07-11T08:22:57.872Z [info]: GET /api/reviews/book/686fa492dca21dadb9ba8dab
2025-07-11T08:22:57.877Z [info]: GET /api/reviews/book/686fa492dca21dadb9ba8daf
2025-07-11T08:22:57.879Z [info]: GET /api/reviews/book/686fa492dca21dadb9ba8db0
2025-07-11T08:22:57.882Z [info]: GET /api/reviews/book/686fa492dca21dadb9ba8db2
2025-07-11T08:22:57.884Z [info]: GET /api/reviews/book/686fa492dca21dadb9ba8db3
2025-07-11T08:22:57.888Z [info]: GET /api/reviews/book/686fa492dca21dadb9ba8db6
2025-07-11T08:22:57.890Z [info]: GET /api/reviews/book/686fa492dca21dadb9ba8dac
2025-07-11T08:22:57.893Z [info]: GET /api/reviews/book/686fa492dca21dadb9ba8db7
2025-07-11T08:22:57.896Z [info]: GET /api/reviews/book/686fa492dca21dadb9ba8db8
2025-07-11T08:22:57.898Z [info]: GET /api/reviews/book/686fa492dca21dadb9ba8db9
2025-07-11T08:22:57.900Z [info]: GET /api/reviews/book/686fa492dca21dadb9ba8dba
2025-07-11T08:22:57.903Z [info]: GET /api/reviews/book/686fa492dca21dadb9ba8dad
2025-07-11T08:22:57.905Z [info]: GET /api/reviews/book/686fa492dca21dadb9ba8dbb
2025-07-11T08:22:57.908Z [info]: GET /api/reviews/book/686fa492dca21dadb9ba8dbc
2025-07-11T08:22:57.910Z [info]: GET /api/reviews/book/686fa492dca21dadb9ba8dae
2025-07-11T08:22:57.915Z [info]: GET /api/reviews/book/686fa492dca21dadb9ba8db1
2025-07-11T08:22:57.918Z [info]: GET /api/reviews/book/686fa492dca21dadb9ba8dbd
2025-07-11T08:22:57.920Z [info]: GET /api/reviews/book/686fa492dca21dadb9ba8dbe
2025-07-11T08:22:57.924Z [info]: GET /api/reviews/book/686fa492dca21dadb9ba8dbf
2025-07-11T08:22:57.926Z [info]: GET /api/reviews/book/686fa492dca21dadb9ba8dc0
2025-07-11T08:22:57.929Z [info]: GET /api/reviews/book/686fa492dca21dadb9ba8dc1
2025-07-11T08:22:57.932Z [info]: GET /api/reviews/book/686fa492dca21dadb9ba8dc2
2025-07-11T08:22:57.936Z [info]: GET /api/reviews/book/686fa492dca21dadb9ba8dc3
2025-07-11T08:22:57.939Z [info]: GET /api/reviews/book/686fa492dca21dadb9ba8dc4
2025-07-11T08:22:57.942Z [info]: GET /api/reviews/book/686fa492dca21dadb9ba8dc5
2025-07-11T08:22:57.944Z [info]: GET /api/reviews/book/686fa492dca21dadb9ba8dc6
2025-07-11T08:22:57.946Z [info]: GET /api/reviews/book/686fa492dca21dadb9ba8dc7
2025-07-11T08:22:57.949Z [info]: GET /api/reviews/book/686fa492dca21dadb9ba8dc8
2025-07-11T08:22:57.953Z [info]: GET /api/reviews/book/686fa492dca21dadb9ba8dc9
2025-07-11T08:22:57.957Z [info]: GET /api/reviews/book/686fa492dca21dadb9ba8dca
2025-07-11T08:22:57.959Z [info]: GET /api/reviews/book/686fa492dca21dadb9ba8dcb
2025-07-11T08:22:57.962Z [info]: GET /api/reviews/book/686fa492dca21dadb9ba8dcc
2025-07-11T08:22:57.965Z [info]: GET /api/reviews/book/686fa492dca21dadb9ba8dcd
2025-07-11T08:22:57.968Z [info]: GET /api/reviews/book/686fa492dca21dadb9ba8dce
2025-07-11T08:22:57.971Z [info]: GET /api/reviews/book/686fa492dca21dadb9ba8dcf
2025-07-11T08:22:57.974Z [info]: GET /api/reviews/book/686fa492dca21dadb9ba8dd0
2025-07-11T08:22:57.977Z [info]: GET /api/reviews/book/686fa492dca21dadb9ba8dd1
2025-07-11T08:22:57.979Z [info]: GET /api/reviews/book/686fa492dca21dadb9ba8dd2
2025-07-11T08:22:57.981Z [info]: GET /api/reviews/book/686fa492dca21dadb9ba8dd3
2025-07-11T08:22:57.984Z [info]: GET /api/reviews/book/686fa492dca21dadb9ba8dd4
2025-07-11T08:22:57.988Z [info]: GET /api/reviews/book/686fa492dca21dadb9ba8dd5
2025-07-11T08:22:57.990Z [info]: GET /api/reviews/book/686fa492dca21dadb9ba8dd6
2025-07-11T08:22:57.993Z [info]: GET /api/reviews/book/686fa492dca21dadb9ba8dd7
2025-07-11T08:22:57.994Z [info]: GET /api/reviews/book/686fa492dca21dadb9ba8dd8
2025-07-11T08:22:57.996Z [info]: GET /api/reviews/book/686fa492dca21dadb9ba8dd9
2025-07-11T08:22:57.999Z [info]: GET /api/reviews/book/686fa492dca21dadb9ba8dda
2025-07-11T08:22:58.001Z [info]: GET /api/reviews/book/686fa492dca21dadb9ba8ddb
2025-07-11T08:22:58.004Z [info]: GET /api/reviews/book/686fa492dca21dadb9ba8ddc
2025-07-11T08:22:58.008Z [info]: GET /api/reviews/book/686fa492dca21dadb9ba8ddd
2025-07-11T08:22:58.010Z [info]: GET /api/reviews/book/686fa492dca21dadb9ba8dde
2025-07-11T08:22:58.011Z [info]: GET /api/reviews/book/686fa492dca21dadb9ba8ddf
2025-07-11T08:22:58.014Z [info]: GET /api/reviews/book/686fa492dca21dadb9ba8de0
2025-07-11T08:22:58.017Z [info]: GET /api/reviews/book/686fa492dca21dadb9ba8db5
2025-07-11T08:22:58.020Z [info]: GET /api/reviews/book/686fa492dca21dadb9ba8db4
2025-07-11T08:22:58.023Z [info]: GET /api/reviews/book/686fa492dca21dadb9ba8de3
2025-07-11T08:22:58.025Z [info]: GET /api/reviews/book/686fa492dca21dadb9ba8de4
2025-07-11T08:22:58.027Z [info]: GET /api/reviews/book/686fa492dca21dadb9ba8de5
2025-07-11T08:22:58.030Z [info]: GET /api/reviews/book/686fa492dca21dadb9ba8de6
2025-07-11T08:22:58.033Z [info]: GET /api/reviews/book/686fa492dca21dadb9ba8de7
2025-07-11T08:22:58.036Z [info]: GET /api/reviews/book/686fa492dca21dadb9ba8de8
2025-07-11T08:22:58.039Z [info]: GET /api/reviews/book/686fa492dca21dadb9ba8de9
2025-07-11T08:22:58.041Z [info]: GET /api/reviews/book/686fa492dca21dadb9ba8dea
2025-07-11T08:22:58.043Z [info]: GET /api/reviews/book/686fa492dca21dadb9ba8deb
2025-07-11T08:22:58.046Z [info]: GET /api/reviews/book/686fa492dca21dadb9ba8dec
2025-07-11T08:22:58.049Z [info]: GET /api/reviews/book/686fa492dca21dadb9ba8ded
2025-07-11T08:22:58.052Z [info]: GET /api/reviews/book/686fa492dca21dadb9ba8dee
2025-07-11T08:22:58.054Z [info]: GET /api/reviews/book/686fa492dca21dadb9ba8def
2025-07-11T08:22:58.056Z [info]: GET /api/reviews/book/686fa492dca21dadb9ba8df0
2025-07-11T08:22:58.058Z [info]: GET /api/reviews/book/686fa492dca21dadb9ba8df1
2025-07-11T08:22:58.061Z [info]: GET /api/reviews/book/686fa492dca21dadb9ba8df2
2025-07-11T08:22:58.064Z [info]: GET /api/reviews/book/686fa492dca21dadb9ba8df3
2025-07-11T08:22:58.066Z [info]: GET /api/reviews/book/686fa492dca21dadb9ba8df4
2025-07-11T08:22:58.070Z [info]: GET /api/reviews/book/686fa492dca21dadb9ba8df5
2025-07-11T08:22:58.072Z [info]: GET /api/reviews/book/686fa492dca21dadb9ba8df6
2025-07-11T08:22:58.074Z [info]: GET /api/reviews/book/686fa492dca21dadb9ba8df7
2025-07-11T08:22:58.078Z [info]: GET /api/reviews/book/686fa492dca21dadb9ba8df8
2025-07-11T08:22:58.081Z [info]: GET /api/reviews/book/686fa492dca21dadb9ba8df9
2025-07-11T08:22:58.083Z [info]: GET /api/reviews/book/686fa492dca21dadb9ba8dfa
2025-07-11T08:22:58.087Z [info]: GET /api/reviews/book/686fa492dca21dadb9ba8dfb
2025-07-11T08:22:58.089Z [info]: GET /api/reviews/book/686fa492dca21dadb9ba8dfc
2025-07-11T08:22:58.091Z [info]: GET /api/reviews/book/686fa492dca21dadb9ba8dfd
2025-07-11T08:22:58.094Z [info]: GET /api/reviews/book/686fa492dca21dadb9ba8dfe
2025-07-11T08:22:58.097Z [info]: GET /api/reviews/book/686fa492dca21dadb9ba8dff
2025-07-11T08:22:58.110Z [info]: GET /api/reviews/book/686fa492dca21dadb9ba8e00
2025-07-11T08:22:58.117Z [info]: GET /api/reviews/book/686fa492dca21dadb9ba8e01
2025-07-11T08:22:58.120Z [info]: GET /api/reviews/book/686fa492dca21dadb9ba8e02
2025-07-11T08:22:58.125Z [info]: GET /api/reviews/book/686fa492dca21dadb9ba8e03
2025-07-11T08:22:58.129Z [info]: GET /api/reviews/book/686fa492dca21dadb9ba8e04
2025-07-11T08:22:58.135Z [info]: GET /api/reviews/book/686fa492dca21dadb9ba8e05
2025-07-11T08:22:58.140Z [info]: GET /api/reviews/book/686fa492dca21dadb9ba8e06
2025-07-11T08:22:58.144Z [info]: GET /api/reviews/book/686fa492dca21dadb9ba8e07
2025-07-11T08:22:58.146Z [info]: GET /api/reviews/book/686fa492dca21dadb9ba8e08
2025-07-11T08:22:58.149Z [info]: GET /api/reviews/book/686fa492dca21dadb9ba8e09
2025-07-11T08:22:58.152Z [info]: GET /api/reviews/book/686fa492dca21dadb9ba8e0a
2025-07-11T08:22:58.156Z [info]: GET /api/reviews/book/686fa492dca21dadb9ba8e0b
2025-07-11T08:22:58.159Z [info]: GET /api/reviews/book/686fa492dca21dadb9ba8e0c
2025-07-11T08:22:58.171Z [info]: GET /api/reviews/book/686fa492dca21dadb9ba8de1
2025-07-11T08:22:58.181Z [info]: GET /api/reviews/book/686fa492dca21dadb9ba8de2
2025-07-11T08:23:08.383Z [info]: GET /api/reviews/book/686fa492dca21dadb9ba8daa
2025-07-11T08:23:08.384Z [info]: GET /api/reviews/book/686fa492dca21dadb9ba8db6
2025-07-11T08:23:08.387Z [info]: GET /api/reviews/book/686fa492dca21dadb9ba8dd2
2025-07-11T08:23:08.388Z [info]: GET /api/reviews/book/686fa492dca21dadb9ba8dd6
2025-07-11T08:23:08.391Z [info]: GET /api/reviews/book/686fa492dca21dadb9ba8dcf
2025-07-11T08:23:08.395Z [info]: GET /api/reviews/book/686fa492dca21dadb9ba8de3
2025-07-11T08:23:08.400Z [info]: GET /api/reviews/book/686fa492dca21dadb9ba8de9
2025-07-11T08:23:08.403Z [info]: GET /api/reviews/book/686fa492dca21dadb9ba8dec
2025-07-11T08:23:08.404Z [info]: GET /api/reviews/book/686fa492dca21dadb9ba8e00
2025-07-11T08:23:08.408Z [info]: GET /api/reviews/book/686fa492dca21dadb9ba8e08
2025-07-11T08:23:16.694Z [info]: GET /api/reviews/book/686fa492dca21dadb9ba8daa
2025-07-11T08:23:16.697Z [info]: GET /api/reviews/book/686fa492dca21dadb9ba8db6
2025-07-11T08:23:16.698Z [info]: GET /api/reviews/book/686fa492dca21dadb9ba8dcf
2025-07-11T08:23:16.703Z [info]: GET /api/reviews/book/686fa492dca21dadb9ba8dd2
2025-07-11T08:23:16.705Z [info]: GET /api/reviews/book/686fa492dca21dadb9ba8dd6
2025-07-11T08:23:16.707Z [info]: GET /api/reviews/book/686fa492dca21dadb9ba8de3
2025-07-11T08:23:16.710Z [info]: GET /api/reviews/book/686fa492dca21dadb9ba8de9
2025-07-11T08:23:16.712Z [info]: GET /api/reviews/book/686fa492dca21dadb9ba8dec
2025-07-11T08:23:16.718Z [info]: GET /api/reviews/book/686fa492dca21dadb9ba8e00
2025-07-11T08:23:16.724Z [info]: GET /api/reviews/book/686fa492dca21dadb9ba8e08
2025-07-11T08:23:24.784Z [info]: GET /api/reviews/book/686fa492dca21dadb9ba8da9
2025-07-11T08:23:24.788Z [info]: GET /api/reviews/book/686fa492dca21dadb9ba8daa
2025-07-11T08:23:24.795Z [info]: GET /api/reviews/book/686fa492dca21dadb9ba8dab
2025-07-11T08:23:24.798Z [info]: GET /api/reviews/book/686fa492dca21dadb9ba8daf
2025-07-11T08:23:24.802Z [info]: GET /api/reviews/book/686fa492dca21dadb9ba8db0
2025-07-11T08:23:24.806Z [info]: GET /api/reviews/book/686fa492dca21dadb9ba8db2
2025-07-11T08:23:24.809Z [info]: GET /api/reviews/book/686fa492dca21dadb9ba8db3
2025-07-11T08:23:24.812Z [info]: GET /api/reviews/book/686fa492dca21dadb9ba8dac
2025-07-11T08:23:24.815Z [info]: GET /api/reviews/book/686fa492dca21dadb9ba8db6
2025-07-11T08:23:24.822Z [info]: GET /api/reviews/book/686fa492dca21dadb9ba8db7
2025-07-11T08:23:24.824Z [info]: GET /api/reviews/book/686fa492dca21dadb9ba8db8
2025-07-11T08:23:24.826Z [info]: GET /api/reviews/book/686fa492dca21dadb9ba8db9
2025-07-11T08:23:24.839Z [info]: GET /api/reviews/book/686fa492dca21dadb9ba8dba
2025-07-11T08:23:24.842Z [info]: GET /api/reviews/book/686fa492dca21dadb9ba8dad
2025-07-11T08:23:24.844Z [info]: GET /api/reviews/book/686fa492dca21dadb9ba8dbb
2025-07-11T08:23:24.852Z [info]: GET /api/reviews/book/686fa492dca21dadb9ba8dbc
2025-07-11T08:23:24.855Z [info]: GET /api/reviews/book/686fa492dca21dadb9ba8dae
2025-07-11T08:23:24.857Z [info]: GET /api/reviews/book/686fa492dca21dadb9ba8db1
2025-07-11T08:23:24.858Z [info]: GET /api/reviews/book/686fa492dca21dadb9ba8dbd
2025-07-11T08:23:24.860Z [info]: GET /api/reviews/book/686fa492dca21dadb9ba8dbe
2025-07-11T08:23:24.862Z [info]: GET /api/reviews/book/686fa492dca21dadb9ba8dbf
2025-07-11T08:23:24.866Z [info]: GET /api/reviews/book/686fa492dca21dadb9ba8dc0
2025-07-11T08:23:24.869Z [info]: GET /api/reviews/book/686fa492dca21dadb9ba8dc1
2025-07-11T08:23:24.871Z [info]: GET /api/reviews/book/686fa492dca21dadb9ba8dc2
2025-07-11T08:23:24.872Z [info]: GET /api/reviews/book/686fa492dca21dadb9ba8dc3
2025-07-11T08:23:24.874Z [info]: GET /api/reviews/book/686fa492dca21dadb9ba8dc4
2025-07-11T08:23:24.876Z [info]: GET /api/reviews/book/686fa492dca21dadb9ba8dc5
2025-07-11T08:23:24.880Z [info]: GET /api/reviews/book/686fa492dca21dadb9ba8dc6
2025-07-11T08:23:24.883Z [info]: GET /api/reviews/book/686fa492dca21dadb9ba8dc7
2025-07-11T08:23:24.886Z [info]: GET /api/reviews/book/686fa492dca21dadb9ba8dc8
2025-07-11T08:23:24.887Z [info]: GET /api/reviews/book/686fa492dca21dadb9ba8dc9
2025-07-11T08:23:24.890Z [info]: GET /api/reviews/book/686fa492dca21dadb9ba8dca
2025-07-11T08:23:24.892Z [info]: GET /api/reviews/book/686fa492dca21dadb9ba8dcb
2025-07-11T08:23:24.895Z [info]: GET /api/reviews/book/686fa492dca21dadb9ba8dcc
2025-07-11T08:23:24.899Z [info]: GET /api/reviews/book/686fa492dca21dadb9ba8dcd
2025-07-11T08:23:24.901Z [info]: GET /api/reviews/book/686fa492dca21dadb9ba8dce
2025-07-11T08:23:24.902Z [info]: GET /api/reviews/book/686fa492dca21dadb9ba8dcf
2025-07-11T08:23:24.904Z [info]: GET /api/reviews/book/686fa492dca21dadb9ba8dd0
2025-07-11T08:23:24.905Z [info]: GET /api/reviews/book/686fa492dca21dadb9ba8dd1
2025-07-11T08:23:24.910Z [info]: GET /api/reviews/book/686fa492dca21dadb9ba8dd2
2025-07-11T08:23:24.914Z [info]: GET /api/reviews/book/686fa492dca21dadb9ba8dd3
2025-07-11T08:23:24.916Z [info]: GET /api/reviews/book/686fa492dca21dadb9ba8dd4
2025-07-11T08:23:24.917Z [info]: GET /api/reviews/book/686fa492dca21dadb9ba8dd5
2025-07-11T08:23:24.919Z [info]: GET /api/reviews/book/686fa492dca21dadb9ba8dd6
2025-07-11T08:23:24.921Z [info]: GET /api/reviews/book/686fa492dca21dadb9ba8dd7
2025-07-11T08:23:24.923Z [info]: GET /api/reviews/book/686fa492dca21dadb9ba8dd8
2025-07-11T08:23:24.927Z [info]: GET /api/reviews/book/686fa492dca21dadb9ba8dd9
2025-07-11T08:23:24.929Z [info]: GET /api/reviews/book/686fa492dca21dadb9ba8dda
2025-07-11T08:23:24.931Z [info]: GET /api/reviews/book/686fa492dca21dadb9ba8ddb
2025-07-11T08:23:24.933Z [info]: GET /api/reviews/book/686fa492dca21dadb9ba8ddc
2025-07-11T08:23:24.934Z [info]: GET /api/reviews/book/686fa492dca21dadb9ba8ddd
2025-07-11T08:23:24.938Z [info]: GET /api/reviews/book/686fa492dca21dadb9ba8dde
2025-07-11T08:23:24.943Z [info]: GET /api/reviews/book/686fa492dca21dadb9ba8ddf
2025-07-11T08:23:24.944Z [info]: GET /api/reviews/book/686fa492dca21dadb9ba8de0
2025-07-11T08:23:24.946Z [info]: GET /api/reviews/book/686fa492dca21dadb9ba8db5
2025-07-11T08:23:24.948Z [info]: GET /api/reviews/book/686fa492dca21dadb9ba8db4
2025-07-11T08:23:24.950Z [info]: GET /api/reviews/book/686fa492dca21dadb9ba8de3
2025-07-11T08:23:24.957Z [info]: GET /api/reviews/book/686fa492dca21dadb9ba8de4
2025-07-11T08:23:24.962Z [info]: GET /api/reviews/book/686fa492dca21dadb9ba8de5
2025-07-11T08:23:24.964Z [info]: GET /api/reviews/book/686fa492dca21dadb9ba8de6
2025-07-11T08:23:24.965Z [info]: GET /api/reviews/book/686fa492dca21dadb9ba8de7
2025-07-11T08:23:24.967Z [info]: GET /api/reviews/book/686fa492dca21dadb9ba8de8
2025-07-11T08:23:24.969Z [info]: GET /api/reviews/book/686fa492dca21dadb9ba8de9
2025-07-11T08:23:24.974Z [info]: GET /api/reviews/book/686fa492dca21dadb9ba8dea
2025-07-11T08:23:24.978Z [info]: GET /api/reviews/book/686fa492dca21dadb9ba8deb
2025-07-11T08:23:24.980Z [info]: GET /api/reviews/book/686fa492dca21dadb9ba8dec
2025-07-11T08:23:24.982Z [info]: GET /api/reviews/book/686fa492dca21dadb9ba8ded
2025-07-11T08:23:24.985Z [info]: GET /api/reviews/book/686fa492dca21dadb9ba8dee
2025-07-11T08:23:24.987Z [info]: GET /api/reviews/book/686fa492dca21dadb9ba8def
2025-07-11T08:23:24.990Z [info]: GET /api/reviews/book/686fa492dca21dadb9ba8df0
2025-07-11T08:23:24.992Z [info]: GET /api/reviews/book/686fa492dca21dadb9ba8df1
2025-07-11T08:23:24.995Z [info]: GET /api/reviews/book/686fa492dca21dadb9ba8df2
2025-07-11T08:23:24.998Z [info]: GET /api/reviews/book/686fa492dca21dadb9ba8df3
2025-07-11T08:23:25.001Z [info]: GET /api/reviews/book/686fa492dca21dadb9ba8df4
2025-07-11T08:23:25.003Z [info]: GET /api/reviews/book/686fa492dca21dadb9ba8df5
2025-07-11T08:23:25.006Z [info]: GET /api/reviews/book/686fa492dca21dadb9ba8df6
2025-07-11T08:23:25.010Z [info]: GET /api/reviews/book/686fa492dca21dadb9ba8df7
2025-07-11T08:23:25.014Z [info]: GET /api/reviews/book/686fa492dca21dadb9ba8df8
2025-07-11T08:23:25.017Z [info]: GET /api/reviews/book/686fa492dca21dadb9ba8df9
2025-07-11T08:23:25.020Z [info]: GET /api/reviews/book/686fa492dca21dadb9ba8dfa
2025-07-11T08:23:25.022Z [info]: GET /api/reviews/book/686fa492dca21dadb9ba8dfb
2025-07-11T08:23:25.024Z [info]: GET /api/reviews/book/686fa492dca21dadb9ba8dfc
2025-07-11T08:23:25.026Z [info]: GET /api/reviews/book/686fa492dca21dadb9ba8dfd
2025-07-11T08:23:25.029Z [info]: GET /api/reviews/book/686fa492dca21dadb9ba8dfe
2025-07-11T08:23:25.033Z [info]: GET /api/reviews/book/686fa492dca21dadb9ba8dff
2025-07-11T08:23:25.035Z [info]: GET /api/reviews/book/686fa492dca21dadb9ba8e00
2025-07-11T08:23:25.037Z [info]: GET /api/reviews/book/686fa492dca21dadb9ba8e01
2025-07-11T08:23:25.040Z [info]: GET /api/reviews/book/686fa492dca21dadb9ba8e02
2025-07-11T08:23:25.043Z [info]: GET /api/reviews/book/686fa492dca21dadb9ba8e03
2025-07-11T08:23:25.049Z [info]: GET /api/reviews/book/686fa492dca21dadb9ba8e04
2025-07-11T08:23:25.054Z [info]: GET /api/reviews/book/686fa492dca21dadb9ba8e05
2025-07-11T08:23:25.058Z [info]: GET /api/reviews/book/686fa492dca21dadb9ba8e06
2025-07-11T08:23:25.061Z [info]: GET /api/reviews/book/686fa492dca21dadb9ba8e07
2025-07-11T08:23:25.064Z [info]: GET /api/reviews/book/686fa492dca21dadb9ba8e08
2025-07-11T08:23:25.067Z [info]: GET /api/reviews/book/686fa492dca21dadb9ba8e09
2025-07-11T08:23:25.070Z [info]: GET /api/reviews/book/686fa492dca21dadb9ba8e0a
2025-07-11T08:23:25.072Z [info]: GET /api/reviews/book/686fa492dca21dadb9ba8e0b
2025-07-11T08:23:25.075Z [info]: GET /api/reviews/book/686fa492dca21dadb9ba8e0c
2025-07-11T08:23:25.077Z [info]: GET /api/reviews/book/686fa492dca21dadb9ba8de1
2025-07-11T08:23:25.078Z [info]: GET /api/reviews/book/686fa492dca21dadb9ba8de2
2025-07-11T08:24:12.999Z [info]: GET /api/reviews/book/686fa492dca21dadb9ba8da9
2025-07-11T08:24:13.004Z [info]: GET /api/reviews/book/686fa492dca21dadb9ba8daa
2025-07-11T08:24:13.010Z [info]: GET /api/reviews/book/686fa492dca21dadb9ba8dab
2025-07-11T08:24:13.015Z [info]: GET /api/reviews/book/686fa492dca21dadb9ba8daf
2025-07-11T08:24:13.020Z [info]: GET /api/reviews/book/686fa492dca21dadb9ba8db0
2025-07-11T08:24:13.023Z [info]: GET /api/reviews/book/686fa492dca21dadb9ba8db2
2025-07-11T08:24:13.030Z [info]: GET /api/reviews/book/686fa492dca21dadb9ba8db3
2025-07-11T08:24:13.034Z [info]: GET /api/reviews/book/686fa492dca21dadb9ba8dac
2025-07-11T08:24:13.042Z [info]: GET /api/reviews/book/686fa492dca21dadb9ba8db6
2025-07-11T08:24:13.049Z [info]: GET /api/reviews/book/686fa492dca21dadb9ba8db7
2025-07-11T08:24:13.053Z [info]: GET /api/reviews/book/686fa492dca21dadb9ba8db8
2025-07-11T08:24:13.057Z [info]: GET /api/reviews/book/686fa492dca21dadb9ba8db9
2025-07-11T08:24:13.062Z [info]: GET /api/reviews/book/686fa492dca21dadb9ba8dba
2025-07-11T08:24:13.067Z [info]: GET /api/reviews/book/686fa492dca21dadb9ba8dad
2025-07-11T08:24:13.075Z [info]: GET /api/reviews/book/686fa492dca21dadb9ba8dbb
2025-07-11T08:24:13.080Z [info]: GET /api/reviews/book/686fa492dca21dadb9ba8dbc
2025-07-11T08:24:13.085Z [info]: GET /api/reviews/book/686fa492dca21dadb9ba8dae
2025-07-11T08:24:13.087Z [info]: GET /api/reviews/book/686fa492dca21dadb9ba8db1
2025-07-11T08:24:13.091Z [info]: GET /api/reviews/book/686fa492dca21dadb9ba8dbd
2025-07-11T08:24:13.094Z [info]: GET /api/reviews/book/686fa492dca21dadb9ba8dbe
2025-07-11T08:24:13.101Z [info]: GET /api/reviews/book/686fa492dca21dadb9ba8dbf
2025-07-11T08:24:13.106Z [info]: GET /api/reviews/book/686fa492dca21dadb9ba8dc0
2025-07-11T08:24:13.108Z [info]: GET /api/reviews/book/686fa492dca21dadb9ba8dc1
2025-07-11T08:24:13.110Z [info]: GET /api/reviews/book/686fa492dca21dadb9ba8dc2
2025-07-11T08:24:13.114Z [info]: GET /api/reviews/book/686fa492dca21dadb9ba8dc3
2025-07-11T08:24:13.116Z [info]: GET /api/reviews/book/686fa492dca21dadb9ba8dc4
2025-07-11T08:24:13.123Z [info]: GET /api/reviews/book/686fa492dca21dadb9ba8dc5
2025-07-11T08:24:13.131Z [info]: GET /api/reviews/book/686fa492dca21dadb9ba8dc6
2025-07-11T08:24:13.133Z [info]: GET /api/reviews/book/686fa492dca21dadb9ba8dc7
2025-07-11T08:24:13.135Z [info]: GET /api/reviews/book/686fa492dca21dadb9ba8dc8
2025-07-11T08:24:13.137Z [info]: GET /api/reviews/book/686fa492dca21dadb9ba8dc9
2025-07-11T08:24:13.139Z [info]: GET /api/reviews/book/686fa492dca21dadb9ba8dca
2025-07-11T08:24:13.142Z [info]: GET /api/reviews/book/686fa492dca21dadb9ba8dcb
2025-07-11T08:24:13.144Z [info]: GET /api/reviews/book/686fa492dca21dadb9ba8dcc
2025-07-11T08:24:13.146Z [info]: GET /api/reviews/book/686fa492dca21dadb9ba8dcd
2025-07-11T08:24:13.147Z [info]: GET /api/reviews/book/686fa492dca21dadb9ba8dce
2025-07-11T08:24:13.149Z [info]: GET /api/reviews/book/686fa492dca21dadb9ba8dcf
2025-07-11T08:24:13.151Z [info]: GET /api/reviews/book/686fa492dca21dadb9ba8dd0
2025-07-11T08:24:13.153Z [info]: GET /api/reviews/book/686fa492dca21dadb9ba8dd1
2025-07-11T08:24:13.158Z [info]: GET /api/reviews/book/686fa492dca21dadb9ba8dd2
2025-07-11T08:24:13.160Z [info]: GET /api/reviews/book/686fa492dca21dadb9ba8dd3
2025-07-11T08:24:13.161Z [info]: GET /api/reviews/book/686fa492dca21dadb9ba8dd4
2025-07-11T08:24:13.163Z [info]: GET /api/reviews/book/686fa492dca21dadb9ba8dd5
2025-07-11T08:24:13.164Z [info]: GET /api/reviews/book/686fa492dca21dadb9ba8dd6
2025-07-11T08:24:13.167Z [info]: GET /api/reviews/book/686fa492dca21dadb9ba8dd7
2025-07-11T08:24:13.171Z [info]: GET /api/reviews/book/686fa492dca21dadb9ba8dd8
2025-07-11T08:24:13.173Z [info]: GET /api/reviews/book/686fa492dca21dadb9ba8dd9
2025-07-11T08:24:13.174Z [info]: GET /api/reviews/book/686fa492dca21dadb9ba8dda
2025-07-11T08:24:13.176Z [info]: GET /api/reviews/book/686fa492dca21dadb9ba8ddb
2025-07-11T08:24:13.177Z [info]: GET /api/reviews/book/686fa492dca21dadb9ba8ddc
2025-07-11T08:24:13.182Z [info]: GET /api/reviews/book/686fa492dca21dadb9ba8ddd
2025-07-11T08:24:13.185Z [info]: GET /api/reviews/book/686fa492dca21dadb9ba8dde
2025-07-11T08:24:13.187Z [info]: GET /api/reviews/book/686fa492dca21dadb9ba8ddf
2025-07-11T08:24:13.188Z [info]: GET /api/reviews/book/686fa492dca21dadb9ba8de0
2025-07-11T08:24:13.191Z [info]: GET /api/reviews/book/686fa492dca21dadb9ba8db5
2025-07-11T08:24:13.192Z [info]: GET /api/reviews/book/686fa492dca21dadb9ba8db4
2025-07-11T08:24:13.196Z [info]: GET /api/reviews/book/686fa492dca21dadb9ba8de3
2025-07-11T08:24:13.201Z [info]: GET /api/reviews/book/686fa492dca21dadb9ba8de4
2025-07-11T08:24:13.204Z [info]: GET /api/reviews/book/686fa492dca21dadb9ba8de5
2025-07-11T08:24:13.205Z [info]: GET /api/reviews/book/686fa492dca21dadb9ba8de6
2025-07-11T08:24:13.207Z [info]: GET /api/reviews/book/686fa492dca21dadb9ba8de7
2025-07-11T08:24:13.209Z [info]: GET /api/reviews/book/686fa492dca21dadb9ba8de8
2025-07-11T08:24:13.213Z [info]: GET /api/reviews/book/686fa492dca21dadb9ba8de9
2025-07-11T08:24:13.220Z [info]: GET /api/reviews/book/686fa492dca21dadb9ba8dea
2025-07-11T08:24:13.222Z [info]: GET /api/reviews/book/686fa492dca21dadb9ba8deb
2025-07-11T08:24:13.224Z [info]: GET /api/reviews/book/686fa492dca21dadb9ba8dec
2025-07-11T08:24:13.225Z [info]: GET /api/reviews/book/686fa492dca21dadb9ba8ded
2025-07-11T08:24:13.227Z [info]: GET /api/reviews/book/686fa492dca21dadb9ba8dee
2025-07-11T08:24:13.230Z [info]: GET /api/reviews/book/686fa492dca21dadb9ba8def
2025-07-11T08:24:13.234Z [info]: GET /api/reviews/book/686fa492dca21dadb9ba8df0
2025-07-11T08:24:13.237Z [info]: GET /api/reviews/book/686fa492dca21dadb9ba8df1
2025-07-11T08:24:13.238Z [info]: GET /api/reviews/book/686fa492dca21dadb9ba8df2
2025-07-11T08:24:13.240Z [info]: GET /api/reviews/book/686fa492dca21dadb9ba8df3
2025-07-11T08:24:13.242Z [info]: GET /api/reviews/book/686fa492dca21dadb9ba8df4
2025-07-11T08:24:13.245Z [info]: GET /api/reviews/book/686fa492dca21dadb9ba8df5
2025-07-11T08:24:13.251Z [info]: GET /api/reviews/book/686fa492dca21dadb9ba8df6
2025-07-11T08:24:13.255Z [info]: GET /api/reviews/book/686fa492dca21dadb9ba8df7
2025-07-11T08:24:13.257Z [info]: GET /api/reviews/book/686fa492dca21dadb9ba8df8
2025-07-11T08:24:13.258Z [info]: GET /api/reviews/book/686fa492dca21dadb9ba8df9
2025-07-11T08:24:13.259Z [info]: GET /api/reviews/book/686fa492dca21dadb9ba8dfa
2025-07-11T08:24:13.262Z [info]: GET /api/reviews/book/686fa492dca21dadb9ba8dfb
2025-07-11T08:24:13.267Z [info]: GET /api/reviews/book/686fa492dca21dadb9ba8dfc
2025-07-11T08:24:13.271Z [info]: GET /api/reviews/book/686fa492dca21dadb9ba8dfd
2025-07-11T08:24:13.274Z [info]: GET /api/reviews/book/686fa492dca21dadb9ba8dfe
2025-07-11T08:24:13.276Z [info]: GET /api/reviews/book/686fa492dca21dadb9ba8dff
2025-07-11T08:24:13.277Z [info]: GET /api/reviews/book/686fa492dca21dadb9ba8e00
2025-07-11T08:24:13.280Z [info]: GET /api/reviews/book/686fa492dca21dadb9ba8e01
2025-07-11T08:24:13.284Z [info]: GET /api/reviews/book/686fa492dca21dadb9ba8e02
2025-07-11T08:24:13.287Z [info]: GET /api/reviews/book/686fa492dca21dadb9ba8e03
2025-07-11T08:24:13.288Z [info]: GET /api/reviews/book/686fa492dca21dadb9ba8e04
2025-07-11T08:24:13.290Z [info]: GET /api/reviews/book/686fa492dca21dadb9ba8e05
2025-07-11T08:24:13.293Z [info]: GET /api/reviews/book/686fa492dca21dadb9ba8e06
2025-07-11T08:24:13.296Z [info]: GET /api/reviews/book/686fa492dca21dadb9ba8e07
2025-07-11T08:24:13.305Z [info]: GET /api/reviews/book/686fa492dca21dadb9ba8e08
2025-07-11T08:24:13.310Z [info]: GET /api/reviews/book/686fa492dca21dadb9ba8e09
2025-07-11T08:24:13.313Z [info]: GET /api/reviews/book/686fa492dca21dadb9ba8e0a
2025-07-11T08:24:13.316Z [info]: GET /api/reviews/book/686fa492dca21dadb9ba8e0b
2025-07-11T08:24:13.318Z [info]: GET /api/reviews/book/686fa492dca21dadb9ba8e0c
2025-07-11T08:24:13.323Z [info]: GET /api/reviews/book/686fa492dca21dadb9ba8de1
2025-07-11T08:24:13.329Z [info]: GET /api/reviews/book/686fa492dca21dadb9ba8de2
2025-07-11T08:24:21.777Z [info]: GET /api/reviews/book/686fa492dca21dadb9ba8da9
2025-07-11T08:24:21.782Z [info]: GET /api/reviews/book/686fa492dca21dadb9ba8daa
2025-07-11T08:24:21.784Z [info]: GET /api/reviews/book/686fa492dca21dadb9ba8dab
2025-07-11T08:24:21.789Z [info]: GET /api/reviews/book/686fa492dca21dadb9ba8daf
2025-07-11T08:24:21.790Z [info]: GET /api/reviews/book/686fa492dca21dadb9ba8db0
2025-07-11T08:24:21.792Z [info]: GET /api/reviews/book/686fa492dca21dadb9ba8db2
2025-07-11T08:24:21.796Z [info]: GET /api/reviews/book/686fa492dca21dadb9ba8db3
2025-07-11T08:24:21.800Z [info]: GET /api/reviews/book/686fa492dca21dadb9ba8dac
2025-07-11T08:24:21.807Z [info]: GET /api/reviews/book/686fa492dca21dadb9ba8db6
2025-07-11T08:24:21.810Z [info]: GET /api/reviews/book/686fa492dca21dadb9ba8db7
2025-07-11T08:24:21.812Z [info]: GET /api/reviews/book/686fa492dca21dadb9ba8db8
2025-07-11T08:24:21.815Z [info]: GET /api/reviews/book/686fa492dca21dadb9ba8db9
2025-07-11T08:24:21.825Z [info]: GET /api/reviews/book/686fa492dca21dadb9ba8dba
2025-07-11T08:24:21.827Z [info]: GET /api/reviews/book/686fa492dca21dadb9ba8dad
2025-07-11T08:24:21.832Z [info]: GET /api/reviews/book/686fa492dca21dadb9ba8dbb
2025-07-11T08:24:21.839Z [info]: GET /api/reviews/book/686fa492dca21dadb9ba8dbc
2025-07-11T08:24:21.841Z [info]: GET /api/reviews/book/686fa492dca21dadb9ba8dae
2025-07-11T08:24:21.843Z [info]: GET /api/reviews/book/686fa492dca21dadb9ba8db1
2025-07-11T08:24:21.845Z [info]: GET /api/reviews/book/686fa492dca21dadb9ba8dbd
2025-07-11T08:24:21.846Z [info]: GET /api/reviews/book/686fa492dca21dadb9ba8dbe
2025-07-11T08:24:21.848Z [info]: GET /api/reviews/book/686fa492dca21dadb9ba8dbf
2025-07-11T08:24:21.855Z [info]: GET /api/reviews/book/686fa492dca21dadb9ba8dc0
2025-07-11T08:24:21.856Z [info]: GET /api/reviews/book/686fa492dca21dadb9ba8dc1
2025-07-11T08:24:21.858Z [info]: GET /api/reviews/book/686fa492dca21dadb9ba8dc2
2025-07-11T08:24:21.859Z [info]: GET /api/reviews/book/686fa492dca21dadb9ba8dc3
2025-07-11T08:24:21.860Z [info]: GET /api/reviews/book/686fa492dca21dadb9ba8dc4
2025-07-11T08:24:21.861Z [info]: GET /api/reviews/book/686fa492dca21dadb9ba8dc5
2025-07-11T08:24:21.868Z [info]: GET /api/reviews/book/686fa492dca21dadb9ba8dc6
2025-07-11T08:24:21.870Z [info]: GET /api/reviews/book/686fa492dca21dadb9ba8dc7
2025-07-11T08:24:21.871Z [info]: GET /api/reviews/book/686fa492dca21dadb9ba8dc8
2025-07-11T08:24:21.872Z [info]: GET /api/reviews/book/686fa492dca21dadb9ba8dc9
2025-07-11T08:24:21.873Z [info]: GET /api/reviews/book/686fa492dca21dadb9ba8dca
2025-07-11T08:24:21.875Z [info]: GET /api/reviews/book/686fa492dca21dadb9ba8dcb
2025-07-11T08:24:21.879Z [info]: GET /api/reviews/book/686fa492dca21dadb9ba8dcc
2025-07-11T08:24:21.881Z [info]: GET /api/reviews/book/686fa492dca21dadb9ba8dcd
2025-07-11T08:24:21.883Z [info]: GET /api/reviews/book/686fa492dca21dadb9ba8dce
2025-07-11T08:24:21.884Z [info]: GET /api/reviews/book/686fa492dca21dadb9ba8dcf
2025-07-11T08:24:21.886Z [info]: GET /api/reviews/book/686fa492dca21dadb9ba8dd0
2025-07-11T08:24:21.887Z [info]: GET /api/reviews/book/686fa492dca21dadb9ba8dd1
2025-07-11T08:24:21.893Z [info]: GET /api/reviews/book/686fa492dca21dadb9ba8dd2
2025-07-11T08:24:21.896Z [info]: GET /api/reviews/book/686fa492dca21dadb9ba8dd3
2025-07-11T08:24:21.897Z [info]: GET /api/reviews/book/686fa492dca21dadb9ba8dd4
2025-07-11T08:24:21.898Z [info]: GET /api/reviews/book/686fa492dca21dadb9ba8dd5
2025-07-11T08:24:21.899Z [info]: GET /api/reviews/book/686fa492dca21dadb9ba8dd6
2025-07-11T08:24:21.900Z [info]: GET /api/reviews/book/686fa492dca21dadb9ba8dd7
2025-07-11T08:24:21.907Z [info]: GET /api/reviews/book/686fa492dca21dadb9ba8dd8
2025-07-11T08:24:21.909Z [info]: GET /api/reviews/book/686fa492dca21dadb9ba8dd9
2025-07-11T08:24:21.910Z [info]: GET /api/reviews/book/686fa492dca21dadb9ba8dda
2025-07-11T08:24:21.911Z [info]: GET /api/reviews/book/686fa492dca21dadb9ba8ddb
2025-07-11T08:24:21.913Z [info]: GET /api/reviews/book/686fa492dca21dadb9ba8ddc
2025-07-11T08:24:21.914Z [info]: GET /api/reviews/book/686fa492dca21dadb9ba8ddd
2025-07-11T08:24:21.921Z [info]: GET /api/reviews/book/686fa492dca21dadb9ba8dde
2025-07-11T08:24:21.923Z [info]: GET /api/reviews/book/686fa492dca21dadb9ba8ddf
2025-07-11T08:24:21.925Z [info]: GET /api/reviews/book/686fa492dca21dadb9ba8de0
2025-07-11T08:24:21.927Z [info]: GET /api/reviews/book/686fa492dca21dadb9ba8db5
2025-07-11T08:24:21.928Z [info]: GET /api/reviews/book/686fa492dca21dadb9ba8db4
2025-07-11T08:24:21.930Z [info]: GET /api/reviews/book/686fa492dca21dadb9ba8de3
2025-07-11T08:24:21.937Z [info]: GET /api/reviews/book/686fa492dca21dadb9ba8de4
2025-07-11T08:24:21.938Z [info]: GET /api/reviews/book/686fa492dca21dadb9ba8de5
2025-07-11T08:24:21.940Z [info]: GET /api/reviews/book/686fa492dca21dadb9ba8de6
2025-07-11T08:24:21.941Z [info]: GET /api/reviews/book/686fa492dca21dadb9ba8de7
2025-07-11T08:24:21.944Z [info]: GET /api/reviews/book/686fa492dca21dadb9ba8de8
2025-07-11T08:24:21.947Z [info]: GET /api/reviews/book/686fa492dca21dadb9ba8de9
2025-07-11T08:24:21.953Z [info]: GET /api/reviews/book/686fa492dca21dadb9ba8dea
2025-07-11T08:24:21.956Z [info]: GET /api/reviews/book/686fa492dca21dadb9ba8deb
2025-07-11T08:24:21.959Z [info]: GET /api/reviews/book/686fa492dca21dadb9ba8dec
2025-07-11T08:24:21.960Z [info]: GET /api/reviews/book/686fa492dca21dadb9ba8ded
2025-07-11T08:24:21.963Z [info]: GET /api/reviews/book/686fa492dca21dadb9ba8dee
2025-07-11T08:24:21.965Z [info]: GET /api/reviews/book/686fa492dca21dadb9ba8def
2025-07-11T08:24:21.969Z [info]: GET /api/reviews/book/686fa492dca21dadb9ba8df0
2025-07-11T08:24:21.972Z [info]: GET /api/reviews/book/686fa492dca21dadb9ba8df1
2025-07-11T08:24:21.974Z [info]: GET /api/reviews/book/686fa492dca21dadb9ba8df2
2025-07-11T08:24:21.975Z [info]: GET /api/reviews/book/686fa492dca21dadb9ba8df3
2025-07-11T08:24:21.976Z [info]: GET /api/reviews/book/686fa492dca21dadb9ba8df4
2025-07-11T08:24:21.979Z [info]: GET /api/reviews/book/686fa492dca21dadb9ba8df5
2025-07-11T08:24:21.984Z [info]: GET /api/reviews/book/686fa492dca21dadb9ba8df6
2025-07-11T08:24:21.986Z [info]: GET /api/reviews/book/686fa492dca21dadb9ba8df7
2025-07-11T08:24:21.988Z [info]: GET /api/reviews/book/686fa492dca21dadb9ba8df8
2025-07-11T08:24:21.990Z [info]: GET /api/reviews/book/686fa492dca21dadb9ba8df9
2025-07-11T08:24:21.991Z [info]: GET /api/reviews/book/686fa492dca21dadb9ba8dfa
2025-07-11T08:24:21.993Z [info]: GET /api/reviews/book/686fa492dca21dadb9ba8dfb
2025-07-11T08:24:21.999Z [info]: GET /api/reviews/book/686fa492dca21dadb9ba8dfc
2025-07-11T08:24:22.003Z [info]: GET /api/reviews/book/686fa492dca21dadb9ba8dfd
2025-07-11T08:24:22.005Z [info]: GET /api/reviews/book/686fa492dca21dadb9ba8dfe
2025-07-11T08:24:22.007Z [info]: GET /api/reviews/book/686fa492dca21dadb9ba8dff
2025-07-11T08:24:22.009Z [info]: GET /api/reviews/book/686fa492dca21dadb9ba8e00
2025-07-11T08:24:22.012Z [info]: GET /api/reviews/book/686fa492dca21dadb9ba8e01
2025-07-11T08:24:22.018Z [info]: GET /api/reviews/book/686fa492dca21dadb9ba8e02
2025-07-11T08:24:22.020Z [info]: GET /api/reviews/book/686fa492dca21dadb9ba8e03
2025-07-11T08:24:22.022Z [info]: GET /api/reviews/book/686fa492dca21dadb9ba8e04
2025-07-11T08:24:22.024Z [info]: GET /api/reviews/book/686fa492dca21dadb9ba8e05
2025-07-11T08:24:22.027Z [info]: GET /api/reviews/book/686fa492dca21dadb9ba8e06
2025-07-11T08:24:22.031Z [info]: GET /api/reviews/book/686fa492dca21dadb9ba8e07
2025-07-11T08:24:22.036Z [info]: GET /api/reviews/book/686fa492dca21dadb9ba8e08
2025-07-11T08:24:22.039Z [info]: GET /api/reviews/book/686fa492dca21dadb9ba8e09
2025-07-11T08:24:22.042Z [info]: GET /api/reviews/book/686fa492dca21dadb9ba8e0a
2025-07-11T08:24:22.044Z [info]: GET /api/reviews/book/686fa492dca21dadb9ba8e0b
2025-07-11T08:24:22.046Z [info]: GET /api/reviews/book/686fa492dca21dadb9ba8e0c
2025-07-11T08:24:22.048Z [info]: GET /api/reviews/book/686fa492dca21dadb9ba8de1
2025-07-11T08:24:22.052Z [info]: GET /api/reviews/book/686fa492dca21dadb9ba8de2
2025-07-11T08:24:37.595Z [info]: GET /api/reviews/book/686fa492dca21dadb9ba8ddb
2025-07-11T08:24:37.598Z [info]: GET /api/reviews/book/686fa492dca21dadb9ba8df4
2025-07-11T08:27:29.258Z [info]: GET /api/reviews/book/686fa492dca21dadb9ba8da9
2025-07-11T08:27:29.264Z [info]: GET /api/reviews/book/686fa492dca21dadb9ba8daa
2025-07-11T08:27:29.270Z [info]: GET /api/reviews/book/686fa492dca21dadb9ba8dab
2025-07-11T08:27:29.273Z [info]: GET /api/reviews/book/686fa492dca21dadb9ba8daf
2025-07-11T08:27:29.277Z [info]: GET /api/reviews/book/686fa492dca21dadb9ba8db0
2025-07-11T08:27:29.283Z [info]: GET /api/reviews/book/686fa492dca21dadb9ba8db2
2025-07-11T08:27:29.290Z [info]: GET /api/reviews/book/686fa492dca21dadb9ba8db3
2025-07-11T08:27:29.295Z [info]: GET /api/reviews/book/686fa492dca21dadb9ba8dac
2025-07-11T08:27:29.304Z [info]: GET /api/reviews/book/686fa492dca21dadb9ba8db6
2025-07-11T08:27:29.307Z [info]: GET /api/reviews/book/686fa492dca21dadb9ba8db7
2025-07-11T08:27:29.313Z [info]: GET /api/reviews/book/686fa492dca21dadb9ba8db8
2025-07-11T08:27:29.315Z [info]: GET /api/reviews/book/686fa492dca21dadb9ba8db9
2025-07-11T08:27:29.320Z [info]: GET /api/reviews/book/686fa492dca21dadb9ba8dba
2025-07-11T08:27:29.327Z [info]: GET /api/reviews/book/686fa492dca21dadb9ba8dad
2025-07-11T08:27:29.338Z [info]: GET /api/reviews/book/686fa492dca21dadb9ba8dbb
2025-07-11T08:27:29.341Z [info]: GET /api/reviews/book/686fa492dca21dadb9ba8dbc
2025-07-11T08:27:29.345Z [info]: GET /api/reviews/book/686fa492dca21dadb9ba8dae
2025-07-11T08:27:29.348Z [info]: GET /api/reviews/book/686fa492dca21dadb9ba8db1
2025-07-11T08:27:29.350Z [info]: GET /api/reviews/book/686fa492dca21dadb9ba8dbd
2025-07-11T08:27:29.353Z [info]: GET /api/reviews/book/686fa492dca21dadb9ba8dbe
2025-07-11T08:27:29.364Z [info]: GET /api/reviews/book/686fa492dca21dadb9ba8dbf
2025-07-11T08:27:29.367Z [info]: GET /api/reviews/book/686fa492dca21dadb9ba8dc0
2025-07-11T08:27:29.371Z [info]: GET /api/reviews/book/686fa492dca21dadb9ba8dc1
2025-07-11T08:27:29.377Z [info]: GET /api/reviews/book/686fa492dca21dadb9ba8dc2
2025-07-11T08:27:29.379Z [info]: GET /api/reviews/book/686fa492dca21dadb9ba8dc3
2025-07-11T08:27:29.385Z [info]: GET /api/reviews/book/686fa492dca21dadb9ba8dc4
2025-07-11T08:27:29.391Z [info]: GET /api/reviews/book/686fa492dca21dadb9ba8dc5
2025-07-11T08:27:29.394Z [info]: GET /api/reviews/book/686fa492dca21dadb9ba8dc6
2025-07-11T08:27:29.398Z [info]: GET /api/reviews/book/686fa492dca21dadb9ba8dc7
2025-07-11T08:27:29.401Z [info]: GET /api/reviews/book/686fa492dca21dadb9ba8dc8
2025-07-11T08:27:29.403Z [info]: GET /api/reviews/book/686fa492dca21dadb9ba8dc9
2025-07-11T08:27:29.405Z [info]: GET /api/reviews/book/686fa492dca21dadb9ba8dca
2025-07-11T08:27:29.410Z [info]: GET /api/reviews/book/686fa492dca21dadb9ba8dcb
2025-07-11T08:27:29.413Z [info]: GET /api/reviews/book/686fa492dca21dadb9ba8dcc
2025-07-11T08:27:29.416Z [info]: GET /api/reviews/book/686fa492dca21dadb9ba8dcd
2025-07-11T08:27:29.418Z [info]: GET /api/reviews/book/686fa492dca21dadb9ba8dce
2025-07-11T08:27:29.420Z [info]: GET /api/reviews/book/686fa492dca21dadb9ba8dcf
2025-07-11T08:27:29.423Z [info]: GET /api/reviews/book/686fa492dca21dadb9ba8dd0
2025-07-11T08:27:29.432Z [info]: GET /api/reviews/book/686fa492dca21dadb9ba8dd1
2025-07-11T08:27:29.435Z [info]: GET /api/reviews/book/686fa492dca21dadb9ba8dd2
2025-07-11T08:27:29.438Z [info]: GET /api/reviews/book/686fa492dca21dadb9ba8dd3
2025-07-11T08:27:29.440Z [info]: GET /api/reviews/book/686fa492dca21dadb9ba8dd4
2025-07-11T08:27:29.444Z [info]: GET /api/reviews/book/686fa492dca21dadb9ba8dd5
2025-07-11T08:27:29.453Z [info]: GET /api/reviews/book/686fa492dca21dadb9ba8dd6
2025-07-11T08:27:29.460Z [info]: GET /api/reviews/book/686fa492dca21dadb9ba8dd7
2025-07-11T08:27:29.463Z [info]: GET /api/reviews/book/686fa492dca21dadb9ba8dd8
2025-07-11T08:27:29.466Z [info]: GET /api/reviews/book/686fa492dca21dadb9ba8dd9
2025-07-11T08:27:29.470Z [info]: GET /api/reviews/book/686fa492dca21dadb9ba8dda
2025-07-11T08:27:29.471Z [info]: GET /api/reviews/book/686fa492dca21dadb9ba8ddb
2025-07-11T08:27:29.478Z [info]: GET /api/reviews/book/686fa492dca21dadb9ba8ddc
2025-07-11T08:27:29.488Z [info]: GET /api/reviews/book/686fa492dca21dadb9ba8ddd
2025-07-11T08:27:29.509Z [info]: GET /api/reviews/book/686fa492dca21dadb9ba8dde
2025-07-11T08:27:29.535Z [info]: GET /api/reviews/book/686fa492dca21dadb9ba8ddf
2025-07-11T08:27:29.557Z [info]: GET /api/reviews/book/686fa492dca21dadb9ba8de0
2025-07-11T08:27:29.568Z [info]: GET /api/reviews/book/686fa492dca21dadb9ba8db5
2025-07-11T08:27:29.577Z [info]: GET /api/reviews/book/686fa492dca21dadb9ba8db4
2025-07-11T08:27:29.591Z [info]: GET /api/reviews/book/686fa492dca21dadb9ba8de3
2025-07-11T08:27:29.605Z [info]: GET /api/reviews/book/686fa492dca21dadb9ba8de4
2025-07-11T08:27:29.622Z [info]: GET /api/reviews/book/686fa492dca21dadb9ba8de5
2025-07-11T08:27:29.647Z [info]: GET /api/reviews/book/686fa492dca21dadb9ba8de6
2025-07-11T08:27:29.713Z [info]: GET /api/reviews/book/686fa492dca21dadb9ba8de7
2025-07-11T08:27:29.750Z [info]: GET /api/reviews/book/686fa492dca21dadb9ba8de8
2025-07-11T08:27:29.766Z [info]: GET /api/reviews/book/686fa492dca21dadb9ba8de9
2025-07-11T08:27:29.773Z [info]: GET /api/reviews/book/686fa492dca21dadb9ba8dea
2025-07-11T08:27:29.781Z [info]: GET /api/reviews/book/686fa492dca21dadb9ba8deb
2025-07-11T08:27:29.803Z [info]: GET /api/reviews/book/686fa492dca21dadb9ba8dec
2025-07-11T08:27:29.810Z [info]: GET /api/reviews/book/686fa492dca21dadb9ba8ded
2025-07-11T08:27:29.820Z [info]: GET /api/reviews/book/686fa492dca21dadb9ba8dee
2025-07-11T08:27:29.861Z [info]: GET /api/reviews/book/686fa492dca21dadb9ba8def
2025-07-11T08:27:29.870Z [info]: GET /api/reviews/book/686fa492dca21dadb9ba8df0
2025-07-11T08:27:29.889Z [info]: GET /api/reviews/book/686fa492dca21dadb9ba8df1
2025-07-11T08:27:29.905Z [info]: GET /api/reviews/book/686fa492dca21dadb9ba8df2
2025-07-11T08:27:29.919Z [info]: GET /api/reviews/book/686fa492dca21dadb9ba8df3
2025-07-11T08:27:29.943Z [info]: GET /api/reviews/book/686fa492dca21dadb9ba8df4
2025-07-11T08:27:30.007Z [info]: GET /api/reviews/book/686fa492dca21dadb9ba8df5
2025-07-11T08:27:30.012Z [info]: GET /api/reviews/book/686fa492dca21dadb9ba8df6
2025-07-11T08:27:30.021Z [info]: GET /api/reviews/book/686fa492dca21dadb9ba8df7
2025-07-11T08:27:30.024Z [info]: GET /api/reviews/book/686fa492dca21dadb9ba8df8
2025-07-11T08:27:30.037Z [info]: GET /api/reviews/book/686fa492dca21dadb9ba8df9
2025-07-11T08:27:30.041Z [info]: GET /api/reviews/book/686fa492dca21dadb9ba8dfa
2025-07-11T08:27:30.064Z [info]: GET /api/reviews/book/686fa492dca21dadb9ba8dfb
2025-07-11T08:27:30.070Z [info]: GET /api/reviews/book/686fa492dca21dadb9ba8dfc
2025-07-11T08:27:30.077Z [info]: GET /api/reviews/book/686fa492dca21dadb9ba8dfd
2025-07-11T08:27:30.082Z [info]: GET /api/reviews/book/686fa492dca21dadb9ba8dfe
2025-07-11T08:27:30.087Z [info]: GET /api/reviews/book/686fa492dca21dadb9ba8dff
2025-07-11T08:27:30.097Z [info]: GET /api/reviews/book/686fa492dca21dadb9ba8e00
2025-07-11T08:27:30.106Z [info]: GET /api/reviews/book/686fa492dca21dadb9ba8e01
2025-07-11T08:27:30.111Z [info]: GET /api/reviews/book/686fa492dca21dadb9ba8e02
2025-07-11T08:27:30.117Z [info]: GET /api/reviews/book/686fa492dca21dadb9ba8e03
2025-07-11T08:27:30.120Z [info]: GET /api/reviews/book/686fa492dca21dadb9ba8e04
2025-07-11T08:27:30.123Z [info]: GET /api/reviews/book/686fa492dca21dadb9ba8e05
2025-07-11T08:27:30.132Z [info]: GET /api/reviews/book/686fa492dca21dadb9ba8e06
2025-07-11T08:27:30.143Z [info]: GET /api/reviews/book/686fa492dca21dadb9ba8e07
2025-07-11T08:27:30.147Z [info]: GET /api/reviews/book/686fa492dca21dadb9ba8e08
2025-07-11T08:27:30.150Z [info]: GET /api/reviews/book/686fa492dca21dadb9ba8e09
2025-07-11T08:27:30.155Z [info]: GET /api/reviews/book/686fa492dca21dadb9ba8e0a
2025-07-11T08:27:30.158Z [info]: GET /api/reviews/book/686fa492dca21dadb9ba8e0b
2025-07-11T08:27:30.167Z [info]: GET /api/reviews/book/686fa492dca21dadb9ba8e0c
2025-07-11T08:27:30.181Z [info]: GET /api/reviews/book/686fa492dca21dadb9ba8de1
2025-07-11T08:27:30.186Z [info]: GET /api/reviews/book/686fa492dca21dadb9ba8de2
2025-07-11T08:27:45.971Z [info]: GET /api/reviews/book/686fa492dca21dadb9ba8da9
2025-07-11T08:27:45.974Z [info]: GET /api/reviews/book/686fa492dca21dadb9ba8daa
2025-07-11T08:27:45.979Z [info]: GET /api/reviews/book/686fa492dca21dadb9ba8dab
2025-07-11T08:27:45.982Z [info]: GET /api/reviews/book/686fa492dca21dadb9ba8daf
2025-07-11T08:27:45.986Z [info]: GET /api/reviews/book/686fa492dca21dadb9ba8db0
2025-07-11T08:27:45.989Z [info]: GET /api/reviews/book/686fa492dca21dadb9ba8db2
2025-07-11T08:27:45.990Z [info]: GET /api/reviews/book/686fa492dca21dadb9ba8db3
2025-07-11T08:27:45.995Z [info]: GET /api/reviews/book/686fa492dca21dadb9ba8dac
2025-07-11T08:27:45.997Z [info]: GET /api/reviews/book/686fa492dca21dadb9ba8db6
2025-07-11T08:27:45.998Z [info]: GET /api/reviews/book/686fa492dca21dadb9ba8db7
2025-07-11T08:27:46.000Z [info]: GET /api/reviews/book/686fa492dca21dadb9ba8db8
2025-07-11T08:27:46.003Z [info]: GET /api/reviews/book/686fa492dca21dadb9ba8db9
2025-07-11T08:27:46.007Z [info]: GET /api/reviews/book/686fa492dca21dadb9ba8dba
2025-07-11T08:27:46.018Z [info]: GET /api/reviews/book/686fa492dca21dadb9ba8dad
2025-07-11T08:27:46.021Z [info]: GET /api/reviews/book/686fa492dca21dadb9ba8dbb
2025-07-11T08:27:46.023Z [info]: GET /api/reviews/book/686fa492dca21dadb9ba8dbc
2025-07-11T08:27:46.025Z [info]: GET /api/reviews/book/686fa492dca21dadb9ba8dae
2025-07-11T08:27:46.026Z [info]: GET /api/reviews/book/686fa492dca21dadb9ba8db1
2025-07-11T08:27:46.029Z [info]: GET /api/reviews/book/686fa492dca21dadb9ba8dbd
2025-07-11T08:27:46.037Z [info]: GET /api/reviews/book/686fa492dca21dadb9ba8dbe
2025-07-11T08:27:46.040Z [info]: GET /api/reviews/book/686fa492dca21dadb9ba8dbf
2025-07-11T08:27:46.041Z [info]: GET /api/reviews/book/686fa492dca21dadb9ba8dc0
2025-07-11T08:27:46.043Z [info]: GET /api/reviews/book/686fa492dca21dadb9ba8dc1
2025-07-11T08:27:46.044Z [info]: GET /api/reviews/book/686fa492dca21dadb9ba8dc2
2025-07-11T08:27:46.048Z [info]: GET /api/reviews/book/686fa492dca21dadb9ba8dc3
2025-07-11T08:27:46.056Z [info]: GET /api/reviews/book/686fa492dca21dadb9ba8dc4
2025-07-11T08:27:46.065Z [info]: GET /api/reviews/book/686fa492dca21dadb9ba8dc5
2025-07-11T08:27:46.067Z [info]: GET /api/reviews/book/686fa492dca21dadb9ba8dc6
2025-07-11T08:27:46.068Z [info]: GET /api/reviews/book/686fa492dca21dadb9ba8dc7
2025-07-11T08:27:46.069Z [info]: GET /api/reviews/book/686fa492dca21dadb9ba8dc8
2025-07-11T08:27:46.071Z [info]: GET /api/reviews/book/686fa492dca21dadb9ba8dc9
2025-07-11T08:27:46.076Z [info]: GET /api/reviews/book/686fa492dca21dadb9ba8dca
2025-07-11T08:27:46.079Z [info]: GET /api/reviews/book/686fa492dca21dadb9ba8dcb
2025-07-11T08:27:46.080Z [info]: GET /api/reviews/book/686fa492dca21dadb9ba8dcc
2025-07-11T08:27:46.082Z [info]: GET /api/reviews/book/686fa492dca21dadb9ba8dcd
2025-07-11T08:27:46.084Z [info]: GET /api/reviews/book/686fa492dca21dadb9ba8dce
2025-07-11T08:27:46.085Z [info]: GET /api/reviews/book/686fa492dca21dadb9ba8dcf
2025-07-11T08:27:46.090Z [info]: GET /api/reviews/book/686fa492dca21dadb9ba8dd0
2025-07-11T08:27:46.092Z [info]: GET /api/reviews/book/686fa492dca21dadb9ba8dd1
2025-07-11T08:27:46.094Z [info]: GET /api/reviews/book/686fa492dca21dadb9ba8dd2
2025-07-11T08:27:46.095Z [info]: GET /api/reviews/book/686fa492dca21dadb9ba8dd3
2025-07-11T08:27:46.096Z [info]: GET /api/reviews/book/686fa492dca21dadb9ba8dd4
2025-07-11T08:27:46.099Z [info]: GET /api/reviews/book/686fa492dca21dadb9ba8dd5
2025-07-11T08:27:46.104Z [info]: GET /api/reviews/book/686fa492dca21dadb9ba8dd6
2025-07-11T08:27:46.107Z [info]: GET /api/reviews/book/686fa492dca21dadb9ba8dd7
2025-07-11T08:27:46.109Z [info]: GET /api/reviews/book/686fa492dca21dadb9ba8dd8
2025-07-11T08:27:46.112Z [info]: GET /api/reviews/book/686fa492dca21dadb9ba8dd9
2025-07-11T08:27:46.113Z [info]: GET /api/reviews/book/686fa492dca21dadb9ba8dda
2025-07-11T08:27:46.115Z [info]: GET /api/reviews/book/686fa492dca21dadb9ba8ddb
2025-07-11T08:27:46.120Z [info]: GET /api/reviews/book/686fa492dca21dadb9ba8ddc
2025-07-11T08:27:46.123Z [info]: GET /api/reviews/book/686fa492dca21dadb9ba8ddd
2025-07-11T08:27:46.124Z [info]: GET /api/reviews/book/686fa492dca21dadb9ba8dde
2025-07-11T08:27:46.125Z [info]: GET /api/reviews/book/686fa492dca21dadb9ba8ddf
2025-07-11T08:27:46.126Z [info]: GET /api/reviews/book/686fa492dca21dadb9ba8de0
2025-07-11T08:27:46.129Z [info]: GET /api/reviews/book/686fa492dca21dadb9ba8db5
2025-07-11T08:27:46.133Z [info]: GET /api/reviews/book/686fa492dca21dadb9ba8db4
2025-07-11T08:27:46.137Z [info]: GET /api/reviews/book/686fa492dca21dadb9ba8de3
2025-07-11T08:27:46.138Z [info]: GET /api/reviews/book/686fa492dca21dadb9ba8de4
2025-07-11T08:27:46.140Z [info]: GET /api/reviews/book/686fa492dca21dadb9ba8de5
2025-07-11T08:27:46.142Z [info]: GET /api/reviews/book/686fa492dca21dadb9ba8de6
2025-07-11T08:27:46.146Z [info]: GET /api/reviews/book/686fa492dca21dadb9ba8de7
2025-07-11T08:27:46.150Z [info]: GET /api/reviews/book/686fa492dca21dadb9ba8de8
2025-07-11T08:27:46.152Z [info]: GET /api/reviews/book/686fa492dca21dadb9ba8de9
2025-07-11T08:27:46.154Z [info]: GET /api/reviews/book/686fa492dca21dadb9ba8dea
2025-07-11T08:27:46.156Z [info]: GET /api/reviews/book/686fa492dca21dadb9ba8deb
2025-07-11T08:27:46.157Z [info]: GET /api/reviews/book/686fa492dca21dadb9ba8dec
2025-07-11T08:27:46.160Z [info]: GET /api/reviews/book/686fa492dca21dadb9ba8ded
2025-07-11T08:27:46.165Z [info]: GET /api/reviews/book/686fa492dca21dadb9ba8dee
2025-07-11T08:27:46.167Z [info]: GET /api/reviews/book/686fa492dca21dadb9ba8def
2025-07-11T08:27:46.168Z [info]: GET /api/reviews/book/686fa492dca21dadb9ba8df0
2025-07-11T08:27:46.170Z [info]: GET /api/reviews/book/686fa492dca21dadb9ba8df1
2025-07-11T08:27:46.171Z [info]: GET /api/reviews/book/686fa492dca21dadb9ba8df2
2025-07-11T08:27:46.174Z [info]: GET /api/reviews/book/686fa492dca21dadb9ba8df3
2025-07-11T08:27:46.178Z [info]: GET /api/reviews/book/686fa492dca21dadb9ba8df4
2025-07-11T08:27:46.179Z [info]: GET /api/reviews/book/686fa492dca21dadb9ba8df5
2025-07-11T08:27:46.182Z [info]: GET /api/reviews/book/686fa492dca21dadb9ba8df6
2025-07-11T08:27:46.184Z [info]: GET /api/reviews/book/686fa492dca21dadb9ba8df7
2025-07-11T08:27:46.186Z [info]: GET /api/reviews/book/686fa492dca21dadb9ba8df8
2025-07-11T08:27:46.190Z [info]: GET /api/reviews/book/686fa492dca21dadb9ba8df9
2025-07-11T08:27:46.198Z [info]: GET /api/reviews/book/686fa492dca21dadb9ba8dfa
2025-07-11T08:27:46.200Z [info]: GET /api/reviews/book/686fa492dca21dadb9ba8dfb
2025-07-11T08:27:46.203Z [info]: GET /api/reviews/book/686fa492dca21dadb9ba8dfc
2025-07-11T08:27:46.206Z [info]: GET /api/reviews/book/686fa492dca21dadb9ba8dfd
2025-07-11T08:27:46.209Z [info]: GET /api/reviews/book/686fa492dca21dadb9ba8dfe
2025-07-11T08:27:46.214Z [info]: GET /api/reviews/book/686fa492dca21dadb9ba8dff
2025-07-11T08:27:46.222Z [info]: GET /api/reviews/book/686fa492dca21dadb9ba8e00
2025-07-11T08:27:46.226Z [info]: GET /api/reviews/book/686fa492dca21dadb9ba8e01
2025-07-11T08:27:46.232Z [info]: GET /api/reviews/book/686fa492dca21dadb9ba8e02
2025-07-11T08:27:46.235Z [info]: GET /api/reviews/book/686fa492dca21dadb9ba8e03
2025-07-11T08:27:46.237Z [info]: GET /api/reviews/book/686fa492dca21dadb9ba8e04
2025-07-11T08:27:46.245Z [info]: GET /api/reviews/book/686fa492dca21dadb9ba8e05
2025-07-11T08:27:46.250Z [info]: GET /api/reviews/book/686fa492dca21dadb9ba8e06
2025-07-11T08:27:46.253Z [info]: GET /api/reviews/book/686fa492dca21dadb9ba8e07
2025-07-11T08:27:46.256Z [info]: GET /api/reviews/book/686fa492dca21dadb9ba8e08
2025-07-11T08:27:46.258Z [info]: GET /api/reviews/book/686fa492dca21dadb9ba8e09
2025-07-11T08:27:46.260Z [info]: GET /api/reviews/book/686fa492dca21dadb9ba8e0a
2025-07-11T08:27:46.264Z [info]: GET /api/reviews/book/686fa492dca21dadb9ba8e0b
2025-07-11T08:27:46.269Z [info]: GET /api/reviews/book/686fa492dca21dadb9ba8e0c
2025-07-11T08:27:46.272Z [info]: GET /api/reviews/book/686fa492dca21dadb9ba8de1
2025-07-11T08:27:46.274Z [info]: GET /api/reviews/book/686fa492dca21dadb9ba8de2
2025-07-11T08:28:07.161Z [info]: GET /api/reviews/book/686fa492dca21dadb9ba8daa
2025-07-11T08:28:07.166Z [info]: GET /api/reviews/book/686fa492dca21dadb9ba8db9
2025-07-11T08:28:07.177Z [info]: GET /api/reviews/book/686fa492dca21dadb9ba8dcb
2025-07-11T08:28:07.183Z [info]: GET /api/reviews/book/686fa492dca21dadb9ba8dd1
2025-07-11T08:28:07.193Z [info]: GET /api/reviews/book/686fa492dca21dadb9ba8e01
2025-07-11T08:28:07.506Z [info]: GET /api/reviews/book/686fa492dca21dadb9ba8da9
2025-07-11T08:28:07.514Z [info]: GET /api/reviews/book/686fa492dca21dadb9ba8dab
2025-07-11T08:28:07.518Z [info]: GET /api/reviews/book/686fa492dca21dadb9ba8daf
2025-07-11T08:28:07.522Z [info]: GET /api/reviews/book/686fa492dca21dadb9ba8db0
2025-07-11T08:28:07.525Z [info]: GET /api/reviews/book/686fa492dca21dadb9ba8db2
2025-07-11T08:28:07.528Z [info]: GET /api/reviews/book/686fa492dca21dadb9ba8db3
2025-07-11T08:28:07.530Z [info]: GET /api/reviews/book/686fa492dca21dadb9ba8dac
2025-07-11T08:28:07.533Z [info]: GET /api/reviews/book/686fa492dca21dadb9ba8db6
2025-07-11T08:28:07.536Z [info]: GET /api/reviews/book/686fa492dca21dadb9ba8db7
2025-07-11T08:28:07.539Z [info]: GET /api/reviews/book/686fa492dca21dadb9ba8db8
2025-07-11T08:28:07.543Z [info]: GET /api/reviews/book/686fa492dca21dadb9ba8dba
2025-07-11T08:28:07.546Z [info]: GET /api/reviews/book/686fa492dca21dadb9ba8dad
2025-07-11T08:28:07.549Z [info]: GET /api/reviews/book/686fa492dca21dadb9ba8dbb
2025-07-11T08:28:07.551Z [info]: GET /api/reviews/book/686fa492dca21dadb9ba8dbc
2025-07-11T08:28:07.555Z [info]: GET /api/reviews/book/686fa492dca21dadb9ba8dae
2025-07-11T08:28:07.560Z [info]: GET /api/reviews/book/686fa492dca21dadb9ba8db1
2025-07-11T08:28:07.563Z [info]: GET /api/reviews/book/686fa492dca21dadb9ba8dbd
2025-07-11T08:28:07.566Z [info]: GET /api/reviews/book/686fa492dca21dadb9ba8dbe
2025-07-11T08:28:07.569Z [info]: GET /api/reviews/book/686fa492dca21dadb9ba8dbf
2025-07-11T08:28:07.572Z [info]: GET /api/reviews/book/686fa492dca21dadb9ba8dc0
2025-07-11T08:28:07.574Z [info]: GET /api/reviews/book/686fa492dca21dadb9ba8dc1
2025-07-11T08:28:07.577Z [info]: GET /api/reviews/book/686fa492dca21dadb9ba8dc2
2025-07-11T08:28:07.580Z [info]: GET /api/reviews/book/686fa492dca21dadb9ba8dc3
2025-07-11T08:28:07.583Z [info]: GET /api/reviews/book/686fa492dca21dadb9ba8dc4
2025-07-11T08:28:07.585Z [info]: GET /api/reviews/book/686fa492dca21dadb9ba8dc5
2025-07-11T08:28:07.587Z [info]: GET /api/reviews/book/686fa492dca21dadb9ba8dc6
2025-07-11T08:28:07.589Z [info]: GET /api/reviews/book/686fa492dca21dadb9ba8dc7
2025-07-11T08:28:07.593Z [info]: GET /api/reviews/book/686fa492dca21dadb9ba8dc8
2025-07-11T08:28:07.596Z [info]: GET /api/reviews/book/686fa492dca21dadb9ba8dc9
2025-07-11T08:28:07.599Z [info]: GET /api/reviews/book/686fa492dca21dadb9ba8dca
2025-07-11T08:28:07.600Z [info]: GET /api/reviews/book/686fa492dca21dadb9ba8dcc
2025-07-11T08:28:07.602Z [info]: GET /api/reviews/book/686fa492dca21dadb9ba8dcd
2025-07-11T08:28:07.605Z [info]: GET /api/reviews/book/686fa492dca21dadb9ba8dce
2025-07-11T08:28:07.607Z [info]: GET /api/reviews/book/686fa492dca21dadb9ba8dcf
2025-07-11T08:28:07.610Z [info]: GET /api/reviews/book/686fa492dca21dadb9ba8dd0
2025-07-11T08:28:07.613Z [info]: GET /api/reviews/book/686fa492dca21dadb9ba8dd2
2025-07-11T08:28:07.616Z [info]: GET /api/reviews/book/686fa492dca21dadb9ba8dd3
2025-07-11T08:28:07.617Z [info]: GET /api/reviews/book/686fa492dca21dadb9ba8dd4
2025-07-11T08:28:07.624Z [info]: GET /api/reviews/book/686fa492dca21dadb9ba8dd5
2025-07-11T08:28:07.630Z [info]: GET /api/reviews/book/686fa492dca21dadb9ba8dd6
2025-07-11T08:28:07.639Z [info]: GET /api/reviews/book/686fa492dca21dadb9ba8dd7
2025-07-11T08:28:07.644Z [info]: GET /api/reviews/book/686fa492dca21dadb9ba8dd8
2025-07-11T08:28:07.648Z [info]: GET /api/reviews/book/686fa492dca21dadb9ba8dd9
2025-07-11T08:28:07.650Z [info]: GET /api/reviews/book/686fa492dca21dadb9ba8dda
2025-07-11T08:28:07.653Z [info]: GET /api/reviews/book/686fa492dca21dadb9ba8ddb
2025-07-11T08:28:07.656Z [info]: GET /api/reviews/book/686fa492dca21dadb9ba8ddc
2025-07-11T08:28:07.662Z [info]: GET /api/reviews/book/686fa492dca21dadb9ba8ddd
2025-07-11T08:28:07.667Z [info]: GET /api/reviews/book/686fa492dca21dadb9ba8dde
2025-07-11T08:28:07.670Z [info]: GET /api/reviews/book/686fa492dca21dadb9ba8ddf
2025-07-11T08:28:07.673Z [info]: GET /api/reviews/book/686fa492dca21dadb9ba8de0
2025-07-11T08:28:07.675Z [info]: GET /api/reviews/book/686fa492dca21dadb9ba8db5
2025-07-11T08:28:07.678Z [info]: GET /api/reviews/book/686fa492dca21dadb9ba8db4
2025-07-11T08:28:07.681Z [info]: GET /api/reviews/book/686fa492dca21dadb9ba8de3
2025-07-11T08:28:07.684Z [info]: GET /api/reviews/book/686fa492dca21dadb9ba8de4
2025-07-11T08:28:07.687Z [info]: GET /api/reviews/book/686fa492dca21dadb9ba8de5
2025-07-11T08:28:07.689Z [info]: GET /api/reviews/book/686fa492dca21dadb9ba8de6
2025-07-11T08:28:07.691Z [info]: GET /api/reviews/book/686fa492dca21dadb9ba8de7
2025-07-11T08:28:07.694Z [info]: GET /api/reviews/book/686fa492dca21dadb9ba8de8
2025-07-11T08:28:07.697Z [info]: GET /api/reviews/book/686fa492dca21dadb9ba8de9
2025-07-11T08:28:07.699Z [info]: GET /api/reviews/book/686fa492dca21dadb9ba8dea
2025-07-11T08:28:07.703Z [info]: GET /api/reviews/book/686fa492dca21dadb9ba8deb
2025-07-11T08:28:07.707Z [info]: GET /api/reviews/book/686fa492dca21dadb9ba8dec
2025-07-11T08:28:07.709Z [info]: GET /api/reviews/book/686fa492dca21dadb9ba8ded
2025-07-11T08:28:07.712Z [info]: GET /api/reviews/book/686fa492dca21dadb9ba8dee
2025-07-11T08:28:07.714Z [info]: GET /api/reviews/book/686fa492dca21dadb9ba8def
2025-07-11T08:28:07.716Z [info]: GET /api/reviews/book/686fa492dca21dadb9ba8df0
2025-07-11T08:28:07.718Z [info]: GET /api/reviews/book/686fa492dca21dadb9ba8df1
2025-07-11T08:28:07.721Z [info]: GET /api/reviews/book/686fa492dca21dadb9ba8df2
2025-07-11T08:28:07.723Z [info]: GET /api/reviews/book/686fa492dca21dadb9ba8df3
2025-07-11T08:28:07.725Z [info]: GET /api/reviews/book/686fa492dca21dadb9ba8df4
2025-07-11T08:28:07.727Z [info]: GET /api/reviews/book/686fa492dca21dadb9ba8df5
2025-07-11T08:28:07.732Z [info]: GET /api/reviews/book/686fa492dca21dadb9ba8df6
2025-07-11T08:28:07.734Z [info]: GET /api/reviews/book/686fa492dca21dadb9ba8df7
2025-07-11T08:28:07.737Z [info]: GET /api/reviews/book/686fa492dca21dadb9ba8df8
2025-07-11T08:28:07.739Z [info]: GET /api/reviews/book/686fa492dca21dadb9ba8df9
2025-07-11T08:28:07.743Z [info]: GET /api/reviews/book/686fa492dca21dadb9ba8dfa
2025-07-11T08:28:07.745Z [info]: GET /api/reviews/book/686fa492dca21dadb9ba8dfb
2025-07-11T08:28:07.747Z [info]: GET /api/reviews/book/686fa492dca21dadb9ba8dfc
2025-07-11T08:28:07.749Z [info]: GET /api/reviews/book/686fa492dca21dadb9ba8dfd
2025-07-11T08:28:07.751Z [info]: GET /api/reviews/book/686fa492dca21dadb9ba8dfe
2025-07-11T08:28:07.753Z [info]: GET /api/reviews/book/686fa492dca21dadb9ba8dff
2025-07-11T08:28:07.756Z [info]: GET /api/reviews/book/686fa492dca21dadb9ba8e00
2025-07-11T08:28:07.759Z [info]: GET /api/reviews/book/686fa492dca21dadb9ba8e02
2025-07-11T08:28:07.763Z [info]: GET /api/reviews/book/686fa492dca21dadb9ba8e03
2025-07-11T08:28:07.765Z [info]: GET /api/reviews/book/686fa492dca21dadb9ba8e04
2025-07-11T08:28:07.770Z [info]: GET /api/reviews/book/686fa492dca21dadb9ba8e05
2025-07-11T08:28:07.771Z [info]: GET /api/reviews/book/686fa492dca21dadb9ba8e06
2025-07-11T08:28:07.775Z [info]: GET /api/reviews/book/686fa492dca21dadb9ba8e07
2025-07-11T08:28:07.777Z [info]: GET /api/reviews/book/686fa492dca21dadb9ba8e08
2025-07-11T08:28:07.781Z [info]: GET /api/reviews/book/686fa492dca21dadb9ba8e09
2025-07-11T08:28:07.783Z [info]: GET /api/reviews/book/686fa492dca21dadb9ba8e0a
2025-07-11T08:28:07.787Z [info]: GET /api/reviews/book/686fa492dca21dadb9ba8e0b
2025-07-11T08:28:07.789Z [info]: GET /api/reviews/book/686fa492dca21dadb9ba8e0c
2025-07-11T08:28:07.795Z [info]: GET /api/reviews/book/686fa492dca21dadb9ba8de1
2025-07-11T08:28:07.797Z [info]: GET /api/reviews/book/686fa492dca21dadb9ba8de2
2025-07-11T08:28:55.877Z [info]: GET /api/reviews/book/686fa492dca21dadb9ba8db3
2025-07-11T08:28:55.879Z [info]: GET /api/reviews/book/686fa492dca21dadb9ba8dc1
2025-07-11T08:28:55.881Z [info]: GET /api/reviews/book/686fa492dca21dadb9ba8ddd
2025-07-11T08:28:55.884Z [info]: GET /api/reviews/book/686fa492dca21dadb9ba8de6
2025-07-11T08:28:55.886Z [info]: GET /api/reviews/book/686fa492dca21dadb9ba8e00
2025-07-11T08:28:56.153Z [info]: GET /api/reviews/book/686fa492dca21dadb9ba8da9
2025-07-11T08:28:56.155Z [info]: GET /api/reviews/book/686fa492dca21dadb9ba8daa
2025-07-11T08:28:56.158Z [info]: GET /api/reviews/book/686fa492dca21dadb9ba8dab
2025-07-11T08:28:56.162Z [info]: GET /api/reviews/book/686fa492dca21dadb9ba8daf
2025-07-11T08:28:56.165Z [info]: GET /api/reviews/book/686fa492dca21dadb9ba8db0
2025-07-11T08:28:56.168Z [info]: GET /api/reviews/book/686fa492dca21dadb9ba8db2
2025-07-11T08:28:56.172Z [info]: GET /api/reviews/book/686fa492dca21dadb9ba8dac
2025-07-11T08:28:56.174Z [info]: GET /api/reviews/book/686fa492dca21dadb9ba8db6
2025-07-11T08:28:56.176Z [info]: GET /api/reviews/book/686fa492dca21dadb9ba8db7
2025-07-11T08:28:56.181Z [info]: GET /api/reviews/book/686fa492dca21dadb9ba8db8
2025-07-11T08:28:56.183Z [info]: GET /api/reviews/book/686fa492dca21dadb9ba8db9
2025-07-11T08:28:56.186Z [info]: GET /api/reviews/book/686fa492dca21dadb9ba8dba
2025-07-11T08:28:56.187Z [info]: GET /api/reviews/book/686fa492dca21dadb9ba8dbb
2025-07-11T08:28:56.191Z [info]: GET /api/reviews/book/686fa492dca21dadb9ba8dad
2025-07-11T08:28:56.195Z [info]: GET /api/reviews/book/686fa492dca21dadb9ba8dbc
2025-07-11T08:28:56.201Z [info]: GET /api/reviews/book/686fa492dca21dadb9ba8dae
2025-07-11T08:28:56.204Z [info]: GET /api/reviews/book/686fa492dca21dadb9ba8db1
2025-07-11T08:28:56.206Z [info]: GET /api/reviews/book/686fa492dca21dadb9ba8dbd
2025-07-11T08:28:56.208Z [info]: GET /api/reviews/book/686fa492dca21dadb9ba8dbe
2025-07-11T08:28:56.210Z [info]: GET /api/reviews/book/686fa492dca21dadb9ba8dbf
2025-07-11T08:28:56.212Z [info]: GET /api/reviews/book/686fa492dca21dadb9ba8dc0
2025-07-11T08:28:56.220Z [info]: GET /api/reviews/book/686fa492dca21dadb9ba8dc2
2025-07-11T08:28:56.223Z [info]: GET /api/reviews/book/686fa492dca21dadb9ba8dc3
2025-07-11T08:28:56.225Z [info]: GET /api/reviews/book/686fa492dca21dadb9ba8dc4
2025-07-11T08:28:56.228Z [info]: GET /api/reviews/book/686fa492dca21dadb9ba8dc5
2025-07-11T08:28:56.230Z [info]: GET /api/reviews/book/686fa492dca21dadb9ba8dc6
2025-07-11T08:28:56.232Z [info]: GET /api/reviews/book/686fa492dca21dadb9ba8dc7
2025-07-11T08:28:56.239Z [info]: GET /api/reviews/book/686fa492dca21dadb9ba8dc8
2025-07-11T08:28:56.242Z [info]: GET /api/reviews/book/686fa492dca21dadb9ba8dc9
2025-07-11T08:28:56.243Z [info]: GET /api/reviews/book/686fa492dca21dadb9ba8dca
2025-07-11T08:28:56.244Z [info]: GET /api/reviews/book/686fa492dca21dadb9ba8dcb
2025-07-11T08:28:56.245Z [info]: GET /api/reviews/book/686fa492dca21dadb9ba8dcc
2025-07-11T08:28:56.248Z [info]: GET /api/reviews/book/686fa492dca21dadb9ba8dcd
2025-07-11T08:28:56.259Z [info]: GET /api/reviews/book/686fa492dca21dadb9ba8dce
2025-07-11T08:28:56.263Z [info]: GET /api/reviews/book/686fa492dca21dadb9ba8dcf
2025-07-11T08:28:56.265Z [info]: GET /api/reviews/book/686fa492dca21dadb9ba8dd0
2025-07-11T08:28:56.267Z [info]: GET /api/reviews/book/686fa492dca21dadb9ba8dd1
2025-07-11T08:28:56.268Z [info]: GET /api/reviews/book/686fa492dca21dadb9ba8dd2
2025-07-11T08:28:56.269Z [info]: GET /api/reviews/book/686fa492dca21dadb9ba8dd3
2025-07-11T08:28:56.275Z [info]: GET /api/reviews/book/686fa492dca21dadb9ba8dd4
2025-07-11T08:28:56.276Z [info]: GET /api/reviews/book/686fa492dca21dadb9ba8dd5
2025-07-11T08:28:56.278Z [info]: GET /api/reviews/book/686fa492dca21dadb9ba8dd6
2025-07-11T08:28:56.279Z [info]: GET /api/reviews/book/686fa492dca21dadb9ba8dd7
2025-07-11T08:28:56.280Z [info]: GET /api/reviews/book/686fa492dca21dadb9ba8dd8
2025-07-11T08:28:56.282Z [info]: GET /api/reviews/book/686fa492dca21dadb9ba8dd9
2025-07-11T08:28:56.291Z [info]: GET /api/reviews/book/686fa492dca21dadb9ba8dda
2025-07-11T08:28:56.293Z [info]: GET /api/reviews/book/686fa492dca21dadb9ba8ddb
2025-07-11T08:28:56.295Z [info]: GET /api/reviews/book/686fa492dca21dadb9ba8ddc
2025-07-11T08:28:56.296Z [info]: GET /api/reviews/book/686fa492dca21dadb9ba8dde
2025-07-11T08:28:56.298Z [info]: GET /api/reviews/book/686fa492dca21dadb9ba8ddf
2025-07-11T08:28:56.300Z [info]: GET /api/reviews/book/686fa492dca21dadb9ba8de0
2025-07-11T08:28:56.308Z [info]: GET /api/reviews/book/686fa492dca21dadb9ba8db5
2025-07-11T08:28:56.312Z [info]: GET /api/reviews/book/686fa492dca21dadb9ba8db4
2025-07-11T08:28:56.314Z [info]: GET /api/reviews/book/686fa492dca21dadb9ba8de3
2025-07-11T08:28:56.317Z [info]: GET /api/reviews/book/686fa492dca21dadb9ba8de4
2025-07-11T08:28:56.321Z [info]: GET /api/reviews/book/686fa492dca21dadb9ba8de5
2025-07-11T08:28:56.323Z [info]: GET /api/reviews/book/686fa492dca21dadb9ba8de7
2025-07-11T08:28:56.332Z [info]: GET /api/reviews/book/686fa492dca21dadb9ba8de8
2025-07-11T08:28:56.335Z [info]: GET /api/reviews/book/686fa492dca21dadb9ba8de9
2025-07-11T08:28:56.336Z [info]: GET /api/reviews/book/686fa492dca21dadb9ba8dea
2025-07-11T08:28:56.346Z [info]: GET /api/reviews/book/686fa492dca21dadb9ba8deb
2025-07-11T08:28:56.350Z [info]: GET /api/reviews/book/686fa492dca21dadb9ba8dec
2025-07-11T08:28:56.353Z [info]: GET /api/reviews/book/686fa492dca21dadb9ba8ded
2025-07-11T08:28:56.368Z [info]: GET /api/reviews/book/686fa492dca21dadb9ba8dee
2025-07-11T08:28:56.371Z [info]: GET /api/reviews/book/686fa492dca21dadb9ba8def
2025-07-11T08:28:56.373Z [info]: GET /api/reviews/book/686fa492dca21dadb9ba8df0
2025-07-11T08:28:56.374Z [info]: GET /api/reviews/book/686fa492dca21dadb9ba8df1
2025-07-11T08:28:56.376Z [info]: GET /api/reviews/book/686fa492dca21dadb9ba8df2
2025-07-11T08:28:56.379Z [info]: GET /api/reviews/book/686fa492dca21dadb9ba8df3
2025-07-11T08:28:56.391Z [info]: GET /api/reviews/book/686fa492dca21dadb9ba8df4
2025-07-11T08:28:56.393Z [info]: GET /api/reviews/book/686fa492dca21dadb9ba8df5
2025-07-11T08:28:56.395Z [info]: GET /api/reviews/book/686fa492dca21dadb9ba8df6
2025-07-11T08:28:56.397Z [info]: GET /api/reviews/book/686fa492dca21dadb9ba8df7
2025-07-11T08:28:56.400Z [info]: GET /api/reviews/book/686fa492dca21dadb9ba8df8
2025-07-11T08:28:56.401Z [info]: GET /api/reviews/book/686fa492dca21dadb9ba8df9
2025-07-11T08:28:56.409Z [info]: GET /api/reviews/book/686fa492dca21dadb9ba8dfa
2025-07-11T08:28:56.412Z [info]: GET /api/reviews/book/686fa492dca21dadb9ba8dfb
2025-07-11T08:28:56.415Z [info]: GET /api/reviews/book/686fa492dca21dadb9ba8dfc
2025-07-11T08:28:56.429Z [info]: GET /api/reviews/book/686fa492dca21dadb9ba8dfd
2025-07-11T08:28:56.431Z [info]: GET /api/reviews/book/686fa492dca21dadb9ba8dfe
2025-07-11T08:28:56.435Z [info]: GET /api/reviews/book/686fa492dca21dadb9ba8dff
2025-07-11T08:28:56.441Z [info]: GET /api/reviews/book/686fa492dca21dadb9ba8e01
2025-07-11T08:28:56.444Z [info]: GET /api/reviews/book/686fa492dca21dadb9ba8e02
2025-07-11T08:28:56.446Z [info]: GET /api/reviews/book/686fa492dca21dadb9ba8e03
2025-07-11T08:28:56.448Z [info]: GET /api/reviews/book/686fa492dca21dadb9ba8e04
2025-07-11T08:28:56.450Z [info]: GET /api/reviews/book/686fa492dca21dadb9ba8e05
2025-07-11T08:28:56.451Z [info]: GET /api/reviews/book/686fa492dca21dadb9ba8e06
2025-07-11T08:28:56.455Z [info]: GET /api/reviews/book/686fa492dca21dadb9ba8e07
2025-07-11T08:28:56.457Z [info]: GET /api/reviews/book/686fa492dca21dadb9ba8e08
2025-07-11T08:28:56.459Z [info]: GET /api/reviews/book/686fa492dca21dadb9ba8e09
2025-07-11T08:28:56.460Z [info]: GET /api/reviews/book/686fa492dca21dadb9ba8e0a
2025-07-11T08:28:56.462Z [info]: GET /api/reviews/book/686fa492dca21dadb9ba8e0b
2025-07-11T08:28:56.465Z [info]: GET /api/reviews/book/686fa492dca21dadb9ba8e0c
2025-07-11T08:28:56.473Z [info]: GET /api/reviews/book/686fa492dca21dadb9ba8de1
2025-07-11T08:28:56.479Z [info]: GET /api/reviews/book/686fa492dca21dadb9ba8de2
2025-07-11T08:29:01.788Z [info]: GET /api/reviews/book/686fa492dca21dadb9ba8da9
2025-07-11T08:29:01.791Z [info]: GET /api/reviews/book/686fa492dca21dadb9ba8daa
2025-07-11T08:29:01.801Z [info]: GET /api/reviews/book/686fa492dca21dadb9ba8dab
2025-07-11T08:29:01.804Z [info]: GET /api/reviews/book/686fa492dca21dadb9ba8daf
2025-07-11T08:29:01.807Z [info]: GET /api/reviews/book/686fa492dca21dadb9ba8db0
2025-07-11T08:29:01.810Z [info]: GET /api/reviews/book/686fa492dca21dadb9ba8db2
2025-07-11T08:29:01.813Z [info]: GET /api/reviews/book/686fa492dca21dadb9ba8db3
2025-07-11T08:29:01.815Z [info]: GET /api/reviews/book/686fa492dca21dadb9ba8dac
2025-07-11T08:29:01.819Z [info]: GET /api/reviews/book/686fa492dca21dadb9ba8db6
2025-07-11T08:29:01.823Z [info]: GET /api/reviews/book/686fa492dca21dadb9ba8db7
2025-07-11T08:29:01.825Z [info]: GET /api/reviews/book/686fa492dca21dadb9ba8db8
2025-07-11T08:29:01.828Z [info]: GET /api/reviews/book/686fa492dca21dadb9ba8db9
2025-07-11T08:29:01.832Z [info]: GET /api/reviews/book/686fa492dca21dadb9ba8dba
2025-07-11T08:29:01.835Z [info]: GET /api/reviews/book/686fa492dca21dadb9ba8dad
2025-07-11T08:29:01.837Z [info]: GET /api/reviews/book/686fa492dca21dadb9ba8dbb
2025-07-11T08:29:01.840Z [info]: GET /api/reviews/book/686fa492dca21dadb9ba8dbc
2025-07-11T08:29:01.849Z [info]: GET /api/reviews/book/686fa492dca21dadb9ba8dae
2025-07-11T08:29:01.852Z [info]: GET /api/reviews/book/686fa492dca21dadb9ba8db1
2025-07-11T08:29:01.854Z [info]: GET /api/reviews/book/686fa492dca21dadb9ba8dbd
2025-07-11T08:29:01.856Z [info]: GET /api/reviews/book/686fa492dca21dadb9ba8dbe
2025-07-11T08:29:01.857Z [info]: GET /api/reviews/book/686fa492dca21dadb9ba8dbf
2025-07-11T08:29:01.862Z [info]: GET /api/reviews/book/686fa492dca21dadb9ba8dc0
2025-07-11T08:29:01.867Z [info]: GET /api/reviews/book/686fa492dca21dadb9ba8dc1
2025-07-11T08:29:01.870Z [info]: GET /api/reviews/book/686fa492dca21dadb9ba8dc2
2025-07-11T08:29:01.872Z [info]: GET /api/reviews/book/686fa492dca21dadb9ba8dc3
2025-07-11T08:29:01.873Z [info]: GET /api/reviews/book/686fa492dca21dadb9ba8dc4
2025-07-11T08:29:01.875Z [info]: GET /api/reviews/book/686fa492dca21dadb9ba8dc5
2025-07-11T08:29:01.878Z [info]: GET /api/reviews/book/686fa492dca21dadb9ba8dc6
2025-07-11T08:29:01.886Z [info]: GET /api/reviews/book/686fa492dca21dadb9ba8dc7
2025-07-11T08:29:01.888Z [info]: GET /api/reviews/book/686fa492dca21dadb9ba8dc8
2025-07-11T08:29:01.892Z [info]: GET /api/reviews/book/686fa492dca21dadb9ba8dc9
2025-07-11T08:29:01.895Z [info]: GET /api/reviews/book/686fa492dca21dadb9ba8dca
2025-07-11T08:29:01.898Z [info]: GET /api/reviews/book/686fa492dca21dadb9ba8dcb
2025-07-11T08:29:01.902Z [info]: GET /api/reviews/book/686fa492dca21dadb9ba8dcc
2025-07-11T08:29:01.908Z [info]: GET /api/reviews/book/686fa492dca21dadb9ba8dcd
2025-07-11T08:29:01.921Z [info]: GET /api/reviews/book/686fa492dca21dadb9ba8dce
2025-07-11T08:29:01.927Z [info]: GET /api/reviews/book/686fa492dca21dadb9ba8dcf
2025-07-11T08:29:01.929Z [info]: GET /api/reviews/book/686fa492dca21dadb9ba8dd0
2025-07-11T08:29:01.931Z [info]: GET /api/reviews/book/686fa492dca21dadb9ba8dd1
2025-07-11T08:29:01.936Z [info]: GET /api/reviews/book/686fa492dca21dadb9ba8dd2
2025-07-11T08:29:01.946Z [info]: GET /api/reviews/book/686fa492dca21dadb9ba8dd3
2025-07-11T08:29:01.949Z [info]: GET /api/reviews/book/686fa492dca21dadb9ba8dd4
2025-07-11T08:29:01.952Z [info]: GET /api/reviews/book/686fa492dca21dadb9ba8dd5
2025-07-11T08:29:01.954Z [info]: GET /api/reviews/book/686fa492dca21dadb9ba8dd6
2025-07-11T08:29:01.955Z [info]: GET /api/reviews/book/686fa492dca21dadb9ba8dd7
2025-07-11T08:29:01.958Z [info]: GET /api/reviews/book/686fa492dca21dadb9ba8dd8
2025-07-11T08:29:01.962Z [info]: GET /api/reviews/book/686fa492dca21dadb9ba8dd9
2025-07-11T08:29:01.963Z [info]: GET /api/reviews/book/686fa492dca21dadb9ba8dda
2025-07-11T08:29:01.965Z [info]: GET /api/reviews/book/686fa492dca21dadb9ba8ddb
2025-07-11T08:29:01.967Z [info]: GET /api/reviews/book/686fa492dca21dadb9ba8ddc
2025-07-11T08:29:01.968Z [info]: GET /api/reviews/book/686fa492dca21dadb9ba8ddd
2025-07-11T08:29:01.972Z [info]: GET /api/reviews/book/686fa492dca21dadb9ba8dde
2025-07-11T08:29:01.976Z [info]: GET /api/reviews/book/686fa492dca21dadb9ba8ddf
2025-07-11T08:29:01.978Z [info]: GET /api/reviews/book/686fa492dca21dadb9ba8de0
2025-07-11T08:29:01.980Z [info]: GET /api/reviews/book/686fa492dca21dadb9ba8db5
2025-07-11T08:29:01.982Z [info]: GET /api/reviews/book/686fa492dca21dadb9ba8db4
2025-07-11T08:29:01.983Z [info]: GET /api/reviews/book/686fa492dca21dadb9ba8de3
2025-07-11T08:29:01.986Z [info]: GET /api/reviews/book/686fa492dca21dadb9ba8de4
2025-07-11T08:29:01.991Z [info]: GET /api/reviews/book/686fa492dca21dadb9ba8de5
2025-07-11T08:29:01.994Z [info]: GET /api/reviews/book/686fa492dca21dadb9ba8de6
2025-07-11T08:29:01.997Z [info]: GET /api/reviews/book/686fa492dca21dadb9ba8de7
2025-07-11T08:29:01.999Z [info]: GET /api/reviews/book/686fa492dca21dadb9ba8de8
2025-07-11T08:29:02.000Z [info]: GET /api/reviews/book/686fa492dca21dadb9ba8de9
2025-07-11T08:29:02.005Z [info]: GET /api/reviews/book/686fa492dca21dadb9ba8dea
2025-07-11T08:29:02.012Z [info]: GET /api/reviews/book/686fa492dca21dadb9ba8deb
2025-07-11T08:29:02.014Z [info]: GET /api/reviews/book/686fa492dca21dadb9ba8dec
2025-07-11T08:29:02.018Z [info]: GET /api/reviews/book/686fa492dca21dadb9ba8ded
2025-07-11T08:29:02.021Z [info]: GET /api/reviews/book/686fa492dca21dadb9ba8dee
2025-07-11T08:29:02.023Z [info]: GET /api/reviews/book/686fa492dca21dadb9ba8def
2025-07-11T08:29:02.027Z [info]: GET /api/reviews/book/686fa492dca21dadb9ba8df0
2025-07-11T08:29:02.034Z [info]: GET /api/reviews/book/686fa492dca21dadb9ba8df1
2025-07-11T08:29:02.036Z [info]: GET /api/reviews/book/686fa492dca21dadb9ba8df2
2025-07-11T08:29:02.038Z [info]: GET /api/reviews/book/686fa492dca21dadb9ba8df3
2025-07-11T08:29:02.040Z [info]: GET /api/reviews/book/686fa492dca21dadb9ba8df4
2025-07-11T08:29:02.041Z [info]: GET /api/reviews/book/686fa492dca21dadb9ba8df5
2025-07-11T08:29:02.046Z [info]: GET /api/reviews/book/686fa492dca21dadb9ba8df6
2025-07-11T08:29:02.052Z [info]: GET /api/reviews/book/686fa492dca21dadb9ba8df7
2025-07-11T08:29:02.053Z [info]: GET /api/reviews/book/686fa492dca21dadb9ba8df8
2025-07-11T08:29:02.056Z [info]: GET /api/reviews/book/686fa492dca21dadb9ba8df9
2025-07-11T08:29:02.057Z [info]: GET /api/reviews/book/686fa492dca21dadb9ba8dfa
2025-07-11T08:29:02.060Z [info]: GET /api/reviews/book/686fa492dca21dadb9ba8dfb
2025-07-11T08:29:02.064Z [info]: GET /api/reviews/book/686fa492dca21dadb9ba8dfc
2025-07-11T08:29:02.068Z [info]: GET /api/reviews/book/686fa492dca21dadb9ba8dfd
2025-07-11T08:29:02.070Z [info]: GET /api/reviews/book/686fa492dca21dadb9ba8dfe
2025-07-11T08:29:02.074Z [info]: GET /api/reviews/book/686fa492dca21dadb9ba8dff
2025-07-11T08:29:02.076Z [info]: GET /api/reviews/book/686fa492dca21dadb9ba8e00
2025-07-11T08:29:02.078Z [info]: GET /api/reviews/book/686fa492dca21dadb9ba8e01
2025-07-11T08:29:02.082Z [info]: GET /api/reviews/book/686fa492dca21dadb9ba8e02
2025-07-11T08:29:02.088Z [info]: GET /api/reviews/book/686fa492dca21dadb9ba8e03
2025-07-11T08:29:02.090Z [info]: GET /api/reviews/book/686fa492dca21dadb9ba8e04
2025-07-11T08:29:02.092Z [info]: GET /api/reviews/book/686fa492dca21dadb9ba8e05
2025-07-11T08:29:02.095Z [info]: GET /api/reviews/book/686fa492dca21dadb9ba8e06
2025-07-11T08:29:02.097Z [info]: GET /api/reviews/book/686fa492dca21dadb9ba8e07
2025-07-11T08:29:02.102Z [info]: GET /api/reviews/book/686fa492dca21dadb9ba8e08
2025-07-11T08:29:02.108Z [info]: GET /api/reviews/book/686fa492dca21dadb9ba8e09
2025-07-11T08:29:02.112Z [info]: GET /api/reviews/book/686fa492dca21dadb9ba8e0a
2025-07-11T08:29:02.115Z [info]: GET /api/reviews/book/686fa492dca21dadb9ba8e0b
2025-07-11T08:29:02.117Z [info]: GET /api/reviews/book/686fa492dca21dadb9ba8e0c
2025-07-11T08:29:02.119Z [info]: GET /api/reviews/book/686fa492dca21dadb9ba8de1
2025-07-11T08:29:02.121Z [info]: GET /api/reviews/book/686fa492dca21dadb9ba8de2
2025-07-11T08:29:54.978Z [info]: GET /api/reviews/book/686fa492dca21dadb9ba8db2
2025-07-11T08:29:54.980Z [info]: GET /api/reviews/book/686fa492dca21dadb9ba8dcc
2025-07-11T08:29:54.983Z [info]: GET /api/reviews/book/686fa492dca21dadb9ba8dcd
2025-07-11T08:29:54.987Z [info]: GET /api/reviews/book/686fa492dca21dadb9ba8de0
2025-07-11T08:29:54.997Z [info]: GET /api/reviews/book/686fa492dca21dadb9ba8db4
2025-07-11T08:29:55.000Z [info]: GET /api/reviews/book/686fa492dca21dadb9ba8de4
2025-07-11T08:29:55.006Z [info]: GET /api/reviews/book/686fa492dca21dadb9ba8df3
2025-07-11T08:29:55.009Z [info]: GET /api/reviews/book/686fa492dca21dadb9ba8df8
2025-07-11T08:29:55.013Z [info]: GET /api/reviews/book/686fa492dca21dadb9ba8df9
2025-07-11T08:29:55.022Z [info]: GET /api/reviews/book/686fa492dca21dadb9ba8e0a
2025-07-11T08:30:16.887Z [info]: GET /api/reviews/book/686fa492dca21dadb9ba8df8
2025-07-11T08:30:35.863Z [info]: GET /api/reviews/book/686fa492dca21dadb9ba8da9
2025-07-11T08:30:35.866Z [info]: GET /api/reviews/book/686fa492dca21dadb9ba8daa
2025-07-11T08:30:35.876Z [info]: GET /api/reviews/book/686fa492dca21dadb9ba8dab
2025-07-11T08:30:35.881Z [info]: GET /api/reviews/book/686fa492dca21dadb9ba8daf
2025-07-11T08:30:35.884Z [info]: GET /api/reviews/book/686fa492dca21dadb9ba8db0
2025-07-11T08:30:35.890Z [info]: GET /api/reviews/book/686fa492dca21dadb9ba8db2
2025-07-11T08:30:35.895Z [info]: GET /api/reviews/book/686fa492dca21dadb9ba8db3
2025-07-11T08:30:35.905Z [info]: GET /api/reviews/book/686fa492dca21dadb9ba8dac
2025-07-11T08:30:35.907Z [info]: GET /api/reviews/book/686fa492dca21dadb9ba8db6
2025-07-11T08:30:35.912Z [info]: GET /api/reviews/book/686fa492dca21dadb9ba8db7
2025-07-11T08:30:35.915Z [info]: GET /api/reviews/book/686fa492dca21dadb9ba8db8
2025-07-11T08:30:35.917Z [info]: GET /api/reviews/book/686fa492dca21dadb9ba8db9
2025-07-11T08:30:35.920Z [info]: GET /api/reviews/book/686fa492dca21dadb9ba8dba
2025-07-11T08:30:35.928Z [info]: GET /api/reviews/book/686fa492dca21dadb9ba8dad
2025-07-11T08:30:35.938Z [info]: GET /api/reviews/book/686fa492dca21dadb9ba8dbb
2025-07-11T08:30:35.949Z [info]: GET /api/reviews/book/686fa492dca21dadb9ba8dbc
2025-07-11T08:30:35.954Z [info]: GET /api/reviews/book/686fa492dca21dadb9ba8dae
2025-07-11T08:30:35.956Z [info]: GET /api/reviews/book/686fa492dca21dadb9ba8db1
2025-07-11T08:30:35.959Z [info]: GET /api/reviews/book/686fa492dca21dadb9ba8dbd
2025-07-11T08:30:35.963Z [info]: GET /api/reviews/book/686fa492dca21dadb9ba8dbe
2025-07-11T08:30:35.975Z [info]: GET /api/reviews/book/686fa492dca21dadb9ba8dbf
2025-07-11T08:30:35.980Z [info]: GET /api/reviews/book/686fa492dca21dadb9ba8dc0
2025-07-11T08:30:35.983Z [info]: GET /api/reviews/book/686fa492dca21dadb9ba8dc1
2025-07-11T08:30:35.985Z [info]: GET /api/reviews/book/686fa492dca21dadb9ba8dc2
2025-07-11T08:30:35.988Z [info]: GET /api/reviews/book/686fa492dca21dadb9ba8dc3
2025-07-11T08:30:35.992Z [info]: GET /api/reviews/book/686fa492dca21dadb9ba8dc4
2025-07-11T08:30:35.998Z [info]: GET /api/reviews/book/686fa492dca21dadb9ba8dc5
2025-07-11T08:30:36.001Z [info]: GET /api/reviews/book/686fa492dca21dadb9ba8dc6
2025-07-11T08:30:36.003Z [info]: GET /api/reviews/book/686fa492dca21dadb9ba8dc7
2025-07-11T08:30:36.005Z [info]: GET /api/reviews/book/686fa492dca21dadb9ba8dc8
2025-07-11T08:30:36.007Z [info]: GET /api/reviews/book/686fa492dca21dadb9ba8dc9
2025-07-11T08:30:36.010Z [info]: GET /api/reviews/book/686fa492dca21dadb9ba8dca
2025-07-11T08:30:36.018Z [info]: GET /api/reviews/book/686fa492dca21dadb9ba8dcb
2025-07-11T08:30:36.021Z [info]: GET /api/reviews/book/686fa492dca21dadb9ba8dcc
2025-07-11T08:30:36.023Z [info]: GET /api/reviews/book/686fa492dca21dadb9ba8dcd
2025-07-11T08:30:36.025Z [info]: GET /api/reviews/book/686fa492dca21dadb9ba8dce
2025-07-11T08:30:36.027Z [info]: GET /api/reviews/book/686fa492dca21dadb9ba8dcf
2025-07-11T08:30:36.030Z [info]: GET /api/reviews/book/686fa492dca21dadb9ba8dd0
2025-07-11T08:30:36.035Z [info]: GET /api/reviews/book/686fa492dca21dadb9ba8dd1
2025-07-11T08:30:36.039Z [info]: GET /api/reviews/book/686fa492dca21dadb9ba8dd2
2025-07-11T08:30:36.042Z [info]: GET /api/reviews/book/686fa492dca21dadb9ba8dd3
2025-07-11T08:30:36.045Z [info]: GET /api/reviews/book/686fa492dca21dadb9ba8dd4
2025-07-11T08:30:36.047Z [info]: GET /api/reviews/book/686fa492dca21dadb9ba8dd5
2025-07-11T08:30:36.050Z [info]: GET /api/reviews/book/686fa492dca21dadb9ba8dd6
2025-07-11T08:30:36.064Z [info]: GET /api/reviews/book/686fa492dca21dadb9ba8dd7
2025-07-11T08:30:36.069Z [info]: GET /api/reviews/book/686fa492dca21dadb9ba8dd8
2025-07-11T08:30:36.071Z [info]: GET /api/reviews/book/686fa492dca21dadb9ba8dd9
2025-07-11T08:30:36.074Z [info]: GET /api/reviews/book/686fa492dca21dadb9ba8dda
2025-07-11T08:30:36.076Z [info]: GET /api/reviews/book/686fa492dca21dadb9ba8ddb
2025-07-11T08:30:36.079Z [info]: GET /api/reviews/book/686fa492dca21dadb9ba8ddc
2025-07-11T08:30:36.086Z [info]: GET /api/reviews/book/686fa492dca21dadb9ba8ddd
2025-07-11T08:30:36.089Z [info]: GET /api/reviews/book/686fa492dca21dadb9ba8dde
2025-07-11T08:30:36.092Z [info]: GET /api/reviews/book/686fa492dca21dadb9ba8ddf
2025-07-11T08:30:36.094Z [info]: GET /api/reviews/book/686fa492dca21dadb9ba8de0
2025-07-11T08:30:36.096Z [info]: GET /api/reviews/book/686fa492dca21dadb9ba8db5
2025-07-11T08:30:36.100Z [info]: GET /api/reviews/book/686fa492dca21dadb9ba8db4
2025-07-11T08:30:36.108Z [info]: GET /api/reviews/book/686fa492dca21dadb9ba8de3
2025-07-11T08:30:36.111Z [info]: GET /api/reviews/book/686fa492dca21dadb9ba8de4
2025-07-11T08:30:36.114Z [info]: GET /api/reviews/book/686fa492dca21dadb9ba8de5
2025-07-11T08:30:36.116Z [info]: GET /api/reviews/book/686fa492dca21dadb9ba8de6
2025-07-11T08:30:36.118Z [info]: GET /api/reviews/book/686fa492dca21dadb9ba8de7
2025-07-11T08:30:36.122Z [info]: GET /api/reviews/book/686fa492dca21dadb9ba8de8
2025-07-11T08:30:36.133Z [info]: GET /api/reviews/book/686fa492dca21dadb9ba8de9
2025-07-11T08:30:36.136Z [info]: GET /api/reviews/book/686fa492dca21dadb9ba8dea
2025-07-11T08:30:36.137Z [info]: GET /api/reviews/book/686fa492dca21dadb9ba8deb
2025-07-11T08:30:36.141Z [info]: GET /api/reviews/book/686fa492dca21dadb9ba8dec
2025-07-11T08:30:36.143Z [info]: GET /api/reviews/book/686fa492dca21dadb9ba8ded
2025-07-11T08:30:36.147Z [info]: GET /api/reviews/book/686fa492dca21dadb9ba8dee
2025-07-11T08:30:36.152Z [info]: GET /api/reviews/book/686fa492dca21dadb9ba8def
2025-07-11T08:30:36.156Z [info]: GET /api/reviews/book/686fa492dca21dadb9ba8df0
2025-07-11T08:30:36.158Z [info]: GET /api/reviews/book/686fa492dca21dadb9ba8df1
2025-07-11T08:30:36.160Z [info]: GET /api/reviews/book/686fa492dca21dadb9ba8df2
2025-07-11T08:30:36.162Z [info]: GET /api/reviews/book/686fa492dca21dadb9ba8df3
2025-07-11T08:30:36.164Z [info]: GET /api/reviews/book/686fa492dca21dadb9ba8df4
2025-07-11T08:30:36.170Z [info]: GET /api/reviews/book/686fa492dca21dadb9ba8df5
2025-07-11T08:30:36.175Z [info]: GET /api/reviews/book/686fa492dca21dadb9ba8df6
2025-07-11T08:30:36.176Z [info]: GET /api/reviews/book/686fa492dca21dadb9ba8df7
2025-07-11T08:30:36.178Z [info]: GET /api/reviews/book/686fa492dca21dadb9ba8df8
2025-07-11T08:30:36.180Z [info]: GET /api/reviews/book/686fa492dca21dadb9ba8df9
2025-07-11T08:30:36.182Z [info]: GET /api/reviews/book/686fa492dca21dadb9ba8dfa
2025-07-11T08:30:36.187Z [info]: GET /api/reviews/book/686fa492dca21dadb9ba8dfb
2025-07-11T08:30:36.191Z [info]: GET /api/reviews/book/686fa492dca21dadb9ba8dfc
2025-07-11T08:30:36.193Z [info]: GET /api/reviews/book/686fa492dca21dadb9ba8dfd
2025-07-11T08:30:36.195Z [info]: GET /api/reviews/book/686fa492dca21dadb9ba8dfe
2025-07-11T08:30:36.196Z [info]: GET /api/reviews/book/686fa492dca21dadb9ba8dff
2025-07-11T08:30:36.199Z [info]: GET /api/reviews/book/686fa492dca21dadb9ba8e00
2025-07-11T08:30:36.206Z [info]: GET /api/reviews/book/686fa492dca21dadb9ba8e01
2025-07-11T08:30:36.212Z [info]: GET /api/reviews/book/686fa492dca21dadb9ba8e02
2025-07-11T08:30:36.214Z [info]: GET /api/reviews/book/686fa492dca21dadb9ba8e03
2025-07-11T08:30:36.215Z [info]: GET /api/reviews/book/686fa492dca21dadb9ba8e04
2025-07-11T08:30:36.217Z [info]: GET /api/reviews/book/686fa492dca21dadb9ba8e05
2025-07-11T08:30:36.220Z [info]: GET /api/reviews/book/686fa492dca21dadb9ba8e06
2025-07-11T08:30:36.231Z [info]: GET /api/reviews/book/686fa492dca21dadb9ba8e07
2025-07-11T08:30:36.237Z [info]: GET /api/reviews/book/686fa492dca21dadb9ba8e08
2025-07-11T08:30:36.239Z [info]: GET /api/reviews/book/686fa492dca21dadb9ba8e09
2025-07-11T08:30:36.242Z [info]: GET /api/reviews/book/686fa492dca21dadb9ba8e0a
2025-07-11T08:30:36.245Z [info]: GET /api/reviews/book/686fa492dca21dadb9ba8e0b
2025-07-11T08:30:36.251Z [info]: GET /api/reviews/book/686fa492dca21dadb9ba8e0c
2025-07-11T08:30:36.265Z [info]: GET /api/reviews/book/686fa492dca21dadb9ba8de1
2025-07-11T08:30:36.269Z [info]: GET /api/reviews/book/686fa492dca21dadb9ba8de2
2025-07-11T08:30:38.742Z [info]: GET /api/reviews/book/686fa492dca21dadb9ba8db2
2025-07-11T08:31:03.116Z [info]: GET /api/reviews/book/686fa492dca21dadb9ba8db2
2025-07-11T08:31:03.427Z [info]: GET /api/reviews/book/686fa492dca21dadb9ba8dfc
2025-07-11T08:31:23.566Z [info]: GET /api/reviews/book/686fa492dca21dadb9ba8dbf
2025-07-11T08:31:23.570Z [info]: GET /api/reviews/book/686fa492dca21dadb9ba8dfe
2025-07-11T08:31:23.578Z [info]: GET /api/reviews/book/686fa492dca21dadb9ba8e03
2025-07-11T08:31:23.580Z [info]: GET /api/reviews/book/686fa492dca21dadb9ba8dd1
2025-07-11T08:31:23.585Z [info]: GET /api/reviews/book/686fa492dca21dadb9ba8dac
2025-07-11T08:31:23.591Z [info]: GET /api/reviews/book/686fa492dca21dadb9ba8dda
2025-07-11T08:31:23.593Z [info]: GET /api/reviews/book/686fa492dca21dadb9ba8df2
2025-07-11T08:31:23.596Z [info]: GET /api/reviews/book/686fa492dca21dadb9ba8dfc
2025-07-11T08:31:23.601Z [info]: GET /api/reviews/book/686fa492dca21dadb9ba8dad
2025-07-11T08:31:23.609Z [info]: GET /api/reviews/book/686fa492dca21dadb9ba8de0
2025-07-11T08:31:23.613Z [info]: GET /api/reviews/book/686fa492dca21dadb9ba8db4
2025-07-11T08:31:23.617Z [info]: GET /api/reviews/book/686fa492dca21dadb9ba8de4
2025-07-11T08:31:30.309Z [info]: GET /api/reviews/book/686fa492dca21dadb9ba8da9
2025-07-11T08:31:30.318Z [info]: GET /api/reviews/book/686fa492dca21dadb9ba8daa
2025-07-11T08:31:30.324Z [info]: GET /api/reviews/book/686fa492dca21dadb9ba8dab
2025-07-11T08:31:30.331Z [info]: GET /api/reviews/book/686fa492dca21dadb9ba8daf
2025-07-11T08:31:30.334Z [info]: GET /api/reviews/book/686fa492dca21dadb9ba8db0
2025-07-11T08:31:30.336Z [info]: GET /api/reviews/book/686fa492dca21dadb9ba8db2
2025-07-11T08:31:30.340Z [info]: GET /api/reviews/book/686fa492dca21dadb9ba8db3
2025-07-11T08:31:30.344Z [info]: GET /api/reviews/book/686fa492dca21dadb9ba8dac
2025-07-11T08:31:30.351Z [info]: GET /api/reviews/book/686fa492dca21dadb9ba8db6
2025-07-11T08:31:30.357Z [info]: GET /api/reviews/book/686fa492dca21dadb9ba8db7
2025-07-11T08:31:30.359Z [info]: GET /api/reviews/book/686fa492dca21dadb9ba8db8
2025-07-11T08:31:30.363Z [info]: GET /api/reviews/book/686fa492dca21dadb9ba8db9
2025-07-11T08:31:30.374Z [info]: GET /api/reviews/book/686fa492dca21dadb9ba8dba
2025-07-11T08:31:30.378Z [info]: GET /api/reviews/book/686fa492dca21dadb9ba8dad
2025-07-11T08:31:30.388Z [info]: GET /api/reviews/book/686fa492dca21dadb9ba8dbb
2025-07-11T08:31:30.397Z [info]: GET /api/reviews/book/686fa492dca21dadb9ba8dbc
2025-07-11T08:31:30.402Z [info]: GET /api/reviews/book/686fa492dca21dadb9ba8dae
2025-07-11T08:31:30.407Z [info]: GET /api/reviews/book/686fa492dca21dadb9ba8db1
2025-07-11T08:31:30.413Z [info]: GET /api/reviews/book/686fa492dca21dadb9ba8dbd
2025-07-11T08:31:30.415Z [info]: GET /api/reviews/book/686fa492dca21dadb9ba8dbe
2025-07-11T08:31:30.419Z [info]: GET /api/reviews/book/686fa492dca21dadb9ba8dbf
2025-07-11T08:31:30.430Z [info]: GET /api/reviews/book/686fa492dca21dadb9ba8dc0
2025-07-11T08:31:30.435Z [info]: GET /api/reviews/book/686fa492dca21dadb9ba8dc1
2025-07-11T08:31:30.437Z [info]: GET /api/reviews/book/686fa492dca21dadb9ba8dc2
2025-07-11T08:31:30.440Z [info]: GET /api/reviews/book/686fa492dca21dadb9ba8dc3
2025-07-11T08:31:30.442Z [info]: GET /api/reviews/book/686fa492dca21dadb9ba8dc4
2025-07-11T08:31:30.446Z [info]: GET /api/reviews/book/686fa492dca21dadb9ba8dc5
2025-07-11T08:31:30.454Z [info]: GET /api/reviews/book/686fa492dca21dadb9ba8dc6
2025-07-11T08:31:30.458Z [info]: GET /api/reviews/book/686fa492dca21dadb9ba8dc7
2025-07-11T08:31:30.461Z [info]: GET /api/reviews/book/686fa492dca21dadb9ba8dc8
2025-07-11T08:31:30.464Z [info]: GET /api/reviews/book/686fa492dca21dadb9ba8dc9
2025-07-11T08:31:30.465Z [info]: GET /api/reviews/book/686fa492dca21dadb9ba8dca
2025-07-11T08:31:30.469Z [info]: GET /api/reviews/book/686fa492dca21dadb9ba8dcb
2025-07-11T08:31:30.480Z [info]: GET /api/reviews/book/686fa492dca21dadb9ba8dcc
2025-07-11T08:31:30.485Z [info]: GET /api/reviews/book/686fa492dca21dadb9ba8dcd
2025-07-11T08:31:30.487Z [info]: GET /api/reviews/book/686fa492dca21dadb9ba8dce
2025-07-11T08:31:30.488Z [info]: GET /api/reviews/book/686fa492dca21dadb9ba8dcf
2025-07-11T08:31:30.490Z [info]: GET /api/reviews/book/686fa492dca21dadb9ba8dd0
2025-07-11T08:31:30.494Z [info]: GET /api/reviews/book/686fa492dca21dadb9ba8dd1
2025-07-11T08:31:30.506Z [info]: GET /api/reviews/book/686fa492dca21dadb9ba8dd2
2025-07-11T08:31:30.510Z [info]: GET /api/reviews/book/686fa492dca21dadb9ba8dd3
2025-07-11T08:31:30.513Z [info]: GET /api/reviews/book/686fa492dca21dadb9ba8dd4
2025-07-11T08:31:30.514Z [info]: GET /api/reviews/book/686fa492dca21dadb9ba8dd5
2025-07-11T08:31:30.516Z [info]: GET /api/reviews/book/686fa492dca21dadb9ba8dd6
2025-07-11T08:31:30.520Z [info]: GET /api/reviews/book/686fa492dca21dadb9ba8dd7
2025-07-11T08:31:30.533Z [info]: GET /api/reviews/book/686fa492dca21dadb9ba8dd8
2025-07-11T08:31:30.538Z [info]: GET /api/reviews/book/686fa492dca21dadb9ba8dd9
2025-07-11T08:31:30.540Z [info]: GET /api/reviews/book/686fa492dca21dadb9ba8dda
2025-07-11T08:31:30.542Z [info]: GET /api/reviews/book/686fa492dca21dadb9ba8ddb
2025-07-11T08:31:30.544Z [info]: GET /api/reviews/book/686fa492dca21dadb9ba8ddc
2025-07-11T08:31:30.547Z [info]: GET /api/reviews/book/686fa492dca21dadb9ba8ddd
2025-07-11T08:31:30.555Z [info]: GET /api/reviews/book/686fa492dca21dadb9ba8dde
2025-07-11T08:31:30.559Z [info]: GET /api/reviews/book/686fa492dca21dadb9ba8ddf
2025-07-11T08:31:30.561Z [info]: GET /api/reviews/book/686fa492dca21dadb9ba8de0
2025-07-11T08:31:30.563Z [info]: GET /api/reviews/book/686fa492dca21dadb9ba8db5
2025-07-11T08:31:30.565Z [info]: GET /api/reviews/book/686fa492dca21dadb9ba8db4
2025-07-11T08:31:30.572Z [info]: GET /api/reviews/book/686fa492dca21dadb9ba8de3
2025-07-11T08:31:30.581Z [info]: GET /api/reviews/book/686fa492dca21dadb9ba8de4
2025-07-11T08:31:30.586Z [info]: GET /api/reviews/book/686fa492dca21dadb9ba8de5
2025-07-11T08:31:30.588Z [info]: GET /api/reviews/book/686fa492dca21dadb9ba8de6
2025-07-11T08:31:30.590Z [info]: GET /api/reviews/book/686fa492dca21dadb9ba8de7
2025-07-11T08:31:30.595Z [info]: GET /api/reviews/book/686fa492dca21dadb9ba8de8
2025-07-11T08:31:30.599Z [info]: GET /api/reviews/book/686fa492dca21dadb9ba8de9
2025-07-11T08:31:30.612Z [info]: GET /api/reviews/book/686fa492dca21dadb9ba8dea
2025-07-11T08:31:30.616Z [info]: GET /api/reviews/book/686fa492dca21dadb9ba8deb
2025-07-11T08:31:30.619Z [info]: GET /api/reviews/book/686fa492dca21dadb9ba8dec
2025-07-11T08:31:30.621Z [info]: GET /api/reviews/book/686fa492dca21dadb9ba8ded
2025-07-11T08:31:30.623Z [info]: GET /api/reviews/book/686fa492dca21dadb9ba8dee
2025-07-11T08:31:30.631Z [info]: GET /api/reviews/book/686fa492dca21dadb9ba8def
2025-07-11T08:31:30.637Z [info]: GET /api/reviews/book/686fa492dca21dadb9ba8df0
2025-07-11T08:31:30.641Z [info]: GET /api/reviews/book/686fa492dca21dadb9ba8df1
2025-07-11T08:31:30.646Z [info]: GET /api/reviews/book/686fa492dca21dadb9ba8df2
2025-07-11T08:31:30.648Z [info]: GET /api/reviews/book/686fa492dca21dadb9ba8df3
2025-07-11T08:31:30.650Z [info]: GET /api/reviews/book/686fa492dca21dadb9ba8df4
2025-07-11T08:31:30.652Z [info]: GET /api/reviews/book/686fa492dca21dadb9ba8df5
2025-07-11T08:31:30.663Z [info]: GET /api/reviews/book/686fa492dca21dadb9ba8df6
2025-07-11T08:31:30.668Z [info]: GET /api/reviews/book/686fa492dca21dadb9ba8df7
2025-07-11T08:31:30.670Z [info]: GET /api/reviews/book/686fa492dca21dadb9ba8df8
2025-07-11T08:31:30.673Z [info]: GET /api/reviews/book/686fa492dca21dadb9ba8df9
2025-07-11T08:31:30.676Z [info]: GET /api/reviews/book/686fa492dca21dadb9ba8dfa
2025-07-11T08:31:30.681Z [info]: GET /api/reviews/book/686fa492dca21dadb9ba8dfb
2025-07-11T08:31:30.688Z [info]: GET /api/reviews/book/686fa492dca21dadb9ba8dfc
2025-07-11T08:31:30.693Z [info]: GET /api/reviews/book/686fa492dca21dadb9ba8dfd
2025-07-11T08:31:30.697Z [info]: GET /api/reviews/book/686fa492dca21dadb9ba8dfe
2025-07-11T08:31:30.698Z [info]: GET /api/reviews/book/686fa492dca21dadb9ba8dff
2025-07-11T08:31:30.700Z [info]: GET /api/reviews/book/686fa492dca21dadb9ba8e00
2025-07-11T08:31:30.712Z [info]: GET /api/reviews/book/686fa492dca21dadb9ba8e01
2025-07-11T08:31:30.722Z [info]: GET /api/reviews/book/686fa492dca21dadb9ba8e02
2025-07-11T08:31:30.732Z [info]: GET /api/reviews/book/686fa492dca21dadb9ba8e03
2025-07-11T08:31:30.736Z [info]: GET /api/reviews/book/686fa492dca21dadb9ba8e04
2025-07-11T08:31:30.739Z [info]: GET /api/reviews/book/686fa492dca21dadb9ba8e05
2025-07-11T08:31:30.744Z [info]: GET /api/reviews/book/686fa492dca21dadb9ba8e06
2025-07-11T08:31:30.750Z [info]: GET /api/reviews/book/686fa492dca21dadb9ba8e07
2025-07-11T08:31:30.765Z [info]: GET /api/reviews/book/686fa492dca21dadb9ba8e08
2025-07-11T08:31:30.771Z [info]: GET /api/reviews/book/686fa492dca21dadb9ba8e09
2025-07-11T08:31:30.774Z [info]: GET /api/reviews/book/686fa492dca21dadb9ba8e0a
2025-07-11T08:31:30.777Z [info]: GET /api/reviews/book/686fa492dca21dadb9ba8e0b
2025-07-11T08:31:30.781Z [info]: GET /api/reviews/book/686fa492dca21dadb9ba8e0c
2025-07-11T08:31:30.786Z [info]: GET /api/reviews/book/686fa492dca21dadb9ba8de1
2025-07-11T08:31:30.798Z [info]: GET /api/reviews/book/686fa492dca21dadb9ba8de2
2025-07-11T08:31:39.686Z [info]: GET /api/reviews/book/686fa492dca21dadb9ba8e09
2025-07-11T08:31:39.687Z [info]: GET /api/reviews/book/686fa492dca21dadb9ba8df6
2025-07-11T08:31:39.688Z [info]: GET /api/reviews/book/686fa492dca21dadb9ba8dfc
2025-07-11T08:31:42.527Z [info]: GET /api/reviews/book/686fa492dca21dadb9ba8dfc
2025-07-11T08:32:14.806Z [info]: GET /api/reviews/book/686fa492dca21dadb9ba8da9
2025-07-11T08:32:14.809Z [info]: GET /api/reviews/book/686fa492dca21dadb9ba8daa
2025-07-11T08:32:14.816Z [info]: GET /api/reviews/book/686fa492dca21dadb9ba8dab
2025-07-11T08:32:14.822Z [info]: GET /api/reviews/book/686fa492dca21dadb9ba8daf
2025-07-11T08:32:14.825Z [info]: GET /api/reviews/book/686fa492dca21dadb9ba8db0
2025-07-11T08:32:14.828Z [info]: GET /api/reviews/book/686fa492dca21dadb9ba8db2
2025-07-11T08:32:14.835Z [info]: GET /api/reviews/book/686fa492dca21dadb9ba8db3
2025-07-11T08:32:14.837Z [info]: GET /api/reviews/book/686fa492dca21dadb9ba8dac
2025-07-11T08:32:14.840Z [info]: GET /api/reviews/book/686fa492dca21dadb9ba8db6
2025-07-11T08:32:14.842Z [info]: GET /api/reviews/book/686fa492dca21dadb9ba8db7
2025-07-11T08:32:14.845Z [info]: GET /api/reviews/book/686fa492dca21dadb9ba8db8
2025-07-11T08:32:14.847Z [info]: GET /api/reviews/book/686fa492dca21dadb9ba8db9
2025-07-11T08:32:14.850Z [info]: GET /api/reviews/book/686fa492dca21dadb9ba8dba
2025-07-11T08:32:14.853Z [info]: GET /api/reviews/book/686fa492dca21dadb9ba8dbb
2025-07-11T08:32:14.856Z [info]: GET /api/reviews/book/686fa492dca21dadb9ba8dbc
2025-07-11T08:32:14.858Z [info]: GET /api/reviews/book/686fa492dca21dadb9ba8dae
2025-07-11T08:32:14.859Z [info]: GET /api/reviews/book/686fa492dca21dadb9ba8db1
2025-07-11T08:32:14.861Z [info]: GET /api/reviews/book/686fa492dca21dadb9ba8dbd
2025-07-11T08:32:14.866Z [info]: GET /api/reviews/book/686fa492dca21dadb9ba8dbe
2025-07-11T08:32:14.870Z [info]: GET /api/reviews/book/686fa492dca21dadb9ba8dad
2025-07-11T08:32:14.872Z [info]: GET /api/reviews/book/686fa492dca21dadb9ba8dc0
2025-07-11T08:32:14.873Z [info]: GET /api/reviews/book/686fa492dca21dadb9ba8dc1
2025-07-11T08:32:14.875Z [info]: GET /api/reviews/book/686fa492dca21dadb9ba8dbf
2025-07-11T08:32:14.877Z [info]: GET /api/reviews/book/686fa492dca21dadb9ba8dc2
2025-07-11T08:32:14.881Z [info]: GET /api/reviews/book/686fa492dca21dadb9ba8dc3
2025-07-11T08:32:14.886Z [info]: GET /api/reviews/book/686fa492dca21dadb9ba8dc4
2025-07-11T08:32:14.887Z [info]: GET /api/reviews/book/686fa492dca21dadb9ba8dc5
2025-07-11T08:32:14.889Z [info]: GET /api/reviews/book/686fa492dca21dadb9ba8dc6
2025-07-11T08:32:14.891Z [info]: GET /api/reviews/book/686fa492dca21dadb9ba8dc7
2025-07-11T08:32:14.892Z [info]: GET /api/reviews/book/686fa492dca21dadb9ba8dc8
2025-07-11T08:32:14.896Z [info]: GET /api/reviews/book/686fa492dca21dadb9ba8dc9
2025-07-11T08:32:14.899Z [info]: GET /api/reviews/book/686fa492dca21dadb9ba8dca
2025-07-11T08:32:14.900Z [info]: GET /api/reviews/book/686fa492dca21dadb9ba8dcb
2025-07-11T08:32:14.901Z [info]: GET /api/reviews/book/686fa492dca21dadb9ba8dcc
2025-07-11T08:32:14.904Z [info]: GET /api/reviews/book/686fa492dca21dadb9ba8dcd
2025-07-11T08:32:14.905Z [info]: GET /api/reviews/book/686fa492dca21dadb9ba8dce
2025-07-11T08:32:14.909Z [info]: GET /api/reviews/book/686fa492dca21dadb9ba8dcf
2025-07-11T08:32:14.913Z [info]: GET /api/reviews/book/686fa492dca21dadb9ba8dd0
2025-07-11T08:32:14.915Z [info]: GET /api/reviews/book/686fa492dca21dadb9ba8dd2
2025-07-11T08:32:14.916Z [info]: GET /api/reviews/book/686fa492dca21dadb9ba8dd3
2025-07-11T08:32:14.918Z [info]: GET /api/reviews/book/686fa492dca21dadb9ba8dd4
2025-07-11T08:32:14.920Z [info]: GET /api/reviews/book/686fa492dca21dadb9ba8dd5
2025-07-11T08:32:14.925Z [info]: GET /api/reviews/book/686fa492dca21dadb9ba8dd1
2025-07-11T08:32:14.929Z [info]: GET /api/reviews/book/686fa492dca21dadb9ba8dd6
2025-07-11T08:32:14.930Z [info]: GET /api/reviews/book/686fa492dca21dadb9ba8dd7
2025-07-11T08:32:14.932Z [info]: GET /api/reviews/book/686fa492dca21dadb9ba8dd8
2025-07-11T08:32:14.934Z [info]: GET /api/reviews/book/686fa492dca21dadb9ba8dd9
2025-07-11T08:32:14.936Z [info]: GET /api/reviews/book/686fa492dca21dadb9ba8dda
2025-07-11T08:32:14.940Z [info]: GET /api/reviews/book/686fa492dca21dadb9ba8ddb
2025-07-11T08:32:14.944Z [info]: GET /api/reviews/book/686fa492dca21dadb9ba8ddc
2025-07-11T08:32:14.946Z [info]: GET /api/reviews/book/686fa492dca21dadb9ba8ddd
2025-07-11T08:32:14.948Z [info]: GET /api/reviews/book/686fa492dca21dadb9ba8dde
2025-07-11T08:32:14.950Z [info]: GET /api/reviews/book/686fa492dca21dadb9ba8ddf
2025-07-11T08:32:14.951Z [info]: GET /api/reviews/book/686fa492dca21dadb9ba8de0
2025-07-11T08:32:14.960Z [info]: GET /api/reviews/book/686fa492dca21dadb9ba8db5
2025-07-11T08:32:14.962Z [info]: GET /api/reviews/book/686fa492dca21dadb9ba8de3
2025-07-11T08:32:14.963Z [info]: GET /api/reviews/book/686fa492dca21dadb9ba8db4
2025-07-11T08:32:14.965Z [info]: GET /api/reviews/book/686fa492dca21dadb9ba8de4
2025-07-11T08:32:14.966Z [info]: GET /api/reviews/book/686fa492dca21dadb9ba8de5
2025-07-11T08:32:14.967Z [info]: GET /api/reviews/book/686fa492dca21dadb9ba8de6
2025-07-11T08:32:14.972Z [info]: GET /api/reviews/book/686fa492dca21dadb9ba8de7
2025-07-11T08:32:14.975Z [info]: GET /api/reviews/book/686fa492dca21dadb9ba8de8
2025-07-11T08:32:14.976Z [info]: GET /api/reviews/book/686fa492dca21dadb9ba8de9
2025-07-11T08:32:14.977Z [info]: GET /api/reviews/book/686fa492dca21dadb9ba8dea
2025-07-11T08:32:14.980Z [info]: GET /api/reviews/book/686fa492dca21dadb9ba8deb
2025-07-11T08:32:14.983Z [info]: GET /api/reviews/book/686fa492dca21dadb9ba8dec
2025-07-11T08:32:14.986Z [info]: GET /api/reviews/book/686fa492dca21dadb9ba8ded
2025-07-11T08:32:14.988Z [info]: GET /api/reviews/book/686fa492dca21dadb9ba8dee
2025-07-11T08:32:14.991Z [info]: GET /api/reviews/book/686fa492dca21dadb9ba8def
2025-07-11T08:32:14.994Z [info]: GET /api/reviews/book/686fa492dca21dadb9ba8df0
2025-07-11T08:32:14.996Z [info]: GET /api/reviews/book/686fa492dca21dadb9ba8df1
2025-07-11T08:32:14.997Z [info]: GET /api/reviews/book/686fa492dca21dadb9ba8df3
2025-07-11T08:32:14.999Z [info]: GET /api/reviews/book/686fa492dca21dadb9ba8df2
2025-07-11T08:32:15.002Z [info]: GET /api/reviews/book/686fa492dca21dadb9ba8df4
2025-07-11T08:32:15.006Z [info]: GET /api/reviews/book/686fa492dca21dadb9ba8df5
2025-07-11T08:32:15.008Z [info]: GET /api/reviews/book/686fa492dca21dadb9ba8df7
2025-07-11T08:32:15.010Z [info]: GET /api/reviews/book/686fa492dca21dadb9ba8df8
2025-07-11T08:32:15.012Z [info]: GET /api/reviews/book/686fa492dca21dadb9ba8df9
2025-07-11T08:32:15.015Z [info]: GET /api/reviews/book/686fa492dca21dadb9ba8dfa
2025-07-11T08:32:15.017Z [info]: GET /api/reviews/book/686fa492dca21dadb9ba8dfb
2025-07-11T08:32:15.021Z [info]: GET /api/reviews/book/686fa492dca21dadb9ba8dfd
2025-07-11T08:32:15.023Z [info]: GET /api/reviews/book/686fa492dca21dadb9ba8df6
2025-07-11T08:32:15.025Z [info]: GET /api/reviews/book/686fa492dca21dadb9ba8dfc
2025-07-11T08:32:15.027Z [info]: GET /api/reviews/book/686fa492dca21dadb9ba8dfe
2025-07-11T08:32:15.029Z [info]: GET /api/reviews/book/686fa492dca21dadb9ba8dff
2025-07-11T08:32:15.032Z [info]: GET /api/reviews/book/686fa492dca21dadb9ba8e00
2025-07-11T08:32:15.037Z [info]: GET /api/reviews/book/686fa492dca21dadb9ba8e01
2025-07-11T08:32:15.041Z [info]: GET /api/reviews/book/686fa492dca21dadb9ba8e02
2025-07-11T08:32:15.044Z [info]: GET /api/reviews/book/686fa492dca21dadb9ba8e03
2025-07-11T08:32:15.046Z [info]: GET /api/reviews/book/686fa492dca21dadb9ba8e04
2025-07-11T08:32:15.050Z [info]: GET /api/reviews/book/686fa492dca21dadb9ba8e05
2025-07-11T08:32:15.054Z [info]: GET /api/reviews/book/686fa492dca21dadb9ba8e06
2025-07-11T08:32:15.058Z [info]: GET /api/reviews/book/686fa492dca21dadb9ba8e07
2025-07-11T08:32:15.061Z [info]: GET /api/reviews/book/686fa492dca21dadb9ba8e08
2025-07-11T08:32:15.063Z [info]: GET /api/reviews/book/686fa492dca21dadb9ba8e09
2025-07-11T08:32:15.065Z [info]: GET /api/reviews/book/686fa492dca21dadb9ba8e0a
2025-07-11T08:32:15.068Z [info]: GET /api/reviews/book/686fa492dca21dadb9ba8e0b
2025-07-11T08:32:15.071Z [info]: GET /api/reviews/book/686fa492dca21dadb9ba8e0c
2025-07-11T08:32:15.075Z [info]: GET /api/reviews/book/686fa492dca21dadb9ba8de1
2025-07-11T08:32:15.077Z [info]: GET /api/reviews/book/686fa492dca21dadb9ba8de2
2025-07-11T08:33:03.794Z [info]: GET /api/reviews/book/686fa492dca21dadb9ba8dfc
2025-07-11T08:33:09.436Z [info]: GET /api/reviews/book/686fa492dca21dadb9ba8dbf
2025-07-11T08:33:09.440Z [info]: GET /api/reviews/book/686fa492dca21dadb9ba8dfe
2025-07-11T08:33:09.446Z [info]: GET /api/reviews/book/686fa492dca21dadb9ba8e03
2025-07-11T08:33:09.448Z [info]: GET /api/reviews/book/686fa492dca21dadb9ba8dd1
2025-07-11T08:33:09.450Z [info]: GET /api/reviews/book/686fa492dca21dadb9ba8dda
2025-07-11T08:33:09.452Z [info]: GET /api/reviews/book/686fa492dca21dadb9ba8df2
2025-07-11T08:33:09.455Z [info]: GET /api/reviews/book/686fa492dca21dadb9ba8dac
2025-07-11T08:33:09.462Z [info]: GET /api/reviews/book/686fa492dca21dadb9ba8dfc
2025-07-11T08:33:09.468Z [info]: GET /api/reviews/book/686fa492dca21dadb9ba8dad
2025-07-11T08:33:09.470Z [info]: GET /api/reviews/book/686fa492dca21dadb9ba8de0
2025-07-11T08:33:09.472Z [info]: GET /api/reviews/book/686fa492dca21dadb9ba8db4
2025-07-11T08:33:09.474Z [info]: GET /api/reviews/book/686fa492dca21dadb9ba8de4
2025-07-11T08:33:22.300Z [info]: GET /api/reviews/book/686fa492dca21dadb9ba8dbf
2025-07-11T08:33:22.304Z [info]: GET /api/reviews/book/686fa492dca21dadb9ba8e03
2025-07-11T08:33:22.306Z [info]: GET /api/reviews/book/686fa492dca21dadb9ba8dd1
2025-07-11T08:33:22.308Z [info]: GET /api/reviews/book/686fa492dca21dadb9ba8dda
2025-07-11T08:33:22.313Z [info]: GET /api/reviews/book/686fa492dca21dadb9ba8df2
2025-07-11T08:33:22.315Z [info]: GET /api/reviews/book/686fa492dca21dadb9ba8dfc
2025-07-11T08:33:22.320Z [info]: GET /api/reviews/book/686fa492dca21dadb9ba8dad
2025-07-11T08:33:22.322Z [info]: GET /api/reviews/book/686fa492dca21dadb9ba8de0
2025-07-11T08:33:22.328Z [info]: GET /api/reviews/book/686fa492dca21dadb9ba8de4
2025-07-11T08:33:25.739Z [info]: GET /api/reviews/book/686fa492dca21dadb9ba8da9
2025-07-11T08:33:25.742Z [info]: GET /api/reviews/book/686fa492dca21dadb9ba8daa
2025-07-11T08:33:25.748Z [info]: GET /api/reviews/book/686fa492dca21dadb9ba8dab
2025-07-11T08:33:25.752Z [info]: GET /api/reviews/book/686fa492dca21dadb9ba8daf
2025-07-11T08:33:25.757Z [info]: GET /api/reviews/book/686fa492dca21dadb9ba8db0
2025-07-11T08:33:25.762Z [info]: GET /api/reviews/book/686fa492dca21dadb9ba8db2
2025-07-11T08:33:25.767Z [info]: GET /api/reviews/book/686fa492dca21dadb9ba8db3
2025-07-11T08:33:25.769Z [info]: GET /api/reviews/book/686fa492dca21dadb9ba8dac
2025-07-11T08:33:25.775Z [info]: GET /api/reviews/book/686fa492dca21dadb9ba8db6
2025-07-11T08:33:25.777Z [info]: GET /api/reviews/book/686fa492dca21dadb9ba8db7
2025-07-11T08:33:25.780Z [info]: GET /api/reviews/book/686fa492dca21dadb9ba8db8
2025-07-11T08:33:25.781Z [info]: GET /api/reviews/book/686fa492dca21dadb9ba8db9
2025-07-11T08:33:25.784Z [info]: GET /api/reviews/book/686fa492dca21dadb9ba8dba
2025-07-11T08:33:25.786Z [info]: GET /api/reviews/book/686fa492dca21dadb9ba8dad
2025-07-11T08:33:25.801Z [info]: GET /api/reviews/book/686fa492dca21dadb9ba8dbb
2025-07-11T08:33:25.805Z [info]: GET /api/reviews/book/686fa492dca21dadb9ba8dbc
2025-07-11T08:33:25.807Z [info]: GET /api/reviews/book/686fa492dca21dadb9ba8dae
2025-07-11T08:33:25.809Z [info]: GET /api/reviews/book/686fa492dca21dadb9ba8db1
2025-07-11T08:33:25.811Z [info]: GET /api/reviews/book/686fa492dca21dadb9ba8dbd
2025-07-11T08:33:25.815Z [info]: GET /api/reviews/book/686fa492dca21dadb9ba8dbe
2025-07-11T08:33:25.826Z [info]: GET /api/reviews/book/686fa492dca21dadb9ba8dbf
2025-07-11T08:33:25.829Z [info]: GET /api/reviews/book/686fa492dca21dadb9ba8dc0
2025-07-11T08:33:25.831Z [info]: GET /api/reviews/book/686fa492dca21dadb9ba8dc1
2025-07-11T08:33:25.833Z [info]: GET /api/reviews/book/686fa492dca21dadb9ba8dc2
2025-07-11T08:33:25.835Z [info]: GET /api/reviews/book/686fa492dca21dadb9ba8dc3
2025-07-11T08:33:25.838Z [info]: GET /api/reviews/book/686fa492dca21dadb9ba8dc4
2025-07-11T08:33:25.850Z [info]: GET /api/reviews/book/686fa492dca21dadb9ba8dc5
2025-07-11T08:33:25.854Z [info]: GET /api/reviews/book/686fa492dca21dadb9ba8dc6
2025-07-11T08:33:25.856Z [info]: GET /api/reviews/book/686fa492dca21dadb9ba8dc7
2025-07-11T08:33:25.858Z [info]: GET /api/reviews/book/686fa492dca21dadb9ba8dc8
2025-07-11T08:33:25.866Z [info]: GET /api/reviews/book/686fa492dca21dadb9ba8dc9
2025-07-11T08:33:25.869Z [info]: GET /api/reviews/book/686fa492dca21dadb9ba8dca
2025-07-11T08:33:25.878Z [info]: GET /api/reviews/book/686fa492dca21dadb9ba8dcb
2025-07-11T08:33:25.881Z [info]: GET /api/reviews/book/686fa492dca21dadb9ba8dcc
2025-07-11T08:33:25.883Z [info]: GET /api/reviews/book/686fa492dca21dadb9ba8dcd
2025-07-11T08:33:25.885Z [info]: GET /api/reviews/book/686fa492dca21dadb9ba8dce
2025-07-11T08:33:25.889Z [info]: GET /api/reviews/book/686fa492dca21dadb9ba8dcf
2025-07-11T08:33:25.891Z [info]: GET /api/reviews/book/686fa492dca21dadb9ba8dd0
2025-07-11T08:33:25.904Z [info]: GET /api/reviews/book/686fa492dca21dadb9ba8dd1
2025-07-11T08:33:25.907Z [info]: GET /api/reviews/book/686fa492dca21dadb9ba8dd2
2025-07-11T08:33:25.911Z [info]: GET /api/reviews/book/686fa492dca21dadb9ba8dd3
2025-07-11T08:33:25.912Z [info]: GET /api/reviews/book/686fa492dca21dadb9ba8dd4
2025-07-11T08:33:25.914Z [info]: GET /api/reviews/book/686fa492dca21dadb9ba8dd5
2025-07-11T08:33:25.915Z [info]: GET /api/reviews/book/686fa492dca21dadb9ba8dd6
2025-07-11T08:33:25.935Z [info]: GET /api/reviews/book/686fa492dca21dadb9ba8dd7
2025-07-11T08:33:25.939Z [info]: GET /api/reviews/book/686fa492dca21dadb9ba8dd8
2025-07-11T08:33:25.942Z [info]: GET /api/reviews/book/686fa492dca21dadb9ba8dd9
2025-07-11T08:33:25.945Z [info]: GET /api/reviews/book/686fa492dca21dadb9ba8dda
2025-07-11T08:33:25.948Z [info]: GET /api/reviews/book/686fa492dca21dadb9ba8ddb
2025-07-11T08:33:25.951Z [info]: GET /api/reviews/book/686fa492dca21dadb9ba8ddc
2025-07-11T08:33:25.969Z [info]: GET /api/reviews/book/686fa492dca21dadb9ba8ddd
2025-07-11T08:33:25.974Z [info]: GET /api/reviews/book/686fa492dca21dadb9ba8dde
2025-07-11T08:33:25.977Z [info]: GET /api/reviews/book/686fa492dca21dadb9ba8ddf
2025-07-11T08:33:25.981Z [info]: GET /api/reviews/book/686fa492dca21dadb9ba8de0
2025-07-11T08:33:25.990Z [info]: GET /api/reviews/book/686fa492dca21dadb9ba8db5
2025-07-11T08:33:25.995Z [info]: GET /api/reviews/book/686fa492dca21dadb9ba8db4
2025-07-11T08:33:26.007Z [info]: GET /api/reviews/book/686fa492dca21dadb9ba8de3
2025-07-11T08:33:26.011Z [info]: GET /api/reviews/book/686fa492dca21dadb9ba8de4
2025-07-11T08:33:26.013Z [info]: GET /api/reviews/book/686fa492dca21dadb9ba8de5
2025-07-11T08:33:26.016Z [info]: GET /api/reviews/book/686fa492dca21dadb9ba8de6
2025-07-11T08:33:26.018Z [info]: GET /api/reviews/book/686fa492dca21dadb9ba8de7
2025-07-11T08:33:26.021Z [info]: GET /api/reviews/book/686fa492dca21dadb9ba8de8
2025-07-11T08:33:26.039Z [info]: GET /api/reviews/book/686fa492dca21dadb9ba8de9
2025-07-11T08:33:26.045Z [info]: GET /api/reviews/book/686fa492dca21dadb9ba8dea
2025-07-11T08:33:26.047Z [info]: GET /api/reviews/book/686fa492dca21dadb9ba8deb
2025-07-11T08:33:26.048Z [info]: GET /api/reviews/book/686fa492dca21dadb9ba8dec
2025-07-11T08:33:26.050Z [info]: GET /api/reviews/book/686fa492dca21dadb9ba8ded
2025-07-11T08:33:26.052Z [info]: GET /api/reviews/book/686fa492dca21dadb9ba8dee
2025-07-11T08:33:26.061Z [info]: GET /api/reviews/book/686fa492dca21dadb9ba8def
2025-07-11T08:33:26.063Z [info]: GET /api/reviews/book/686fa492dca21dadb9ba8df0
2025-07-11T08:33:26.065Z [info]: GET /api/reviews/book/686fa492dca21dadb9ba8df1
2025-07-11T08:33:26.066Z [info]: GET /api/reviews/book/686fa492dca21dadb9ba8df2
2025-07-11T08:33:26.068Z [info]: GET /api/reviews/book/686fa492dca21dadb9ba8df3
2025-07-11T08:33:26.071Z [info]: GET /api/reviews/book/686fa492dca21dadb9ba8df4
2025-07-11T08:33:26.084Z [info]: GET /api/reviews/book/686fa492dca21dadb9ba8df5
2025-07-11T08:33:26.089Z [info]: GET /api/reviews/book/686fa492dca21dadb9ba8df6
2025-07-11T08:33:26.091Z [info]: GET /api/reviews/book/686fa492dca21dadb9ba8df7
2025-07-11T08:33:26.094Z [info]: GET /api/reviews/book/686fa492dca21dadb9ba8df8
2025-07-11T08:33:26.097Z [info]: GET /api/reviews/book/686fa492dca21dadb9ba8df9
2025-07-11T08:33:26.099Z [info]: GET /api/reviews/book/686fa492dca21dadb9ba8dfa
2025-07-11T08:33:26.110Z [info]: GET /api/reviews/book/686fa492dca21dadb9ba8dfb
2025-07-11T08:33:26.114Z [info]: GET /api/reviews/book/686fa492dca21dadb9ba8dfc
2025-07-11T08:33:26.117Z [info]: GET /api/reviews/book/686fa492dca21dadb9ba8dfd
2025-07-11T08:33:26.119Z [info]: GET /api/reviews/book/686fa492dca21dadb9ba8dfe
2025-07-11T08:33:26.124Z [info]: GET /api/reviews/book/686fa492dca21dadb9ba8dff
2025-07-11T08:33:26.127Z [info]: GET /api/reviews/book/686fa492dca21dadb9ba8e00
2025-07-11T08:33:26.149Z [info]: GET /api/reviews/book/686fa492dca21dadb9ba8e01
2025-07-11T08:33:26.196Z [info]: GET /api/reviews/book/686fa492dca21dadb9ba8e02
2025-07-11T08:33:26.206Z [info]: GET /api/reviews/book/686fa492dca21dadb9ba8e03
2025-07-11T08:33:26.230Z [info]: GET /api/reviews/book/686fa492dca21dadb9ba8e04
2025-07-11T08:33:26.241Z [info]: GET /api/reviews/book/686fa492dca21dadb9ba8e05
2025-07-11T08:33:26.245Z [info]: GET /api/reviews/book/686fa492dca21dadb9ba8e06
2025-07-11T08:33:26.309Z [info]: GET /api/reviews/book/686fa492dca21dadb9ba8e07
2025-07-11T08:33:26.326Z [info]: GET /api/reviews/book/686fa492dca21dadb9ba8e08
2025-07-11T08:33:26.340Z [info]: GET /api/reviews/book/686fa492dca21dadb9ba8e09
2025-07-11T08:33:26.388Z [info]: GET /api/reviews/book/686fa492dca21dadb9ba8e0a
2025-07-11T08:33:26.444Z [info]: GET /api/reviews/book/686fa492dca21dadb9ba8e0b
2025-07-11T08:33:26.458Z [info]: GET /api/reviews/book/686fa492dca21dadb9ba8e0c
2025-07-11T08:33:26.478Z [info]: GET /api/reviews/book/686fa492dca21dadb9ba8de1
2025-07-11T08:33:26.482Z [info]: GET /api/reviews/book/686fa492dca21dadb9ba8de2
2025-07-11T08:34:53.605Z [info]: GET /api/reviews/book/686fa492dca21dadb9ba8dbf
2025-07-11T08:34:53.609Z [info]: GET /api/reviews/book/686fa492dca21dadb9ba8dfe
2025-07-11T08:34:53.611Z [info]: GET /api/reviews/book/686fa492dca21dadb9ba8e03
2025-07-11T08:34:53.613Z [info]: GET /api/reviews/book/686fa492dca21dadb9ba8dd1
2025-07-11T08:34:53.614Z [info]: GET /api/reviews/book/686fa492dca21dadb9ba8dda
2025-07-11T08:34:53.616Z [info]: GET /api/reviews/book/686fa492dca21dadb9ba8df2
2025-07-11T08:34:53.627Z [info]: GET /api/reviews/book/686fa492dca21dadb9ba8dac
2025-07-11T08:34:53.629Z [info]: GET /api/reviews/book/686fa492dca21dadb9ba8dfc
2025-07-11T08:34:53.634Z [info]: GET /api/reviews/book/686fa492dca21dadb9ba8dad
2025-07-11T08:34:53.636Z [info]: GET /api/reviews/book/686fa492dca21dadb9ba8de0
2025-07-11T08:34:53.638Z [info]: GET /api/reviews/book/686fa492dca21dadb9ba8db4
2025-07-11T08:34:53.640Z [info]: GET /api/reviews/book/686fa492dca21dadb9ba8de4
2025-07-11T08:34:54.967Z [info]: GET /api/reviews/book/686fa492dca21dadb9ba8da9
2025-07-11T08:34:54.972Z [info]: GET /api/reviews/book/686fa492dca21dadb9ba8daa
2025-07-11T08:34:54.975Z [info]: GET /api/reviews/book/686fa492dca21dadb9ba8dab
2025-07-11T08:34:54.978Z [info]: GET /api/reviews/book/686fa492dca21dadb9ba8daf
2025-07-11T08:34:54.981Z [info]: GET /api/reviews/book/686fa492dca21dadb9ba8db0
2025-07-11T08:34:54.991Z [info]: GET /api/reviews/book/686fa492dca21dadb9ba8db2
2025-07-11T08:34:54.995Z [info]: GET /api/reviews/book/686fa492dca21dadb9ba8db3
2025-07-11T08:34:54.999Z [info]: GET /api/reviews/book/686fa492dca21dadb9ba8dac
2025-07-11T08:34:55.001Z [info]: GET /api/reviews/book/686fa492dca21dadb9ba8db8
2025-07-11T08:34:55.004Z [info]: GET /api/reviews/book/686fa492dca21dadb9ba8db6
2025-07-11T08:34:55.007Z [info]: GET /api/reviews/book/686fa492dca21dadb9ba8db7
2025-07-11T08:34:55.012Z [info]: GET /api/reviews/book/686fa492dca21dadb9ba8db9
2025-07-11T08:34:55.023Z [info]: GET /api/reviews/book/686fa492dca21dadb9ba8dba
2025-07-11T08:34:55.026Z [info]: GET /api/reviews/book/686fa492dca21dadb9ba8dad
2025-07-11T08:34:55.027Z [info]: GET /api/reviews/book/686fa492dca21dadb9ba8dbb
2025-07-11T08:34:55.031Z [info]: GET /api/reviews/book/686fa492dca21dadb9ba8dbc
2025-07-11T08:34:55.032Z [info]: GET /api/reviews/book/686fa492dca21dadb9ba8dae
2025-07-11T08:34:55.035Z [info]: GET /api/reviews/book/686fa492dca21dadb9ba8db1
2025-07-11T08:34:55.040Z [info]: GET /api/reviews/book/686fa492dca21dadb9ba8dbd
2025-07-11T08:34:55.044Z [info]: GET /api/reviews/book/686fa492dca21dadb9ba8dbe
2025-07-11T08:34:55.045Z [info]: GET /api/reviews/book/686fa492dca21dadb9ba8dbf
2025-07-11T08:34:55.047Z [info]: GET /api/reviews/book/686fa492dca21dadb9ba8dc0
2025-07-11T08:34:55.048Z [info]: GET /api/reviews/book/686fa492dca21dadb9ba8dc1
2025-07-11T08:34:55.051Z [info]: GET /api/reviews/book/686fa492dca21dadb9ba8dc2
2025-07-11T08:34:55.068Z [info]: GET /api/reviews/book/686fa492dca21dadb9ba8dc3
2025-07-11T08:34:55.071Z [info]: GET /api/reviews/book/686fa492dca21dadb9ba8dc4
2025-07-11T08:34:55.074Z [info]: GET /api/reviews/book/686fa492dca21dadb9ba8dc5
2025-07-11T08:34:55.075Z [info]: GET /api/reviews/book/686fa492dca21dadb9ba8dc6
2025-07-11T08:34:55.076Z [info]: GET /api/reviews/book/686fa492dca21dadb9ba8dc7
2025-07-11T08:34:55.079Z [info]: GET /api/reviews/book/686fa492dca21dadb9ba8dc8
2025-07-11T08:34:55.083Z [info]: GET /api/reviews/book/686fa492dca21dadb9ba8dc9
2025-07-11T08:34:55.085Z [info]: GET /api/reviews/book/686fa492dca21dadb9ba8dca
2025-07-11T08:34:55.087Z [info]: GET /api/reviews/book/686fa492dca21dadb9ba8dcb
2025-07-11T08:34:55.088Z [info]: GET /api/reviews/book/686fa492dca21dadb9ba8dcc
2025-07-11T08:34:55.090Z [info]: GET /api/reviews/book/686fa492dca21dadb9ba8dcd
2025-07-11T08:34:55.094Z [info]: GET /api/reviews/book/686fa492dca21dadb9ba8dce
2025-07-11T08:34:55.099Z [info]: GET /api/reviews/book/686fa492dca21dadb9ba8dcf
2025-07-11T08:34:55.103Z [info]: GET /api/reviews/book/686fa492dca21dadb9ba8dd0
2025-07-11T08:34:55.104Z [info]: GET /api/reviews/book/686fa492dca21dadb9ba8dd1
2025-07-11T08:34:55.106Z [info]: GET /api/reviews/book/686fa492dca21dadb9ba8dd2
2025-07-11T08:34:55.108Z [info]: GET /api/reviews/book/686fa492dca21dadb9ba8dd3
2025-07-11T08:34:55.110Z [info]: GET /api/reviews/book/686fa492dca21dadb9ba8dd4
2025-07-11T08:34:55.115Z [info]: GET /api/reviews/book/686fa492dca21dadb9ba8dd5
2025-07-11T08:34:55.118Z [info]: GET /api/reviews/book/686fa492dca21dadb9ba8dd6
2025-07-11T08:34:55.120Z [info]: GET /api/reviews/book/686fa492dca21dadb9ba8dd7
2025-07-11T08:34:55.122Z [info]: GET /api/reviews/book/686fa492dca21dadb9ba8dd8
2025-07-11T08:34:55.128Z [info]: GET /api/reviews/book/686fa492dca21dadb9ba8dd9
2025-07-11T08:34:55.131Z [info]: GET /api/reviews/book/686fa492dca21dadb9ba8dda
2025-07-11T08:34:55.135Z [info]: GET /api/reviews/book/686fa492dca21dadb9ba8ddb
2025-07-11T08:34:55.138Z [info]: GET /api/reviews/book/686fa492dca21dadb9ba8ddc
2025-07-11T08:34:55.141Z [info]: GET /api/reviews/book/686fa492dca21dadb9ba8ddd
2025-07-11T08:34:55.142Z [info]: GET /api/reviews/book/686fa492dca21dadb9ba8dde
2025-07-11T08:34:55.143Z [info]: GET /api/reviews/book/686fa492dca21dadb9ba8ddf
2025-07-11T08:34:55.146Z [info]: GET /api/reviews/book/686fa492dca21dadb9ba8de0
2025-07-11T08:34:55.152Z [info]: GET /api/reviews/book/686fa492dca21dadb9ba8db5
2025-07-11T08:34:55.161Z [info]: GET /api/reviews/book/686fa492dca21dadb9ba8db4
2025-07-11T08:34:55.172Z [info]: GET /api/reviews/book/686fa492dca21dadb9ba8de3
2025-07-11T08:34:55.174Z [info]: GET /api/reviews/book/686fa492dca21dadb9ba8de4
2025-07-11T08:34:55.176Z [info]: GET /api/reviews/book/686fa492dca21dadb9ba8de5
2025-07-11T08:34:55.179Z [info]: GET /api/reviews/book/686fa492dca21dadb9ba8de6
2025-07-11T08:34:55.184Z [info]: GET /api/reviews/book/686fa492dca21dadb9ba8de7
2025-07-11T08:34:55.188Z [info]: GET /api/reviews/book/686fa492dca21dadb9ba8de8
2025-07-11T08:34:55.189Z [info]: GET /api/reviews/book/686fa492dca21dadb9ba8de9
2025-07-11T08:34:55.191Z [info]: GET /api/reviews/book/686fa492dca21dadb9ba8dea
2025-07-11T08:34:55.193Z [info]: GET /api/reviews/book/686fa492dca21dadb9ba8deb
2025-07-11T08:34:55.198Z [info]: GET /api/reviews/book/686fa492dca21dadb9ba8dec
2025-07-11T08:34:55.210Z [info]: GET /api/reviews/book/686fa492dca21dadb9ba8ded
2025-07-11T08:34:55.217Z [info]: GET /api/reviews/book/686fa492dca21dadb9ba8dee
2025-07-11T08:34:55.220Z [info]: GET /api/reviews/book/686fa492dca21dadb9ba8def
2025-07-11T08:34:55.222Z [info]: GET /api/reviews/book/686fa492dca21dadb9ba8df0
2025-07-11T08:34:55.225Z [info]: GET /api/reviews/book/686fa492dca21dadb9ba8df1
2025-07-11T08:34:55.229Z [info]: GET /api/reviews/book/686fa492dca21dadb9ba8df2
2025-07-11T08:34:55.235Z [info]: GET /api/reviews/book/686fa492dca21dadb9ba8df3
2025-07-11T08:34:55.239Z [info]: GET /api/reviews/book/686fa492dca21dadb9ba8df4
2025-07-11T08:34:55.243Z [info]: GET /api/reviews/book/686fa492dca21dadb9ba8df5
2025-07-11T08:34:55.244Z [info]: GET /api/reviews/book/686fa492dca21dadb9ba8df6
2025-07-11T08:34:55.246Z [info]: GET /api/reviews/book/686fa492dca21dadb9ba8df7
2025-07-11T08:34:55.250Z [info]: GET /api/reviews/book/686fa492dca21dadb9ba8df8
2025-07-11T08:34:55.260Z [info]: GET /api/reviews/book/686fa492dca21dadb9ba8df9
2025-07-11T08:34:55.263Z [info]: GET /api/reviews/book/686fa492dca21dadb9ba8dfa
2025-07-11T08:34:55.265Z [info]: GET /api/reviews/book/686fa492dca21dadb9ba8dfb
2025-07-11T08:34:55.266Z [info]: GET /api/reviews/book/686fa492dca21dadb9ba8dfc
2025-07-11T08:34:55.268Z [info]: GET /api/reviews/book/686fa492dca21dadb9ba8dfd
2025-07-11T08:34:55.270Z [info]: GET /api/reviews/book/686fa492dca21dadb9ba8dfe
2025-07-11T08:34:55.279Z [info]: GET /api/reviews/book/686fa492dca21dadb9ba8dff
2025-07-11T08:34:55.281Z [info]: GET /api/reviews/book/686fa492dca21dadb9ba8e00
2025-07-11T08:34:55.283Z [info]: GET /api/reviews/book/686fa492dca21dadb9ba8e01
2025-07-11T08:34:55.285Z [info]: GET /api/reviews/book/686fa492dca21dadb9ba8e02
2025-07-11T08:34:55.286Z [info]: GET /api/reviews/book/686fa492dca21dadb9ba8e03
2025-07-11T08:34:55.289Z [info]: GET /api/reviews/book/686fa492dca21dadb9ba8e04
2025-07-11T08:34:55.298Z [info]: GET /api/reviews/book/686fa492dca21dadb9ba8e05
2025-07-11T08:34:55.301Z [info]: GET /api/reviews/book/686fa492dca21dadb9ba8e06
2025-07-11T08:34:55.302Z [info]: GET /api/reviews/book/686fa492dca21dadb9ba8e07
2025-07-11T08:34:55.304Z [info]: GET /api/reviews/book/686fa492dca21dadb9ba8e08
2025-07-11T08:34:55.305Z [info]: GET /api/reviews/book/686fa492dca21dadb9ba8e09
2025-07-11T08:34:55.307Z [info]: GET /api/reviews/book/686fa492dca21dadb9ba8e0a
2025-07-11T08:34:55.311Z [info]: GET /api/reviews/book/686fa492dca21dadb9ba8e0b
2025-07-11T08:34:55.314Z [info]: GET /api/reviews/book/686fa492dca21dadb9ba8e0c
2025-07-11T08:34:55.316Z [info]: GET /api/reviews/book/686fa492dca21dadb9ba8de1
2025-07-11T08:34:55.317Z [info]: GET /api/reviews/book/686fa492dca21dadb9ba8de2
2025-07-11T08:38:15.926Z [info]: GET /api/reviews/book/686fa492dca21dadb9ba8da9
2025-07-11T08:38:16.029Z [info]: GET /api/reviews/book/686fa492dca21dadb9ba8daa
2025-07-11T08:38:16.032Z [info]: GET /api/reviews/book/686fa492dca21dadb9ba8dab
2025-07-11T08:38:16.038Z [info]: GET /api/reviews/book/686fa492dca21dadb9ba8daf
2025-07-11T08:38:16.046Z [info]: GET /api/reviews/book/686fa492dca21dadb9ba8db0
2025-07-11T08:38:16.050Z [info]: GET /api/reviews/book/686fa492dca21dadb9ba8db2
2025-07-11T08:38:16.085Z [info]: GET /api/reviews/book/686fa492dca21dadb9ba8db3
2025-07-11T08:38:16.088Z [info]: GET /api/reviews/book/686fa492dca21dadb9ba8dac
2025-07-11T08:38:16.093Z [info]: GET /api/reviews/book/686fa492dca21dadb9ba8db6
2025-07-11T08:38:16.096Z [info]: GET /api/reviews/book/686fa492dca21dadb9ba8db7
2025-07-11T08:38:16.097Z [info]: GET /api/reviews/book/686fa492dca21dadb9ba8db8
2025-07-11T08:38:16.099Z [info]: GET /api/reviews/book/686fa492dca21dadb9ba8db9
2025-07-11T08:38:16.115Z [info]: GET /api/reviews/book/686fa492dca21dadb9ba8dba
2025-07-11T08:38:16.118Z [info]: GET /api/reviews/book/686fa492dca21dadb9ba8dad
2025-07-11T08:38:16.120Z [info]: GET /api/reviews/book/686fa492dca21dadb9ba8dbb
2025-07-11T08:38:16.121Z [info]: GET /api/reviews/book/686fa492dca21dadb9ba8dbc
2025-07-11T08:38:16.124Z [info]: GET /api/reviews/book/686fa492dca21dadb9ba8dae
2025-07-11T08:38:16.126Z [info]: GET /api/reviews/book/686fa492dca21dadb9ba8db1
2025-07-11T08:38:16.136Z [info]: GET /api/reviews/book/686fa492dca21dadb9ba8dbd
2025-07-11T08:38:16.139Z [info]: GET /api/reviews/book/686fa492dca21dadb9ba8dbe
2025-07-11T08:38:16.141Z [info]: GET /api/reviews/book/686fa492dca21dadb9ba8dbf
2025-07-11T08:38:16.143Z [info]: GET /api/reviews/book/686fa492dca21dadb9ba8dc0
2025-07-11T08:38:16.148Z [info]: GET /api/reviews/book/686fa492dca21dadb9ba8dc1
2025-07-11T08:38:16.151Z [info]: GET /api/reviews/book/686fa492dca21dadb9ba8dc2
2025-07-11T08:38:16.163Z [info]: GET /api/reviews/book/686fa492dca21dadb9ba8dc3
2025-07-11T08:38:16.167Z [info]: GET /api/reviews/book/686fa492dca21dadb9ba8dc4
2025-07-11T08:38:16.169Z [info]: GET /api/reviews/book/686fa492dca21dadb9ba8dc5
2025-07-11T08:38:16.172Z [info]: GET /api/reviews/book/686fa492dca21dadb9ba8dc6
2025-07-11T08:38:16.176Z [info]: GET /api/reviews/book/686fa492dca21dadb9ba8dc7
2025-07-11T08:38:16.183Z [info]: GET /api/reviews/book/686fa492dca21dadb9ba8dc8
2025-07-11T08:38:16.201Z [info]: GET /api/reviews/book/686fa492dca21dadb9ba8dc9
2025-07-11T08:38:16.203Z [info]: GET /api/reviews/book/686fa492dca21dadb9ba8dca
2025-07-11T08:38:16.205Z [info]: GET /api/reviews/book/686fa492dca21dadb9ba8dcb
2025-07-11T08:38:16.208Z [info]: GET /api/reviews/book/686fa492dca21dadb9ba8dcc
2025-07-11T08:38:16.210Z [info]: GET /api/reviews/book/686fa492dca21dadb9ba8dcd
2025-07-11T08:38:16.211Z [info]: GET /api/reviews/book/686fa492dca21dadb9ba8dce
2025-07-11T08:38:16.220Z [info]: GET /api/reviews/book/686fa492dca21dadb9ba8dcf
2025-07-11T08:38:16.222Z [info]: GET /api/reviews/book/686fa492dca21dadb9ba8dd0
2025-07-11T08:38:16.225Z [info]: GET /api/reviews/book/686fa492dca21dadb9ba8dd1
2025-07-11T08:38:16.227Z [info]: GET /api/reviews/book/686fa492dca21dadb9ba8dd2
2025-07-11T08:38:16.232Z [info]: GET /api/reviews/book/686fa492dca21dadb9ba8dd3
2025-07-11T08:38:16.234Z [info]: GET /api/reviews/book/686fa492dca21dadb9ba8dd4
2025-07-11T08:38:16.244Z [info]: GET /api/reviews/book/686fa492dca21dadb9ba8dd5
2025-07-11T08:38:16.246Z [info]: GET /api/reviews/book/686fa492dca21dadb9ba8dd6
2025-07-11T08:38:16.248Z [info]: GET /api/reviews/book/686fa492dca21dadb9ba8dd7
2025-07-11T08:38:16.250Z [info]: GET /api/reviews/book/686fa492dca21dadb9ba8dd8
2025-07-11T08:38:16.252Z [info]: GET /api/reviews/book/686fa492dca21dadb9ba8dd9
2025-07-11T08:38:16.254Z [info]: GET /api/reviews/book/686fa492dca21dadb9ba8dda
2025-07-11T08:38:16.263Z [info]: GET /api/reviews/book/686fa492dca21dadb9ba8ddb
2025-07-11T08:38:16.270Z [info]: GET /api/reviews/book/686fa492dca21dadb9ba8ddc
2025-07-11T08:38:16.272Z [info]: GET /api/reviews/book/686fa492dca21dadb9ba8ddd
2025-07-11T08:38:16.274Z [info]: GET /api/reviews/book/686fa492dca21dadb9ba8dde
2025-07-11T08:38:16.277Z [info]: GET /api/reviews/book/686fa492dca21dadb9ba8ddf
2025-07-11T08:38:16.279Z [info]: GET /api/reviews/book/686fa492dca21dadb9ba8de0
2025-07-11T08:38:16.288Z [info]: GET /api/reviews/book/686fa492dca21dadb9ba8db5
2025-07-11T08:38:16.290Z [info]: GET /api/reviews/book/686fa492dca21dadb9ba8db4
2025-07-11T08:38:16.292Z [info]: GET /api/reviews/book/686fa492dca21dadb9ba8de3
2025-07-11T08:38:16.294Z [info]: GET /api/reviews/book/686fa492dca21dadb9ba8de4
2025-07-11T08:38:16.296Z [info]: GET /api/reviews/book/686fa492dca21dadb9ba8de5
2025-07-11T08:38:16.297Z [info]: GET /api/reviews/book/686fa492dca21dadb9ba8de6
2025-07-11T08:38:16.308Z [info]: GET /api/reviews/book/686fa492dca21dadb9ba8de7
2025-07-11T08:38:16.311Z [info]: GET /api/reviews/book/686fa492dca21dadb9ba8de8
2025-07-11T08:38:16.313Z [info]: GET /api/reviews/book/686fa492dca21dadb9ba8de9
2025-07-11T08:38:16.315Z [info]: GET /api/reviews/book/686fa492dca21dadb9ba8dea
2025-07-11T08:38:16.316Z [info]: GET /api/reviews/book/686fa492dca21dadb9ba8deb
2025-07-11T08:38:16.318Z [info]: GET /api/reviews/book/686fa492dca21dadb9ba8dec
2025-07-11T08:38:16.326Z [info]: GET /api/reviews/book/686fa492dca21dadb9ba8ded
2025-07-11T08:38:16.328Z [info]: GET /api/reviews/book/686fa492dca21dadb9ba8dee
2025-07-11T08:38:16.330Z [info]: GET /api/reviews/book/686fa492dca21dadb9ba8def
2025-07-11T08:38:16.332Z [info]: GET /api/reviews/book/686fa492dca21dadb9ba8df0
2025-07-11T08:38:16.334Z [info]: GET /api/reviews/book/686fa492dca21dadb9ba8df1
2025-07-11T08:38:16.336Z [info]: GET /api/reviews/book/686fa492dca21dadb9ba8df2
2025-07-11T08:38:16.345Z [info]: GET /api/reviews/book/686fa492dca21dadb9ba8df3
2025-07-11T08:38:16.347Z [info]: GET /api/reviews/book/686fa492dca21dadb9ba8df4
2025-07-11T08:38:16.349Z [info]: GET /api/reviews/book/686fa492dca21dadb9ba8df5
2025-07-11T08:38:16.351Z [info]: GET /api/reviews/book/686fa492dca21dadb9ba8df6
2025-07-11T08:38:16.352Z [info]: GET /api/reviews/book/686fa492dca21dadb9ba8df7
2025-07-11T08:38:16.353Z [info]: GET /api/reviews/book/686fa492dca21dadb9ba8dfc
2025-07-11T08:38:16.362Z [info]: GET /api/reviews/book/686fa492dca21dadb9ba8dfd
2025-07-11T08:38:16.364Z [info]: GET /api/reviews/book/686fa492dca21dadb9ba8dfe
2025-07-11T08:38:16.365Z [info]: GET /api/reviews/book/686fa492dca21dadb9ba8dff
2025-07-11T08:38:16.366Z [info]: GET /api/reviews/book/686fa492dca21dadb9ba8e00
2025-07-11T08:38:16.367Z [info]: GET /api/reviews/book/686fa492dca21dadb9ba8e01
2025-07-11T08:38:16.369Z [info]: GET /api/reviews/book/686fa492dca21dadb9ba8e02
2025-07-11T08:38:16.380Z [info]: GET /api/reviews/book/686fa492dca21dadb9ba8df8
2025-07-11T08:38:16.382Z [info]: GET /api/reviews/book/686fa492dca21dadb9ba8df9
2025-07-11T08:38:16.384Z [info]: GET /api/reviews/book/686fa492dca21dadb9ba8e03
2025-07-11T08:38:16.385Z [info]: GET /api/reviews/book/686fa492dca21dadb9ba8dfa
2025-07-11T08:38:16.386Z [info]: GET /api/reviews/book/686fa492dca21dadb9ba8dfb
2025-07-11T08:38:16.388Z [info]: GET /api/reviews/book/686fa492dca21dadb9ba8e04
2025-07-11T08:38:16.394Z [info]: GET /api/reviews/book/686fa492dca21dadb9ba8e05
2025-07-11T08:38:16.397Z [info]: GET /api/reviews/book/686fa492dca21dadb9ba8e06
2025-07-11T08:38:16.398Z [info]: GET /api/reviews/book/686fa492dca21dadb9ba8e07
2025-07-11T08:38:16.400Z [info]: GET /api/reviews/book/686fa492dca21dadb9ba8e08
2025-07-11T08:38:16.402Z [info]: GET /api/reviews/book/686fa492dca21dadb9ba8e09
2025-07-11T08:38:16.409Z [info]: GET /api/reviews/book/686fa492dca21dadb9ba8e0a
2025-07-11T08:38:16.415Z [info]: GET /api/reviews/book/686fa492dca21dadb9ba8e0b
2025-07-11T08:38:16.417Z [info]: GET /api/reviews/book/686fa492dca21dadb9ba8e0c
2025-07-11T08:38:16.419Z [info]: GET /api/reviews/book/686fa492dca21dadb9ba8de1
2025-07-11T08:38:16.421Z [info]: GET /api/reviews/book/686fa492dca21dadb9ba8de2
2025-07-11T08:38:34.120Z [info]: GET /api/reviews/book/686fa492dca21dadb9ba8da9
2025-07-11T08:38:34.124Z [info]: GET /api/reviews/book/686fa492dca21dadb9ba8daa
2025-07-11T08:38:34.131Z [info]: GET /api/reviews/book/686fa492dca21dadb9ba8dab
2025-07-11T08:38:34.134Z [info]: GET /api/reviews/book/686fa492dca21dadb9ba8daf
2025-07-11T08:38:34.137Z [info]: GET /api/reviews/book/686fa492dca21dadb9ba8db0
2025-07-11T08:38:34.141Z [info]: GET /api/reviews/book/686fa492dca21dadb9ba8db2
2025-07-11T08:38:34.146Z [info]: GET /api/reviews/book/686fa492dca21dadb9ba8db3
2025-07-11T08:38:34.156Z [info]: GET /api/reviews/book/686fa492dca21dadb9ba8dac
2025-07-11T08:38:34.158Z [info]: GET /api/reviews/book/686fa492dca21dadb9ba8db6
2025-07-11T08:38:34.160Z [info]: GET /api/reviews/book/686fa492dca21dadb9ba8db7
2025-07-11T08:38:34.162Z [info]: GET /api/reviews/book/686fa492dca21dadb9ba8db8
2025-07-11T08:38:34.165Z [info]: GET /api/reviews/book/686fa492dca21dadb9ba8db9
2025-07-11T08:38:34.167Z [info]: GET /api/reviews/book/686fa492dca21dadb9ba8dba
2025-07-11T08:38:34.179Z [info]: GET /api/reviews/book/686fa492dca21dadb9ba8dad
2025-07-11T08:38:34.181Z [info]: GET /api/reviews/book/686fa492dca21dadb9ba8dbb
2025-07-11T08:38:34.184Z [info]: GET /api/reviews/book/686fa492dca21dadb9ba8dbc
2025-07-11T08:38:34.186Z [info]: GET /api/reviews/book/686fa492dca21dadb9ba8dae
2025-07-11T08:38:34.191Z [info]: GET /api/reviews/book/686fa492dca21dadb9ba8db1
2025-07-11T08:38:34.195Z [info]: GET /api/reviews/book/686fa492dca21dadb9ba8dbd
2025-07-11T08:38:34.204Z [info]: GET /api/reviews/book/686fa492dca21dadb9ba8dbe
2025-07-11T08:38:34.206Z [info]: GET /api/reviews/book/686fa492dca21dadb9ba8dbf
2025-07-11T08:38:34.209Z [info]: GET /api/reviews/book/686fa492dca21dadb9ba8dc0
2025-07-11T08:38:34.211Z [info]: GET /api/reviews/book/686fa492dca21dadb9ba8dc1
2025-07-11T08:38:34.212Z [info]: GET /api/reviews/book/686fa492dca21dadb9ba8dc2
2025-07-11T08:38:34.214Z [info]: GET /api/reviews/book/686fa492dca21dadb9ba8dc3
2025-07-11T08:38:34.226Z [info]: GET /api/reviews/book/686fa492dca21dadb9ba8dc4
2025-07-11T08:38:34.229Z [info]: GET /api/reviews/book/686fa492dca21dadb9ba8dc5
2025-07-11T08:38:34.232Z [info]: GET /api/reviews/book/686fa492dca21dadb9ba8dc6
2025-07-11T08:38:34.233Z [info]: GET /api/reviews/book/686fa492dca21dadb9ba8dc7
2025-07-11T08:38:34.234Z [info]: GET /api/reviews/book/686fa492dca21dadb9ba8dc8
2025-07-11T08:38:34.236Z [info]: GET /api/reviews/book/686fa492dca21dadb9ba8dc9
2025-07-11T08:38:34.242Z [info]: GET /api/reviews/book/686fa492dca21dadb9ba8dca
2025-07-11T08:38:34.245Z [info]: GET /api/reviews/book/686fa492dca21dadb9ba8dcb
2025-07-11T08:38:34.247Z [info]: GET /api/reviews/book/686fa492dca21dadb9ba8dcc
2025-07-11T08:38:34.253Z [info]: GET /api/reviews/book/686fa492dca21dadb9ba8dcd
2025-07-11T08:38:34.256Z [info]: GET /api/reviews/book/686fa492dca21dadb9ba8dce
2025-07-11T08:38:34.257Z [info]: GET /api/reviews/book/686fa492dca21dadb9ba8dcf
2025-07-11T08:38:34.295Z [info]: GET /api/reviews/book/686fa492dca21dadb9ba8dd0
2025-07-11T08:38:34.303Z [info]: GET /api/reviews/book/686fa492dca21dadb9ba8dd1
2025-07-11T08:38:34.313Z [info]: GET /api/reviews/book/686fa492dca21dadb9ba8dd2
2025-07-11T08:38:34.316Z [info]: GET /api/reviews/book/686fa492dca21dadb9ba8dd3
2025-07-11T08:38:34.318Z [info]: GET /api/reviews/book/686fa492dca21dadb9ba8dd4
2025-07-11T08:38:34.321Z [info]: GET /api/reviews/book/686fa492dca21dadb9ba8dd5
2025-07-11T08:38:34.336Z [info]: GET /api/reviews/book/686fa492dca21dadb9ba8dd6
2025-07-11T08:38:34.341Z [info]: GET /api/reviews/book/686fa492dca21dadb9ba8dd7
2025-07-11T08:38:34.345Z [info]: GET /api/reviews/book/686fa492dca21dadb9ba8dd8
2025-07-11T08:38:34.349Z [info]: GET /api/reviews/book/686fa492dca21dadb9ba8dd9
2025-07-11T08:38:34.352Z [info]: GET /api/reviews/book/686fa492dca21dadb9ba8dda
2025-07-11T08:38:34.365Z [info]: GET /api/reviews/book/686fa492dca21dadb9ba8ddb
2025-07-11T08:38:34.377Z [info]: GET /api/reviews/book/686fa492dca21dadb9ba8ddc
2025-07-11T08:38:34.386Z [info]: GET /api/reviews/book/686fa492dca21dadb9ba8ddd
2025-07-11T08:38:34.390Z [info]: GET /api/reviews/book/686fa492dca21dadb9ba8dde
2025-07-11T08:38:34.393Z [info]: GET /api/reviews/book/686fa492dca21dadb9ba8ddf
2025-07-11T08:38:34.411Z [info]: GET /api/reviews/book/686fa492dca21dadb9ba8de0
2025-07-11T08:38:34.414Z [info]: GET /api/reviews/book/686fa492dca21dadb9ba8db5
2025-07-11T08:38:34.421Z [info]: GET /api/reviews/book/686fa492dca21dadb9ba8db4
2025-07-11T08:38:34.424Z [info]: GET /api/reviews/book/686fa492dca21dadb9ba8de3
2025-07-11T08:38:34.427Z [info]: GET /api/reviews/book/686fa492dca21dadb9ba8de4
2025-07-11T08:38:34.428Z [info]: GET /api/reviews/book/686fa492dca21dadb9ba8de5
2025-07-11T08:38:34.430Z [info]: GET /api/reviews/book/686fa492dca21dadb9ba8de6
2025-07-11T08:38:34.431Z [info]: GET /api/reviews/book/686fa492dca21dadb9ba8de7
2025-07-11T08:38:34.444Z [info]: GET /api/reviews/book/686fa492dca21dadb9ba8de8
2025-07-11T08:38:34.448Z [info]: GET /api/reviews/book/686fa492dca21dadb9ba8de9
2025-07-11T08:38:34.450Z [info]: GET /api/reviews/book/686fa492dca21dadb9ba8dea
2025-07-11T08:38:34.452Z [info]: GET /api/reviews/book/686fa492dca21dadb9ba8deb
2025-07-11T08:38:34.455Z [info]: GET /api/reviews/book/686fa492dca21dadb9ba8dec
2025-07-11T08:38:34.456Z [info]: GET /api/reviews/book/686fa492dca21dadb9ba8ded
2025-07-11T08:38:34.470Z [info]: GET /api/reviews/book/686fa492dca21dadb9ba8dee
2025-07-11T08:38:34.472Z [info]: GET /api/reviews/book/686fa492dca21dadb9ba8def
2025-07-11T08:38:34.474Z [info]: GET /api/reviews/book/686fa492dca21dadb9ba8df0
2025-07-11T08:38:34.476Z [info]: GET /api/reviews/book/686fa492dca21dadb9ba8df1
2025-07-11T08:38:34.477Z [info]: GET /api/reviews/book/686fa492dca21dadb9ba8df2
2025-07-11T08:38:34.479Z [info]: GET /api/reviews/book/686fa492dca21dadb9ba8df3
2025-07-11T08:38:34.489Z [info]: GET /api/reviews/book/686fa492dca21dadb9ba8df4
2025-07-11T08:38:34.491Z [info]: GET /api/reviews/book/686fa492dca21dadb9ba8df5
2025-07-11T08:38:34.493Z [info]: GET /api/reviews/book/686fa492dca21dadb9ba8df6
2025-07-11T08:38:34.495Z [info]: GET /api/reviews/book/686fa492dca21dadb9ba8df7
2025-07-11T08:38:34.498Z [info]: GET /api/reviews/book/686fa492dca21dadb9ba8df8
2025-07-11T08:38:34.500Z [info]: GET /api/reviews/book/686fa492dca21dadb9ba8df9
2025-07-11T08:38:34.507Z [info]: GET /api/reviews/book/686fa492dca21dadb9ba8dfa
2025-07-11T08:38:34.510Z [info]: GET /api/reviews/book/686fa492dca21dadb9ba8dfb
2025-07-11T08:38:34.511Z [info]: GET /api/reviews/book/686fa492dca21dadb9ba8dfc
2025-07-11T08:38:34.513Z [info]: GET /api/reviews/book/686fa492dca21dadb9ba8dfd
2025-07-11T08:38:34.515Z [info]: GET /api/reviews/book/686fa492dca21dadb9ba8dfe
2025-07-11T08:38:34.519Z [info]: GET /api/reviews/book/686fa492dca21dadb9ba8dff
2025-07-11T08:38:34.529Z [info]: GET /api/reviews/book/686fa492dca21dadb9ba8e00
2025-07-11T08:38:34.533Z [info]: GET /api/reviews/book/686fa492dca21dadb9ba8e01
2025-07-11T08:38:34.536Z [info]: GET /api/reviews/book/686fa492dca21dadb9ba8e02
2025-07-11T08:38:34.538Z [info]: GET /api/reviews/book/686fa492dca21dadb9ba8e03
2025-07-11T08:38:34.540Z [info]: GET /api/reviews/book/686fa492dca21dadb9ba8e04
2025-07-11T08:38:34.542Z [info]: GET /api/reviews/book/686fa492dca21dadb9ba8e05
2025-07-11T08:38:34.550Z [info]: GET /api/reviews/book/686fa492dca21dadb9ba8e06
2025-07-11T08:38:34.552Z [info]: GET /api/reviews/book/686fa492dca21dadb9ba8e07
2025-07-11T08:38:34.554Z [info]: GET /api/reviews/book/686fa492dca21dadb9ba8e08
2025-07-11T08:38:34.556Z [info]: GET /api/reviews/book/686fa492dca21dadb9ba8e09
2025-07-11T08:38:34.558Z [info]: GET /api/reviews/book/686fa492dca21dadb9ba8e0a
2025-07-11T08:38:34.560Z [info]: GET /api/reviews/book/686fa492dca21dadb9ba8e0b
2025-07-11T08:38:34.570Z [info]: GET /api/reviews/book/686fa492dca21dadb9ba8e0c
2025-07-11T08:38:34.573Z [info]: GET /api/reviews/book/686fa492dca21dadb9ba8de1
2025-07-11T08:38:34.581Z [info]: GET /api/reviews/book/686fa492dca21dadb9ba8de2
2025-07-11T08:44:34.540Z [info]: GET /api/reviews/book/686fa492dca21dadb9ba8e00
2025-07-11T08:44:34.772Z [info]: GET /api/reviews/book/686fa492dca21dadb9ba8ddf
2025-07-11T08:44:34.776Z [info]: GET /api/reviews/book/686fa492dca21dadb9ba8dd0
2025-07-11T08:44:34.784Z [info]: GET /api/reviews/book/686fa492dca21dadb9ba8dc1
2025-07-11T08:44:34.793Z [info]: GET /api/reviews/book/686fa492dca21dadb9ba8e08
2025-07-11T08:44:34.796Z [info]: GET /api/reviews/book/686fa492dca21dadb9ba8dfa
2025-07-11T08:44:34.892Z [info]: GET /api/reviews/book/686fa492dca21dadb9ba8dac
2025-07-11T08:44:34.895Z [info]: GET /api/reviews/book/686fa492dca21dadb9ba8e03
2025-07-11T08:44:34.897Z [info]: GET /api/reviews/book/686fa492dca21dadb9ba8db9
2025-07-11T08:44:34.900Z [info]: GET /api/reviews/book/686fa492dca21dadb9ba8dbf
2025-07-11T08:44:34.910Z [info]: GET /api/reviews/book/686fa492dca21dadb9ba8de0
2025-07-11T08:44:34.913Z [info]: GET /api/reviews/book/686fa492dca21dadb9ba8dda
2025-07-11T08:44:34.925Z [info]: GET /api/reviews/book/686fa492dca21dadb9ba8dbb
2025-07-11T08:44:34.928Z [info]: GET /api/reviews/book/686fa492dca21dadb9ba8e0b
2025-07-11T08:44:34.930Z [info]: GET /api/reviews/book/686fa492dca21dadb9ba8dc3
2025-07-11T10:11:36.642Z [info]: GET /api/reviews/book/686fa492dca21dadb9ba8da9
2025-07-11T10:11:36.700Z [info]: GET /api/reviews/book/686fa492dca21dadb9ba8daa
2025-07-11T10:11:36.707Z [info]: GET /api/reviews/book/686fa492dca21dadb9ba8db0
2025-07-11T10:11:36.713Z [info]: GET /api/reviews/book/686fa492dca21dadb9ba8dab
2025-07-11T10:11:36.717Z [info]: GET /api/reviews/book/686fa492dca21dadb9ba8daf
2025-07-11T10:11:36.722Z [info]: GET /api/reviews/book/686fa492dca21dadb9ba8db2
2025-07-11T10:11:36.752Z [info]: GET /api/reviews/book/686fa492dca21dadb9ba8db3
2025-07-11T10:11:36.760Z [info]: GET /api/reviews/book/686fa492dca21dadb9ba8dac
2025-07-11T10:11:36.763Z [info]: GET /api/reviews/book/686fa492dca21dadb9ba8db6
2025-07-11T10:11:36.767Z [info]: GET /api/reviews/book/686fa492dca21dadb9ba8db7
2025-07-11T10:11:36.772Z [info]: GET /api/reviews/book/686fa492dca21dadb9ba8db8
2025-07-11T10:11:36.777Z [info]: GET /api/reviews/book/686fa492dca21dadb9ba8db9
2025-07-11T10:11:36.804Z [info]: GET /api/reviews/book/686fa492dca21dadb9ba8dba
2025-07-11T10:11:36.807Z [info]: GET /api/reviews/book/686fa492dca21dadb9ba8dad
2025-07-11T10:11:36.811Z [info]: GET /api/reviews/book/686fa492dca21dadb9ba8dbb
2025-07-11T10:11:36.813Z [info]: GET /api/reviews/book/686fa492dca21dadb9ba8dae
2025-07-11T10:11:36.815Z [info]: GET /api/reviews/book/686fa492dca21dadb9ba8dbc
2025-07-11T10:11:36.819Z [info]: GET /api/reviews/book/686fa492dca21dadb9ba8db1
2025-07-11T10:11:36.839Z [info]: GET /api/reviews/book/686fa492dca21dadb9ba8dbd
2025-07-11T10:11:36.842Z [info]: GET /api/reviews/book/686fa492dca21dadb9ba8dbe
2025-07-11T10:11:36.844Z [info]: GET /api/reviews/book/686fa492dca21dadb9ba8dbf
2025-07-11T10:11:36.845Z [info]: GET /api/reviews/book/686fa492dca21dadb9ba8dc0
2025-07-11T10:11:36.846Z [info]: GET /api/reviews/book/686fa492dca21dadb9ba8dc1
2025-07-11T10:11:36.848Z [info]: GET /api/reviews/book/686fa492dca21dadb9ba8dc2
2025-07-11T10:11:36.857Z [info]: GET /api/reviews/book/686fa492dca21dadb9ba8dc3
2025-07-11T10:11:36.859Z [info]: GET /api/reviews/book/686fa492dca21dadb9ba8dc4
2025-07-11T10:11:36.860Z [info]: GET /api/reviews/book/686fa492dca21dadb9ba8dc5
2025-07-11T10:11:36.862Z [info]: GET /api/reviews/book/686fa492dca21dadb9ba8dc6
2025-07-11T10:11:36.863Z [info]: GET /api/reviews/book/686fa492dca21dadb9ba8dc7
2025-07-11T10:11:36.865Z [info]: GET /api/reviews/book/686fa492dca21dadb9ba8dc8
2025-07-11T10:11:36.879Z [info]: GET /api/reviews/book/686fa492dca21dadb9ba8dc9
2025-07-11T10:11:36.881Z [info]: GET /api/reviews/book/686fa492dca21dadb9ba8dcd
2025-07-11T10:11:36.883Z [info]: GET /api/reviews/book/686fa492dca21dadb9ba8dce
2025-07-11T10:11:36.885Z [info]: GET /api/reviews/book/686fa492dca21dadb9ba8dcf
2025-07-11T10:11:36.887Z [info]: GET /api/reviews/book/686fa492dca21dadb9ba8dd0
2025-07-11T10:11:36.889Z [info]: GET /api/reviews/book/686fa492dca21dadb9ba8dcb
2025-07-11T10:11:36.898Z [info]: GET /api/reviews/book/686fa492dca21dadb9ba8dca
2025-07-11T10:11:36.900Z [info]: GET /api/reviews/book/686fa492dca21dadb9ba8dd1
2025-07-11T10:11:36.902Z [info]: GET /api/reviews/book/686fa492dca21dadb9ba8dcc
2025-07-11T10:11:36.904Z [info]: GET /api/reviews/book/686fa492dca21dadb9ba8dd2
2025-07-11T10:11:36.911Z [info]: GET /api/reviews/book/686fa492dca21dadb9ba8dd3
2025-07-11T10:11:36.912Z [info]: GET /api/reviews/book/686fa492dca21dadb9ba8dd4
2025-07-11T10:11:36.920Z [info]: GET /api/reviews/book/686fa492dca21dadb9ba8dd5
2025-07-11T10:11:36.925Z [info]: GET /api/reviews/book/686fa492dca21dadb9ba8dd6
2025-07-11T10:11:36.927Z [info]: GET /api/reviews/book/686fa492dca21dadb9ba8dd7
2025-07-11T10:11:36.928Z [info]: GET /api/reviews/book/686fa492dca21dadb9ba8dd8
2025-07-11T10:11:36.930Z [info]: GET /api/reviews/book/686fa492dca21dadb9ba8dd9
2025-07-11T10:11:36.934Z [info]: GET /api/reviews/book/686fa492dca21dadb9ba8dda
2025-07-11T10:11:36.951Z [info]: GET /api/reviews/book/686fa492dca21dadb9ba8ddb
2025-07-11T10:11:36.955Z [info]: GET /api/reviews/book/686fa492dca21dadb9ba8ddc
2025-07-11T10:11:36.963Z [info]: GET /api/reviews/book/686fa492dca21dadb9ba8ddd
2025-07-11T10:11:36.966Z [info]: GET /api/reviews/book/686fa492dca21dadb9ba8de0
2025-07-11T10:11:36.969Z [info]: GET /api/reviews/book/686fa492dca21dadb9ba8db5
2025-07-11T10:11:36.971Z [info]: GET /api/reviews/book/686fa492dca21dadb9ba8de6
2025-07-11T10:11:36.980Z [info]: GET /api/reviews/book/686fa492dca21dadb9ba8de7
2025-07-11T10:11:36.982Z [info]: GET /api/reviews/book/686fa492dca21dadb9ba8de8
2025-07-11T10:11:36.985Z [info]: GET /api/reviews/book/686fa492dca21dadb9ba8de9
2025-07-11T10:11:36.986Z [info]: GET /api/reviews/book/686fa492dca21dadb9ba8ddf
2025-07-11T10:11:36.990Z [info]: GET /api/reviews/book/686fa492dca21dadb9ba8dde
2025-07-11T10:11:36.992Z [info]: GET /api/reviews/book/686fa492dca21dadb9ba8de3
2025-07-11T10:11:37.006Z [info]: GET /api/reviews/book/686fa492dca21dadb9ba8db4
2025-07-11T10:11:37.008Z [info]: GET /api/reviews/book/686fa492dca21dadb9ba8dfa
2025-07-11T10:11:37.011Z [info]: GET /api/reviews/book/686fa492dca21dadb9ba8de5
2025-07-11T10:11:37.014Z [info]: GET /api/reviews/book/686fa492dca21dadb9ba8de4
2025-07-11T10:11:37.015Z [info]: GET /api/reviews/book/686fa492dca21dadb9ba8dfb
2025-07-11T10:11:37.017Z [info]: GET /api/reviews/book/686fa492dca21dadb9ba8def
2025-07-11T10:11:37.031Z [info]: GET /api/reviews/book/686fa492dca21dadb9ba8deb
2025-07-11T10:11:37.035Z [info]: GET /api/reviews/book/686fa492dca21dadb9ba8df0
2025-07-11T10:11:37.036Z [info]: GET /api/reviews/book/686fa492dca21dadb9ba8df1
2025-07-11T10:11:37.039Z [info]: GET /api/reviews/book/686fa492dca21dadb9ba8dec
2025-07-11T10:11:37.041Z [info]: GET /api/reviews/book/686fa492dca21dadb9ba8dee
2025-07-11T10:11:37.043Z [info]: GET /api/reviews/book/686fa492dca21dadb9ba8ded
2025-07-11T10:11:37.054Z [info]: GET /api/reviews/book/686fa492dca21dadb9ba8dea
2025-07-11T10:11:37.062Z [info]: GET /api/reviews/book/686fa492dca21dadb9ba8df7
2025-07-11T10:11:37.066Z [info]: GET /api/reviews/book/686fa492dca21dadb9ba8df9
2025-07-11T10:11:37.073Z [info]: GET /api/reviews/book/686fa492dca21dadb9ba8df6
2025-07-11T10:11:37.077Z [info]: GET /api/reviews/book/686fa492dca21dadb9ba8df8
2025-07-11T10:11:37.078Z [info]: GET /api/reviews/book/686fa492dca21dadb9ba8df4
2025-07-11T10:11:37.094Z [info]: GET /api/reviews/book/686fa492dca21dadb9ba8df3
2025-07-11T10:11:37.099Z [info]: GET /api/reviews/book/686fa492dca21dadb9ba8df2
2025-07-11T10:11:37.103Z [info]: GET /api/reviews/book/686fa492dca21dadb9ba8df5
2025-07-11T10:11:37.105Z [info]: GET /api/reviews/book/686fa492dca21dadb9ba8dfc
2025-07-11T10:11:37.108Z [info]: GET /api/reviews/book/686fa492dca21dadb9ba8dfd
2025-07-11T10:11:37.110Z [info]: GET /api/reviews/book/686fa492dca21dadb9ba8dfe
2025-07-11T10:11:37.131Z [info]: GET /api/reviews/book/686fa492dca21dadb9ba8dff
2025-07-11T10:11:37.132Z [info]: GET /api/reviews/book/686fa492dca21dadb9ba8e01
2025-07-11T10:11:37.134Z [info]: GET /api/reviews/book/686fa492dca21dadb9ba8e02
2025-07-11T10:11:37.136Z [info]: GET /api/reviews/book/686fa492dca21dadb9ba8e03
2025-07-11T10:11:37.138Z [info]: GET /api/reviews/book/686fa492dca21dadb9ba8e04
2025-07-11T10:11:37.140Z [info]: GET /api/reviews/book/686fa492dca21dadb9ba8e05
2025-07-11T10:11:37.149Z [info]: GET /api/reviews/book/686fa492dca21dadb9ba8e06
2025-07-11T10:11:37.152Z [info]: GET /api/reviews/book/686fa492dca21dadb9ba8e07
2025-07-11T10:11:37.155Z [info]: GET /api/reviews/book/686fa492dca21dadb9ba8e08
2025-07-11T10:11:37.157Z [info]: GET /api/reviews/book/686fa492dca21dadb9ba8e00
2025-07-11T10:11:37.160Z [info]: GET /api/reviews/book/686fa492dca21dadb9ba8e09
2025-07-11T10:11:37.163Z [info]: GET /api/reviews/book/686fa492dca21dadb9ba8e0a
2025-07-11T10:11:37.182Z [info]: GET /api/reviews/book/686fa492dca21dadb9ba8e0b
2025-07-11T10:11:37.185Z [info]: GET /api/reviews/book/686fa492dca21dadb9ba8e0c
2025-07-11T10:11:37.187Z [info]: GET /api/reviews/book/686fa492dca21dadb9ba8de1
2025-07-11T10:11:37.189Z [info]: GET /api/reviews/book/686fa492dca21dadb9ba8de2
2025-07-11T10:11:49.795Z [info]: GET /api/reviews/book/686fa492dca21dadb9ba8da9
2025-07-11T10:11:49.797Z [info]: GET /api/reviews/book/686fa492dca21dadb9ba8daa
2025-07-11T10:11:49.806Z [info]: GET /api/reviews/book/686fa492dca21dadb9ba8dab
2025-07-11T10:11:49.811Z [info]: GET /api/reviews/book/686fa492dca21dadb9ba8daf
2025-07-11T10:11:49.813Z [info]: GET /api/reviews/book/686fa492dca21dadb9ba8db0
2025-07-11T10:11:49.814Z [info]: GET /api/reviews/book/686fa492dca21dadb9ba8db2
2025-07-11T10:11:49.820Z [info]: GET /api/reviews/book/686fa492dca21dadb9ba8db3
2025-07-11T10:11:49.822Z [info]: GET /api/reviews/book/686fa492dca21dadb9ba8dac
2025-07-11T10:11:49.826Z [info]: GET /api/reviews/book/686fa492dca21dadb9ba8db6
2025-07-11T10:11:49.828Z [info]: GET /api/reviews/book/686fa492dca21dadb9ba8db7
2025-07-11T10:11:49.832Z [info]: GET /api/reviews/book/686fa492dca21dadb9ba8db8
2025-07-11T10:11:49.833Z [info]: GET /api/reviews/book/686fa492dca21dadb9ba8db9
2025-07-11T10:11:49.838Z [info]: GET /api/reviews/book/686fa492dca21dadb9ba8dba
2025-07-11T10:11:49.840Z [info]: GET /api/reviews/book/686fa492dca21dadb9ba8dad
2025-07-11T10:11:49.844Z [info]: GET /api/reviews/book/686fa492dca21dadb9ba8dbb
2025-07-11T10:11:49.850Z [info]: GET /api/reviews/book/686fa492dca21dadb9ba8dbc
2025-07-11T10:11:49.857Z [info]: GET /api/reviews/book/686fa492dca21dadb9ba8dae
2025-07-11T10:11:49.860Z [info]: GET /api/reviews/book/686fa492dca21dadb9ba8db1
2025-07-11T10:11:49.863Z [info]: GET /api/reviews/book/686fa492dca21dadb9ba8dbd
2025-07-11T10:11:49.866Z [info]: GET /api/reviews/book/686fa492dca21dadb9ba8dbe
2025-07-11T10:11:49.870Z [info]: GET /api/reviews/book/686fa492dca21dadb9ba8dbf
2025-07-11T10:11:49.875Z [info]: GET /api/reviews/book/686fa492dca21dadb9ba8dc0
2025-07-11T10:11:49.879Z [info]: GET /api/reviews/book/686fa492dca21dadb9ba8dc1
2025-07-11T10:11:49.881Z [info]: GET /api/reviews/book/686fa492dca21dadb9ba8dc2
2025-07-11T10:11:49.885Z [info]: GET /api/reviews/book/686fa492dca21dadb9ba8dc3
2025-07-11T10:11:49.887Z [info]: GET /api/reviews/book/686fa492dca21dadb9ba8dc4
2025-07-11T10:11:49.893Z [info]: GET /api/reviews/book/686fa492dca21dadb9ba8dc5
2025-07-11T10:11:49.896Z [info]: GET /api/reviews/book/686fa492dca21dadb9ba8dc6
2025-07-11T10:11:49.901Z [info]: GET /api/reviews/book/686fa492dca21dadb9ba8dc7
2025-07-11T10:11:49.903Z [info]: GET /api/reviews/book/686fa492dca21dadb9ba8dc8
2025-07-11T10:11:49.906Z [info]: GET /api/reviews/book/686fa492dca21dadb9ba8dc9
2025-07-11T10:11:49.908Z [info]: GET /api/reviews/book/686fa492dca21dadb9ba8dca
2025-07-11T10:11:49.912Z [info]: GET /api/reviews/book/686fa492dca21dadb9ba8dcb
2025-07-11T10:11:49.916Z [info]: GET /api/reviews/book/686fa492dca21dadb9ba8dcc
2025-07-11T10:11:49.919Z [info]: GET /api/reviews/book/686fa492dca21dadb9ba8dcd
2025-07-11T10:11:49.921Z [info]: GET /api/reviews/book/686fa492dca21dadb9ba8dce
2025-07-11T10:11:49.923Z [info]: GET /api/reviews/book/686fa492dca21dadb9ba8dcf
2025-07-11T10:11:49.926Z [info]: GET /api/reviews/book/686fa492dca21dadb9ba8dd0
2025-07-11T10:11:49.938Z [info]: GET /api/reviews/book/686fa492dca21dadb9ba8dd1
2025-07-11T10:11:49.940Z [info]: GET /api/reviews/book/686fa492dca21dadb9ba8dd2
2025-07-11T10:11:49.944Z [info]: GET /api/reviews/book/686fa492dca21dadb9ba8dd3
2025-07-11T10:11:49.946Z [info]: GET /api/reviews/book/686fa492dca21dadb9ba8dd4
2025-07-11T10:11:49.948Z [info]: GET /api/reviews/book/686fa492dca21dadb9ba8dd5
2025-07-11T10:11:49.950Z [info]: GET /api/reviews/book/686fa492dca21dadb9ba8dd6
2025-07-11T10:11:49.954Z [info]: GET /api/reviews/book/686fa492dca21dadb9ba8dd7
2025-07-11T10:11:49.956Z [info]: GET /api/reviews/book/686fa492dca21dadb9ba8dd8
2025-07-11T10:11:49.959Z [info]: GET /api/reviews/book/686fa492dca21dadb9ba8dd9
2025-07-11T10:11:49.962Z [info]: GET /api/reviews/book/686fa492dca21dadb9ba8dda
2025-07-11T10:11:49.965Z [info]: GET /api/reviews/book/686fa492dca21dadb9ba8ddb
2025-07-11T10:11:49.967Z [info]: GET /api/reviews/book/686fa492dca21dadb9ba8ddc
2025-07-11T10:11:49.969Z [info]: GET /api/reviews/book/686fa492dca21dadb9ba8ddd
2025-07-11T10:11:49.971Z [info]: GET /api/reviews/book/686fa492dca21dadb9ba8dde
2025-07-11T10:11:49.973Z [info]: GET /api/reviews/book/686fa492dca21dadb9ba8ddf
2025-07-11T10:11:49.975Z [info]: GET /api/reviews/book/686fa492dca21dadb9ba8de0
2025-07-11T10:11:49.976Z [info]: GET /api/reviews/book/686fa492dca21dadb9ba8db5
2025-07-11T10:11:49.978Z [info]: GET /api/reviews/book/686fa492dca21dadb9ba8db4
2025-07-11T10:11:49.980Z [info]: GET /api/reviews/book/686fa492dca21dadb9ba8de3
2025-07-11T10:11:49.981Z [info]: GET /api/reviews/book/686fa492dca21dadb9ba8de4
2025-07-11T10:11:49.984Z [info]: GET /api/reviews/book/686fa492dca21dadb9ba8de5
2025-07-11T10:11:49.989Z [info]: GET /api/reviews/book/686fa492dca21dadb9ba8de6
2025-07-11T10:11:49.992Z [info]: GET /api/reviews/book/686fa492dca21dadb9ba8de7
2025-07-11T10:11:49.994Z [info]: GET /api/reviews/book/686fa492dca21dadb9ba8de8
2025-07-11T10:11:49.996Z [info]: GET /api/reviews/book/686fa492dca21dadb9ba8de9
2025-07-11T10:11:49.998Z [info]: GET /api/reviews/book/686fa492dca21dadb9ba8dea
2025-07-11T10:11:50.000Z [info]: GET /api/reviews/book/686fa492dca21dadb9ba8deb
2025-07-11T10:11:50.003Z [info]: GET /api/reviews/book/686fa492dca21dadb9ba8dec
2025-07-11T10:11:50.006Z [info]: GET /api/reviews/book/686fa492dca21dadb9ba8ded
2025-07-11T10:11:50.008Z [info]: GET /api/reviews/book/686fa492dca21dadb9ba8dee
2025-07-11T10:11:50.010Z [info]: GET /api/reviews/book/686fa492dca21dadb9ba8def
2025-07-11T10:11:50.012Z [info]: GET /api/reviews/book/686fa492dca21dadb9ba8df0
2025-07-11T10:11:50.013Z [info]: GET /api/reviews/book/686fa492dca21dadb9ba8df1
2025-07-11T10:11:50.017Z [info]: GET /api/reviews/book/686fa492dca21dadb9ba8df2
2025-07-11T10:11:50.022Z [info]: GET /api/reviews/book/686fa492dca21dadb9ba8df3
2025-07-11T10:11:50.023Z [info]: GET /api/reviews/book/686fa492dca21dadb9ba8df4
2025-07-11T10:11:50.025Z [info]: GET /api/reviews/book/686fa492dca21dadb9ba8df5
2025-07-11T10:11:50.026Z [info]: GET /api/reviews/book/686fa492dca21dadb9ba8df6
2025-07-11T10:11:50.028Z [info]: GET /api/reviews/book/686fa492dca21dadb9ba8df7
2025-07-11T10:11:50.031Z [info]: GET /api/reviews/book/686fa492dca21dadb9ba8df8
2025-07-11T10:11:50.032Z [info]: GET /api/reviews/book/686fa492dca21dadb9ba8df9
2025-07-11T10:11:50.035Z [info]: GET /api/reviews/book/686fa492dca21dadb9ba8dfa
2025-07-11T10:11:50.038Z [info]: GET /api/reviews/book/686fa492dca21dadb9ba8dfb
2025-07-11T10:11:50.042Z [info]: GET /api/reviews/book/686fa492dca21dadb9ba8dfc
2025-07-11T10:11:50.047Z [info]: GET /api/reviews/book/686fa492dca21dadb9ba8dfd
2025-07-11T10:11:50.050Z [info]: GET /api/reviews/book/686fa492dca21dadb9ba8dfe
2025-07-11T10:11:50.053Z [info]: GET /api/reviews/book/686fa492dca21dadb9ba8dff
2025-07-11T10:11:50.056Z [info]: GET /api/reviews/book/686fa492dca21dadb9ba8e00
2025-07-11T10:11:50.060Z [info]: GET /api/reviews/book/686fa492dca21dadb9ba8e01
2025-07-11T10:11:50.064Z [info]: GET /api/reviews/book/686fa492dca21dadb9ba8e02
2025-07-11T10:11:50.068Z [info]: GET /api/reviews/book/686fa492dca21dadb9ba8e03
2025-07-11T10:11:50.070Z [info]: GET /api/reviews/book/686fa492dca21dadb9ba8e04
2025-07-11T10:11:50.073Z [info]: GET /api/reviews/book/686fa492dca21dadb9ba8e05
2025-07-11T10:11:50.075Z [info]: GET /api/reviews/book/686fa492dca21dadb9ba8e06
2025-07-11T10:11:50.082Z [info]: GET /api/reviews/book/686fa492dca21dadb9ba8e07
2025-07-11T10:11:50.086Z [info]: GET /api/reviews/book/686fa492dca21dadb9ba8e08
2025-07-11T10:11:50.089Z [info]: GET /api/reviews/book/686fa492dca21dadb9ba8e09
2025-07-11T10:11:50.091Z [info]: GET /api/reviews/book/686fa492dca21dadb9ba8e0a
2025-07-11T10:11:50.094Z [info]: GET /api/reviews/book/686fa492dca21dadb9ba8e0b
2025-07-11T10:11:50.095Z [info]: GET /api/reviews/book/686fa492dca21dadb9ba8e0c
2025-07-11T10:11:50.097Z [info]: GET /api/reviews/book/686fa492dca21dadb9ba8de1
2025-07-11T10:11:50.101Z [info]: GET /api/reviews/book/686fa492dca21dadb9ba8de2
2025-07-11T10:14:07.763Z [info]: GET /api/reviews/book/686fa492dca21dadb9ba8da9
2025-07-11T10:14:07.840Z [info]: GET /api/reviews/book/686fa492dca21dadb9ba8daa
2025-07-11T10:14:07.842Z [info]: GET /api/reviews/book/686fa492dca21dadb9ba8dab
2025-07-11T10:14:07.844Z [info]: GET /api/reviews/book/686fa492dca21dadb9ba8daf
2025-07-11T10:14:07.848Z [info]: GET /api/reviews/book/686fa492dca21dadb9ba8db0
2025-07-11T10:14:07.850Z [info]: GET /api/reviews/book/686fa492dca21dadb9ba8db2
2025-07-11T10:14:07.853Z [info]: GET /api/reviews/book/686fa492dca21dadb9ba8da9
2025-07-11T10:14:07.909Z [info]: GET /api/reviews/book/686fa492dca21dadb9ba8daa
2025-07-11T10:14:07.915Z [info]: GET /api/reviews/book/686fa492dca21dadb9ba8dab
2025-07-11T10:14:07.919Z [info]: GET /api/reviews/book/686fa492dca21dadb9ba8daf
2025-07-11T10:14:07.922Z [info]: GET /api/reviews/book/686fa492dca21dadb9ba8db0
2025-07-11T10:14:07.924Z [info]: GET /api/reviews/book/686fa492dca21dadb9ba8db3
2025-07-11T10:14:07.972Z [info]: GET /api/reviews/book/686fa492dca21dadb9ba8db3
2025-07-11T10:14:07.985Z [info]: GET /api/reviews/book/686fa492dca21dadb9ba8dac
2025-07-11T10:14:07.987Z [info]: GET /api/reviews/book/686fa492dca21dadb9ba8db6
2025-07-11T10:14:07.990Z [info]: GET /api/reviews/book/686fa492dca21dadb9ba8db7
2025-07-11T10:14:07.994Z [info]: GET /api/reviews/book/686fa492dca21dadb9ba8db8
2025-07-11T10:14:07.996Z [info]: GET /api/reviews/book/686fa492dca21dadb9ba8dac
2025-07-11T10:14:07.998Z [info]: GET /api/reviews/book/686fa492dca21dadb9ba8db9
2025-07-11T10:14:08.000Z [info]: GET /api/reviews/book/686fa492dca21dadb9ba8db6
2025-07-11T10:14:08.003Z [info]: GET /api/reviews/book/686fa492dca21dadb9ba8db7
2025-07-11T10:14:08.029Z [info]: GET /api/reviews/book/686fa492dca21dadb9ba8db8
2025-07-11T10:14:08.047Z [info]: GET /api/reviews/book/686fa492dca21dadb9ba8dba
2025-07-11T10:14:08.058Z [info]: GET /api/reviews/book/686fa492dca21dadb9ba8dad
2025-07-11T10:14:08.060Z [info]: GET /api/reviews/book/686fa492dca21dadb9ba8dbb
2025-07-11T10:14:08.064Z [info]: GET /api/reviews/book/686fa492dca21dadb9ba8dbc
2025-07-11T10:14:08.067Z [info]: GET /api/reviews/book/686fa492dca21dadb9ba8dae
2025-07-11T10:14:08.070Z [info]: GET /api/reviews/book/686fa492dca21dadb9ba8db9
2025-07-11T10:14:08.072Z [info]: GET /api/reviews/book/686fa492dca21dadb9ba8db1
2025-07-11T10:14:08.079Z [info]: GET /api/reviews/book/686fa492dca21dadb9ba8dba
2025-07-11T10:14:08.086Z [info]: GET /api/reviews/book/686fa492dca21dadb9ba8dad
2025-07-11T10:14:08.089Z [info]: GET /api/reviews/book/686fa492dca21dadb9ba8dbb
2025-07-11T10:14:08.097Z [info]: GET /api/reviews/book/686fa492dca21dadb9ba8dbd
2025-07-11T10:14:08.099Z [info]: GET /api/reviews/book/686fa492dca21dadb9ba8dbc
2025-07-11T10:14:08.101Z [info]: GET /api/reviews/book/686fa492dca21dadb9ba8dae
2025-07-11T10:14:08.103Z [info]: GET /api/reviews/book/686fa492dca21dadb9ba8dbe
2025-07-11T10:14:08.106Z [info]: GET /api/reviews/book/686fa492dca21dadb9ba8dbf
2025-07-11T10:14:08.108Z [info]: GET /api/reviews/book/686fa492dca21dadb9ba8dc0
2025-07-11T10:14:08.111Z [info]: GET /api/reviews/book/686fa492dca21dadb9ba8dc1
2025-07-11T10:14:08.118Z [info]: GET /api/reviews/book/686fa492dca21dadb9ba8db1
2025-07-11T10:14:08.122Z [info]: GET /api/reviews/book/686fa492dca21dadb9ba8dbd
2025-07-11T10:14:08.128Z [info]: GET /api/reviews/book/686fa492dca21dadb9ba8dbe
2025-07-11T10:14:08.136Z [info]: GET /api/reviews/book/686fa492dca21dadb9ba8dc2
2025-07-11T10:14:08.138Z [info]: GET /api/reviews/book/686fa492dca21dadb9ba8dbf
2025-07-11T10:14:08.140Z [info]: GET /api/reviews/book/686fa492dca21dadb9ba8dc0
2025-07-11T10:14:08.142Z [info]: GET /api/reviews/book/686fa492dca21dadb9ba8dc3
2025-07-11T10:14:08.147Z [info]: GET /api/reviews/book/686fa492dca21dadb9ba8dc4
2025-07-11T10:14:08.149Z [info]: GET /api/reviews/book/686fa492dca21dadb9ba8dc5
2025-07-11T10:14:08.153Z [info]: GET /api/reviews/book/686fa492dca21dadb9ba8dc6
2025-07-11T10:14:08.156Z [info]: GET /api/reviews/book/686fa492dca21dadb9ba8dc1
2025-07-11T10:14:08.159Z [info]: GET /api/reviews/book/686fa492dca21dadb9ba8dc2
2025-07-11T10:14:08.163Z [info]: GET /api/reviews/book/686fa492dca21dadb9ba8dc3
2025-07-11T10:14:08.174Z [info]: GET /api/reviews/book/686fa492dca21dadb9ba8dc4
2025-07-11T10:14:08.176Z [info]: GET /api/reviews/book/686fa492dca21dadb9ba8dc7
2025-07-11T10:14:08.178Z [info]: GET /api/reviews/book/686fa492dca21dadb9ba8dc5
2025-07-11T10:14:08.181Z [info]: GET /api/reviews/book/686fa492dca21dadb9ba8dc8
2025-07-11T10:14:08.184Z [info]: GET /api/reviews/book/686fa492dca21dadb9ba8dc9
2025-07-11T10:14:08.186Z [info]: GET /api/reviews/book/686fa492dca21dadb9ba8dca
2025-07-11T10:14:08.190Z [info]: GET /api/reviews/book/686fa492dca21dadb9ba8dc6
2025-07-11T10:14:08.192Z [info]: GET /api/reviews/book/686fa492dca21dadb9ba8dcb
2025-07-11T10:14:08.193Z [info]: GET /api/reviews/book/686fa492dca21dadb9ba8dcc
2025-07-11T10:14:08.194Z [info]: GET /api/reviews/book/686fa492dca21dadb9ba8dc7
2025-07-11T10:14:08.200Z [info]: GET /api/reviews/book/686fa492dca21dadb9ba8dc8
2025-07-11T10:14:08.204Z [info]: GET /api/reviews/book/686fa492dca21dadb9ba8dc9
2025-07-11T10:14:08.214Z [info]: GET /api/reviews/book/686fa492dca21dadb9ba8dca
2025-07-11T10:14:08.217Z [info]: GET /api/reviews/book/686fa492dca21dadb9ba8dcd
2025-07-11T10:14:08.218Z [info]: GET /api/reviews/book/686fa492dca21dadb9ba8dcc
2025-07-11T10:14:08.221Z [info]: GET /api/reviews/book/686fa492dca21dadb9ba8dce
2025-07-11T10:14:08.230Z [info]: GET /api/reviews/book/686fa492dca21dadb9ba8dcf
2025-07-11T10:14:08.231Z [info]: GET /api/reviews/book/686fa492dca21dadb9ba8dd0
2025-07-11T10:14:08.234Z [info]: GET /api/reviews/book/686fa492dca21dadb9ba8dcd
2025-07-11T10:14:08.235Z [info]: GET /api/reviews/book/686fa492dca21dadb9ba8dd1
2025-07-11T10:14:08.237Z [info]: GET /api/reviews/book/686fa492dca21dadb9ba8dce
2025-07-11T10:14:08.238Z [info]: GET /api/reviews/book/686fa492dca21dadb9ba8dd2
2025-07-11T10:14:08.244Z [info]: GET /api/reviews/book/686fa492dca21dadb9ba8dcf
2025-07-11T10:14:08.248Z [info]: GET /api/reviews/book/686fa492dca21dadb9ba8dd0
2025-07-11T10:14:08.259Z [info]: GET /api/reviews/book/686fa492dca21dadb9ba8dd1
2025-07-11T10:14:08.261Z [info]: GET /api/reviews/book/686fa492dca21dadb9ba8dd3
2025-07-11T10:14:08.262Z [info]: GET /api/reviews/book/686fa492dca21dadb9ba8dd2
2025-07-11T10:14:08.266Z [info]: GET /api/reviews/book/686fa492dca21dadb9ba8dd4
2025-07-11T10:14:08.269Z [info]: GET /api/reviews/book/686fa492dca21dadb9ba8dd5
2025-07-11T10:14:08.272Z [info]: GET /api/reviews/book/686fa492dca21dadb9ba8dd6
2025-07-11T10:14:08.274Z [info]: GET /api/reviews/book/686fa492dca21dadb9ba8dd3
2025-07-11T10:14:08.275Z [info]: GET /api/reviews/book/686fa492dca21dadb9ba8dd4
2025-07-11T10:14:08.277Z [info]: GET /api/reviews/book/686fa492dca21dadb9ba8dd7
2025-07-11T10:14:08.278Z [info]: GET /api/reviews/book/686fa492dca21dadb9ba8dd8
2025-07-11T10:14:08.283Z [info]: GET /api/reviews/book/686fa492dca21dadb9ba8dd5
2025-07-11T10:14:08.286Z [info]: GET /api/reviews/book/686fa492dca21dadb9ba8dd6
2025-07-11T10:14:08.297Z [info]: GET /api/reviews/book/686fa492dca21dadb9ba8dd7
2025-07-11T10:14:08.300Z [info]: GET /api/reviews/book/686fa492dca21dadb9ba8dd9
2025-07-11T10:14:08.303Z [info]: GET /api/reviews/book/686fa492dca21dadb9ba8dd8
2025-07-11T10:14:08.306Z [info]: GET /api/reviews/book/686fa492dca21dadb9ba8dda
2025-07-11T10:14:08.308Z [info]: GET /api/reviews/book/686fa492dca21dadb9ba8ddb
2025-07-11T10:14:08.310Z [info]: GET /api/reviews/book/686fa492dca21dadb9ba8dd9
2025-07-11T10:14:08.311Z [info]: GET /api/reviews/book/686fa492dca21dadb9ba8ddc
2025-07-11T10:14:08.312Z [info]: GET /api/reviews/book/686fa492dca21dadb9ba8dda
2025-07-11T10:14:08.313Z [info]: GET /api/reviews/book/686fa492dca21dadb9ba8ddd
2025-07-11T10:14:08.314Z [info]: GET /api/reviews/book/686fa492dca21dadb9ba8dde
2025-07-11T10:14:08.317Z [info]: GET /api/reviews/book/686fa492dca21dadb9ba8ddb
2025-07-11T10:14:08.321Z [info]: GET /api/reviews/book/686fa492dca21dadb9ba8ddc
2025-07-11T10:14:08.332Z [info]: GET /api/reviews/book/686fa492dca21dadb9ba8ddd
2025-07-11T10:14:08.333Z [info]: GET /api/reviews/book/686fa492dca21dadb9ba8ddf
2025-07-11T10:14:08.335Z [info]: GET /api/reviews/book/686fa492dca21dadb9ba8dde
2025-07-11T10:14:08.337Z [info]: GET /api/reviews/book/686fa492dca21dadb9ba8de0
2025-07-11T10:14:08.340Z [info]: GET /api/reviews/book/686fa492dca21dadb9ba8db5
2025-07-11T10:14:08.342Z [info]: GET /api/reviews/book/686fa492dca21dadb9ba8ddf
2025-07-11T10:14:08.344Z [info]: GET /api/reviews/book/686fa492dca21dadb9ba8db4
2025-07-11T10:14:08.345Z [info]: GET /api/reviews/book/686fa492dca21dadb9ba8de0
2025-07-11T10:14:08.347Z [info]: GET /api/reviews/book/686fa492dca21dadb9ba8de3
2025-07-11T10:14:08.348Z [info]: GET /api/reviews/book/686fa492dca21dadb9ba8de4
2025-07-11T10:14:08.352Z [info]: GET /api/reviews/book/686fa492dca21dadb9ba8db5
2025-07-11T10:14:08.356Z [info]: GET /api/reviews/book/686fa492dca21dadb9ba8db4
2025-07-11T10:14:08.372Z [info]: GET /api/reviews/book/686fa492dca21dadb9ba8de3
2025-07-11T10:14:08.374Z [info]: GET /api/reviews/book/686fa492dca21dadb9ba8de5
2025-07-11T10:14:08.376Z [info]: GET /api/reviews/book/686fa492dca21dadb9ba8de4
2025-07-11T10:14:08.379Z [info]: GET /api/reviews/book/686fa492dca21dadb9ba8de6
2025-07-11T10:14:08.384Z [info]: GET /api/reviews/book/686fa492dca21dadb9ba8de5
2025-07-11T10:14:08.387Z [info]: GET /api/reviews/book/686fa492dca21dadb9ba8de7
2025-07-11T10:14:08.389Z [info]: GET /api/reviews/book/686fa492dca21dadb9ba8de8
2025-07-11T10:14:08.391Z [info]: GET /api/reviews/book/686fa492dca21dadb9ba8de6
2025-07-11T10:14:08.393Z [info]: GET /api/reviews/book/686fa492dca21dadb9ba8de9
2025-07-11T10:14:08.395Z [info]: GET /api/reviews/book/686fa492dca21dadb9ba8dea
2025-07-11T10:14:08.400Z [info]: GET /api/reviews/book/686fa492dca21dadb9ba8de7
2025-07-11T10:14:08.404Z [info]: GET /api/reviews/book/686fa492dca21dadb9ba8de8
2025-07-11T10:14:08.416Z [info]: GET /api/reviews/book/686fa492dca21dadb9ba8de9
2025-07-11T10:14:08.420Z [info]: GET /api/reviews/book/686fa492dca21dadb9ba8deb
2025-07-11T10:14:08.422Z [info]: GET /api/reviews/book/686fa492dca21dadb9ba8dea
2025-07-11T10:14:08.424Z [info]: GET /api/reviews/book/686fa492dca21dadb9ba8dec
2025-07-11T10:14:08.427Z [info]: GET /api/reviews/book/686fa492dca21dadb9ba8deb
2025-07-11T10:14:08.430Z [info]: GET /api/reviews/book/686fa492dca21dadb9ba8ded
2025-07-11T10:14:08.432Z [info]: GET /api/reviews/book/686fa492dca21dadb9ba8dee
2025-07-11T10:14:08.433Z [info]: GET /api/reviews/book/686fa492dca21dadb9ba8dec
2025-07-11T10:14:08.434Z [info]: GET /api/reviews/book/686fa492dca21dadb9ba8def
2025-07-11T10:14:08.436Z [info]: GET /api/reviews/book/686fa492dca21dadb9ba8df0
2025-07-11T10:14:08.440Z [info]: GET /api/reviews/book/686fa492dca21dadb9ba8ded
2025-07-11T10:14:08.443Z [info]: GET /api/reviews/book/686fa492dca21dadb9ba8dcb
2025-07-11T10:14:08.452Z [info]: GET /api/reviews/book/686fa492dca21dadb9ba8dee
2025-07-11T10:14:08.453Z [info]: GET /api/reviews/book/686fa492dca21dadb9ba8df1
2025-07-11T10:14:08.455Z [info]: GET /api/reviews/book/686fa492dca21dadb9ba8def
2025-07-11T10:14:08.456Z [info]: GET /api/reviews/book/686fa492dca21dadb9ba8df2
2025-07-11T10:14:08.457Z [info]: GET /api/reviews/book/686fa492dca21dadb9ba8df0
2025-07-11T10:14:08.459Z [info]: GET /api/reviews/book/686fa492dca21dadb9ba8df3
2025-07-11T10:14:08.460Z [info]: GET /api/reviews/book/686fa492dca21dadb9ba8df4
2025-07-11T10:14:08.461Z [info]: GET /api/reviews/book/686fa492dca21dadb9ba8db2
2025-07-11T10:14:08.462Z [info]: GET /api/reviews/book/686fa492dca21dadb9ba8df5
2025-07-11T10:14:08.463Z [info]: GET /api/reviews/book/686fa492dca21dadb9ba8df6
2025-07-11T10:14:08.465Z [info]: GET /api/reviews/book/686fa492dca21dadb9ba8df1
2025-07-11T10:14:08.469Z [info]: GET /api/reviews/book/686fa492dca21dadb9ba8df2
2025-07-11T10:14:08.477Z [info]: GET /api/reviews/book/686fa492dca21dadb9ba8df3
2025-07-11T10:14:08.479Z [info]: GET /api/reviews/book/686fa492dca21dadb9ba8df7
2025-07-11T10:14:08.480Z [info]: GET /api/reviews/book/686fa492dca21dadb9ba8df4
2025-07-11T10:14:08.482Z [info]: GET /api/reviews/book/686fa492dca21dadb9ba8df8
2025-07-11T10:14:08.484Z [info]: GET /api/reviews/book/686fa492dca21dadb9ba8df5
2025-07-11T10:14:08.486Z [info]: GET /api/reviews/book/686fa492dca21dadb9ba8df9
2025-07-11T10:14:08.487Z [info]: GET /api/reviews/book/686fa492dca21dadb9ba8df6
2025-07-11T10:14:08.488Z [info]: GET /api/reviews/book/686fa492dca21dadb9ba8dfa
2025-07-11T10:14:08.489Z [info]: GET /api/reviews/book/686fa492dca21dadb9ba8dfb
2025-07-11T10:14:08.490Z [info]: GET /api/reviews/book/686fa492dca21dadb9ba8dfc
2025-07-11T10:14:08.493Z [info]: GET /api/reviews/book/686fa492dca21dadb9ba8df7
2025-07-11T10:14:08.496Z [info]: GET /api/reviews/book/686fa492dca21dadb9ba8df8
2025-07-11T10:14:08.506Z [info]: GET /api/reviews/book/686fa492dca21dadb9ba8df9
2025-07-11T10:14:08.507Z [info]: GET /api/reviews/book/686fa492dca21dadb9ba8dfd
2025-07-11T10:14:08.510Z [info]: GET /api/reviews/book/686fa492dca21dadb9ba8dfa
2025-07-11T10:14:08.512Z [info]: GET /api/reviews/book/686fa492dca21dadb9ba8dfe
2025-07-11T10:14:08.515Z [info]: GET /api/reviews/book/686fa492dca21dadb9ba8dfb
2025-07-11T10:14:08.517Z [info]: GET /api/reviews/book/686fa492dca21dadb9ba8dff
2025-07-11T10:14:08.518Z [info]: GET /api/reviews/book/686fa492dca21dadb9ba8dfc
2025-07-11T10:14:08.520Z [info]: GET /api/reviews/book/686fa492dca21dadb9ba8e00
2025-07-11T10:14:08.522Z [info]: GET /api/reviews/book/686fa492dca21dadb9ba8e01
2025-07-11T10:14:08.523Z [info]: GET /api/reviews/book/686fa492dca21dadb9ba8e02
2025-07-11T10:14:08.527Z [info]: GET /api/reviews/book/686fa492dca21dadb9ba8dfd
2025-07-11T10:14:08.530Z [info]: GET /api/reviews/book/686fa492dca21dadb9ba8dfe
2025-07-11T10:14:08.539Z [info]: GET /api/reviews/book/686fa492dca21dadb9ba8dff
2025-07-11T10:14:08.542Z [info]: GET /api/reviews/book/686fa492dca21dadb9ba8e03
2025-07-11T10:14:08.544Z [info]: GET /api/reviews/book/686fa492dca21dadb9ba8e00
2025-07-11T10:14:08.546Z [info]: GET /api/reviews/book/686fa492dca21dadb9ba8e04
2025-07-11T10:14:08.550Z [info]: GET /api/reviews/book/686fa492dca21dadb9ba8e01
2025-07-11T10:14:08.551Z [info]: GET /api/reviews/book/686fa492dca21dadb9ba8e05
2025-07-11T10:14:08.553Z [info]: GET /api/reviews/book/686fa492dca21dadb9ba8e02
2025-07-11T10:14:08.555Z [info]: GET /api/reviews/book/686fa492dca21dadb9ba8e06
2025-07-11T10:14:08.557Z [info]: GET /api/reviews/book/686fa492dca21dadb9ba8e07
2025-07-11T10:14:08.558Z [info]: GET /api/reviews/book/686fa492dca21dadb9ba8e08
2025-07-11T10:14:08.568Z [info]: GET /api/reviews/book/686fa492dca21dadb9ba8e03
2025-07-11T10:14:08.572Z [info]: GET /api/reviews/book/686fa492dca21dadb9ba8e04
2025-07-11T10:14:08.581Z [info]: GET /api/reviews/book/686fa492dca21dadb9ba8e05
2025-07-11T10:14:08.583Z [info]: GET /api/reviews/book/686fa492dca21dadb9ba8e09
2025-07-11T10:14:08.584Z [info]: GET /api/reviews/book/686fa492dca21dadb9ba8e06
2025-07-11T10:14:08.587Z [info]: GET /api/reviews/book/686fa492dca21dadb9ba8e0a
2025-07-11T10:14:08.589Z [info]: GET /api/reviews/book/686fa492dca21dadb9ba8e07
2025-07-11T10:14:08.591Z [info]: GET /api/reviews/book/686fa492dca21dadb9ba8e0b
2025-07-11T10:14:08.592Z [info]: GET /api/reviews/book/686fa492dca21dadb9ba8e08
2025-07-11T10:14:08.594Z [info]: GET /api/reviews/book/686fa492dca21dadb9ba8e0c
2025-07-11T10:14:08.595Z [info]: GET /api/reviews/book/686fa492dca21dadb9ba8de1
2025-07-11T10:14:08.596Z [info]: GET /api/reviews/book/686fa492dca21dadb9ba8de2
2025-07-11T10:14:08.599Z [info]: GET /api/reviews/book/686fa492dca21dadb9ba8e09
2025-07-11T10:14:08.602Z [info]: GET /api/reviews/book/686fa492dca21dadb9ba8e0a
2025-07-11T10:14:08.609Z [info]: GET /api/reviews/book/686fa492dca21dadb9ba8e0b
2025-07-11T10:14:08.611Z [info]: GET /api/reviews/book/686fa492dca21dadb9ba8e0c
2025-07-11T10:14:08.614Z [info]: GET /api/reviews/book/686fa492dca21dadb9ba8de1
2025-07-11T10:14:08.616Z [info]: GET /api/reviews/book/686fa492dca21dadb9ba8de2
2025-07-11T10:14:28.273Z [info]: GET /api/reviews/book/686fa492dca21dadb9ba8da9
2025-07-11T10:14:28.294Z [info]: GET /api/reviews/book/686fa492dca21dadb9ba8daa
2025-07-11T10:14:28.300Z [info]: GET /api/reviews/book/686fa492dca21dadb9ba8dab
2025-07-11T10:14:28.313Z [info]: GET /api/reviews/book/686fa492dca21dadb9ba8daf
2025-07-11T10:14:28.315Z [info]: GET /api/reviews/book/686fa492dca21dadb9ba8db0
2025-07-11T10:14:28.317Z [info]: GET /api/reviews/book/686fa492dca21dadb9ba8db2
2025-07-11T10:14:28.321Z [info]: GET /api/reviews/book/686fa492dca21dadb9ba8db3
2025-07-11T10:14:28.331Z [info]: GET /api/reviews/book/686fa492dca21dadb9ba8dac
2025-07-11T10:14:28.333Z [info]: GET /api/reviews/book/686fa492dca21dadb9ba8db6
2025-07-11T10:14:28.336Z [info]: GET /api/reviews/book/686fa492dca21dadb9ba8db7
2025-07-11T10:14:28.341Z [info]: GET /api/reviews/book/686fa492dca21dadb9ba8db8
2025-07-11T10:14:28.344Z [info]: GET /api/reviews/book/686fa492dca21dadb9ba8db9
2025-07-11T10:14:28.351Z [info]: GET /api/reviews/book/686fa492dca21dadb9ba8dba
2025-07-11T10:14:28.360Z [info]: GET /api/reviews/book/686fa492dca21dadb9ba8dad
2025-07-11T10:14:28.361Z [info]: GET /api/reviews/book/686fa492dca21dadb9ba8dbb
2025-07-11T10:14:28.363Z [info]: GET /api/reviews/book/686fa492dca21dadb9ba8dbc
2025-07-11T10:14:28.367Z [info]: GET /api/reviews/book/686fa492dca21dadb9ba8dae
2025-07-11T10:14:28.369Z [info]: GET /api/reviews/book/686fa492dca21dadb9ba8db1
2025-07-11T10:14:28.380Z [info]: GET /api/reviews/book/686fa492dca21dadb9ba8dbd
2025-07-11T10:14:28.396Z [info]: GET /api/reviews/book/686fa492dca21dadb9ba8dbe
2025-07-11T10:14:28.399Z [info]: GET /api/reviews/book/686fa492dca21dadb9ba8dbf
2025-07-11T10:14:28.400Z [info]: GET /api/reviews/book/686fa492dca21dadb9ba8dc0
2025-07-11T10:14:28.405Z [info]: GET /api/reviews/book/686fa492dca21dadb9ba8dc1
2025-07-11T10:14:28.408Z [info]: GET /api/reviews/book/686fa492dca21dadb9ba8dc2
2025-07-11T10:14:28.412Z [info]: GET /api/reviews/book/686fa492dca21dadb9ba8dc3
2025-07-11T10:14:28.415Z [info]: GET /api/reviews/book/686fa492dca21dadb9ba8dc4
2025-07-11T10:14:28.417Z [info]: GET /api/reviews/book/686fa492dca21dadb9ba8dc5
2025-07-11T10:14:28.418Z [info]: GET /api/reviews/book/686fa492dca21dadb9ba8dc6
2025-07-11T10:14:28.421Z [info]: GET /api/reviews/book/686fa492dca21dadb9ba8dc7
2025-07-11T10:14:28.424Z [info]: GET /api/reviews/book/686fa492dca21dadb9ba8dc8
2025-07-11T10:14:28.432Z [info]: GET /api/reviews/book/686fa492dca21dadb9ba8dc9
2025-07-11T10:14:28.435Z [info]: GET /api/reviews/book/686fa492dca21dadb9ba8dca
2025-07-11T10:14:28.438Z [info]: GET /api/reviews/book/686fa492dca21dadb9ba8dcb
2025-07-11T10:14:28.440Z [info]: GET /api/reviews/book/686fa492dca21dadb9ba8dcc
2025-07-11T10:14:28.443Z [info]: GET /api/reviews/book/686fa492dca21dadb9ba8dcd
2025-07-11T10:14:28.444Z [info]: GET /api/reviews/book/686fa492dca21dadb9ba8dce
2025-07-11T10:14:28.449Z [info]: GET /api/reviews/book/686fa492dca21dadb9ba8dcf
2025-07-11T10:14:28.453Z [info]: GET /api/reviews/book/686fa492dca21dadb9ba8dd0
2025-07-11T10:14:28.456Z [info]: GET /api/reviews/book/686fa492dca21dadb9ba8dd1
2025-07-11T10:14:28.459Z [info]: GET /api/reviews/book/686fa492dca21dadb9ba8dd2
2025-07-11T10:14:28.461Z [info]: GET /api/reviews/book/686fa492dca21dadb9ba8dd3
2025-07-11T10:14:28.463Z [info]: GET /api/reviews/book/686fa492dca21dadb9ba8dd4
2025-07-11T10:14:28.468Z [info]: GET /api/reviews/book/686fa492dca21dadb9ba8dd5
2025-07-11T10:14:28.473Z [info]: GET /api/reviews/book/686fa492dca21dadb9ba8dd6
2025-07-11T10:14:28.475Z [info]: GET /api/reviews/book/686fa492dca21dadb9ba8dd7
2025-07-11T10:14:28.477Z [info]: GET /api/reviews/book/686fa492dca21dadb9ba8dd8
2025-07-11T10:14:28.478Z [info]: GET /api/reviews/book/686fa492dca21dadb9ba8dd9
2025-07-11T10:14:28.480Z [info]: GET /api/reviews/book/686fa492dca21dadb9ba8dda
2025-07-11T10:14:28.484Z [info]: GET /api/reviews/book/686fa492dca21dadb9ba8ddb
2025-07-11T10:14:28.488Z [info]: GET /api/reviews/book/686fa492dca21dadb9ba8ddc
2025-07-11T10:14:28.491Z [info]: GET /api/reviews/book/686fa492dca21dadb9ba8ddd
2025-07-11T10:14:28.492Z [info]: GET /api/reviews/book/686fa492dca21dadb9ba8dde
2025-07-11T10:14:28.494Z [info]: GET /api/reviews/book/686fa492dca21dadb9ba8ddf
2025-07-11T10:14:28.495Z [info]: GET /api/reviews/book/686fa492dca21dadb9ba8de0
2025-07-11T10:14:28.501Z [info]: GET /api/reviews/book/686fa492dca21dadb9ba8db5
2025-07-11T10:14:28.505Z [info]: GET /api/reviews/book/686fa492dca21dadb9ba8db4
2025-07-11T10:14:28.508Z [info]: GET /api/reviews/book/686fa492dca21dadb9ba8de3
2025-07-11T10:14:28.510Z [info]: GET /api/reviews/book/686fa492dca21dadb9ba8de4
2025-07-11T10:14:28.511Z [info]: GET /api/reviews/book/686fa492dca21dadb9ba8de5
2025-07-11T10:14:28.513Z [info]: GET /api/reviews/book/686fa492dca21dadb9ba8de6
2025-07-11T10:14:28.517Z [info]: GET /api/reviews/book/686fa492dca21dadb9ba8de7
2025-07-11T10:14:28.523Z [info]: GET /api/reviews/book/686fa492dca21dadb9ba8de8
2025-07-11T10:14:28.525Z [info]: GET /api/reviews/book/686fa492dca21dadb9ba8de9
2025-07-11T10:14:28.527Z [info]: GET /api/reviews/book/686fa492dca21dadb9ba8dea
2025-07-11T10:14:28.530Z [info]: GET /api/reviews/book/686fa492dca21dadb9ba8deb
2025-07-11T10:14:28.542Z [info]: GET /api/reviews/book/686fa492dca21dadb9ba8dec
2025-07-11T10:14:28.550Z [info]: GET /api/reviews/book/686fa492dca21dadb9ba8ded
2025-07-11T10:14:28.560Z [info]: GET /api/reviews/book/686fa492dca21dadb9ba8dee
2025-07-11T10:14:28.563Z [info]: GET /api/reviews/book/686fa492dca21dadb9ba8def
2025-07-11T10:14:28.566Z [info]: GET /api/reviews/book/686fa492dca21dadb9ba8df0
2025-07-11T10:14:28.568Z [info]: GET /api/reviews/book/686fa492dca21dadb9ba8df1
2025-07-11T10:14:28.572Z [info]: GET /api/reviews/book/686fa492dca21dadb9ba8df2
2025-07-11T10:14:28.582Z [info]: GET /api/reviews/book/686fa492dca21dadb9ba8df3
2025-07-11T10:14:28.588Z [info]: GET /api/reviews/book/686fa492dca21dadb9ba8df4
2025-07-11T10:14:28.591Z [info]: GET /api/reviews/book/686fa492dca21dadb9ba8df5
2025-07-11T10:14:28.594Z [info]: GET /api/reviews/book/686fa492dca21dadb9ba8df6
2025-07-11T10:14:28.609Z [info]: GET /api/reviews/book/686fa492dca21dadb9ba8df7
2025-07-11T10:14:28.612Z [info]: GET /api/reviews/book/686fa492dca21dadb9ba8df8
2025-07-11T10:14:28.617Z [info]: GET /api/reviews/book/686fa492dca21dadb9ba8df9
2025-07-11T10:14:28.633Z [info]: GET /api/reviews/book/686fa492dca21dadb9ba8dfa
2025-07-11T10:14:28.643Z [info]: GET /api/reviews/book/686fa492dca21dadb9ba8dfb
2025-07-11T10:14:28.650Z [info]: GET /api/reviews/book/686fa492dca21dadb9ba8dfc
2025-07-11T10:14:28.656Z [info]: GET /api/reviews/book/686fa492dca21dadb9ba8dfd
2025-07-11T10:14:28.661Z [info]: GET /api/reviews/book/686fa492dca21dadb9ba8dfe
2025-07-11T10:14:28.667Z [info]: GET /api/reviews/book/686fa492dca21dadb9ba8dff
2025-07-11T10:14:28.672Z [info]: GET /api/reviews/book/686fa492dca21dadb9ba8e00
2025-07-11T10:14:28.675Z [info]: GET /api/reviews/book/686fa492dca21dadb9ba8e01
2025-07-11T10:14:28.680Z [info]: GET /api/reviews/book/686fa492dca21dadb9ba8e02
2025-07-11T10:14:28.682Z [info]: GET /api/reviews/book/686fa492dca21dadb9ba8e03
2025-07-11T10:14:28.683Z [info]: GET /api/reviews/book/686fa492dca21dadb9ba8e04
2025-07-11T10:14:28.691Z [info]: GET /api/reviews/book/686fa492dca21dadb9ba8e05
2025-07-11T10:14:28.696Z [info]: GET /api/reviews/book/686fa492dca21dadb9ba8e06
2025-07-11T10:14:28.698Z [info]: GET /api/reviews/book/686fa492dca21dadb9ba8e07
2025-07-11T10:14:28.700Z [info]: GET /api/reviews/book/686fa492dca21dadb9ba8e08
2025-07-11T10:14:28.701Z [info]: GET /api/reviews/book/686fa492dca21dadb9ba8e09
2025-07-11T10:14:28.705Z [info]: GET /api/reviews/book/686fa492dca21dadb9ba8e0a
2025-07-11T10:14:28.709Z [info]: GET /api/reviews/book/686fa492dca21dadb9ba8e0b
2025-07-11T10:14:28.715Z [info]: GET /api/reviews/book/686fa492dca21dadb9ba8e0c
2025-07-11T10:14:28.716Z [info]: GET /api/reviews/book/686fa492dca21dadb9ba8de1
2025-07-11T10:14:28.718Z [info]: GET /api/reviews/book/686fa492dca21dadb9ba8de2
2025-07-11T10:20:57.116Z [info]: GET /api/reviews/book/686fa492dca21dadb9ba8da9
2025-07-11T10:20:57.140Z [info]: GET /api/reviews/book/686fa492dca21dadb9ba8dcf
2025-07-11T10:20:57.143Z [info]: GET /api/reviews/book/686fa492dca21dadb9ba8dda
2025-07-11T12:17:08.406Z [info]: Redis connected
2025-07-11T12:17:08.431Z [info]: MongoDB connected
2025-07-11T12:17:08.437Z [info]: Review Service running on port 3002
2025-07-11T12:17:50.305Z [info]: GET /api/reviews/book/686fa492dca21dadb9ba8e00
2025-07-11T12:17:50.323Z [info]: GET /api/reviews/book/686fa492dca21dadb9ba8ddf
2025-07-11T12:17:50.327Z [info]: GET /api/reviews/book/686fa492dca21dadb9ba8dc1
2025-07-11T12:17:50.331Z [info]: GET /api/reviews/book/686fa492dca21dadb9ba8dfa
2025-07-11T12:17:50.334Z [info]: GET /api/reviews/book/686fa492dca21dadb9ba8e08
2025-07-11T12:17:50.339Z [info]: GET /api/reviews/book/686fa492dca21dadb9ba8dd0
2025-07-11T12:17:50.374Z [info]: GET /api/reviews/book/686fa492dca21dadb9ba8dac
2025-07-11T12:17:50.382Z [info]: GET /api/reviews/book/686fa492dca21dadb9ba8db9
2025-07-11T12:17:50.387Z [info]: GET /api/reviews/book/686fa492dca21dadb9ba8e03
2025-07-11T12:17:50.391Z [info]: GET /api/reviews/book/686fa492dca21dadb9ba8dbf
2025-07-11T12:17:50.405Z [info]: GET /api/reviews/book/686fa492dca21dadb9ba8dda
2025-07-11T12:17:50.412Z [info]: GET /api/reviews/book/686fa492dca21dadb9ba8dbb
2025-07-11T12:17:50.415Z [info]: GET /api/reviews/book/686fa492dca21dadb9ba8e0b
2025-07-11T12:17:50.418Z [info]: GET /api/reviews/book/686fa492dca21dadb9ba8de0
2025-07-11T12:17:50.434Z [info]: GET /api/reviews/book/686fa492dca21dadb9ba8dc3
2025-07-17T11:43:32.588Z [info]: GET /api/reviews/book/686fa492dca21dadb9ba8dab
2025-07-17T11:43:32.779Z [info]: GET /api/reviews/book/686fa492dca21dadb9ba8dd8
2025-07-17T11:43:32.784Z [info]: GET /api/reviews/book/686fa492dca21dadb9ba8dcd
2025-07-17T11:43:32.790Z [info]: GET /api/reviews/book/686fa492dca21dadb9ba8dda
2025-07-17T11:43:32.797Z [info]: GET /api/reviews/book/686fa492dca21dadb9ba8db4
2025-07-17T11:43:32.819Z [info]: GET /api/reviews/book/686fa492dca21dadb9ba8df1
2025-07-17T11:43:32.898Z [info]: GET /api/reviews/book/686fa492dca21dadb9ba8df3
2025-07-17T11:43:46.281Z [info]: GET /api/reviews/book/686fa492dca21dadb9ba8dab
2025-07-23T11:53:21.151Z [info]: Redis connected
2025-07-23T11:53:21.184Z [info]: MongoDB connected
2025-07-23T11:53:21.189Z [info]: Review Service running on port 3002
2025-07-23T11:56:54.522Z [info]: GET /api/reviews/book/686fa492dca21dadb9ba8e00
2025-07-23T11:56:54.543Z [info]: GET /api/reviews/book/686fa492dca21dadb9ba8ddf
2025-07-23T11:56:54.549Z [info]: GET /api/reviews/book/686fa492dca21dadb9ba8dd0
2025-07-23T11:56:54.553Z [info]: GET /api/reviews/book/686fa492dca21dadb9ba8dc1
2025-07-23T11:56:54.555Z [info]: GET /api/reviews/book/686fa492dca21dadb9ba8e08
2025-07-23T11:56:54.560Z [info]: GET /api/reviews/book/686fa492dca21dadb9ba8dfa
2025-07-23T11:56:54.593Z [info]: GET /api/reviews/book/686fa492dca21dadb9ba8dac
2025-07-23T11:56:54.598Z [info]: GET /api/reviews/book/686fa492dca21dadb9ba8db9
2025-07-23T11:56:54.601Z [info]: GET /api/reviews/book/686fa492dca21dadb9ba8e03
2025-07-23T11:56:54.608Z [info]: GET /api/reviews/book/686fa492dca21dadb9ba8dbf
2025-07-23T11:56:54.625Z [info]: GET /api/reviews/book/686fa492dca21dadb9ba8de0
2025-07-23T11:56:54.631Z [info]: GET /api/reviews/book/686fa492dca21dadb9ba8dda
2025-07-23T11:56:54.636Z [info]: GET /api/reviews/book/686fa492dca21dadb9ba8dbb
2025-07-23T11:56:54.641Z [info]: GET /api/reviews/book/686fa492dca21dadb9ba8dc3
2025-07-23T11:56:54.648Z [info]: GET /api/reviews/book/686fa492dca21dadb9ba8e0b
2025-07-23T11:57:35.933Z [info]: GET /api/reviews/book/686fa492dca21dadb9ba8e00
2025-07-23T11:57:35.937Z [info]: GET /api/reviews/book/686fa492dca21dadb9ba8ddf
2025-07-23T11:57:35.944Z [info]: GET /api/reviews/book/686fa492dca21dadb9ba8dd0
2025-07-23T11:57:35.948Z [info]: GET /api/reviews/book/686fa492dca21dadb9ba8dc1
2025-07-23T11:57:35.951Z [info]: GET /api/reviews/book/686fa492dca21dadb9ba8e08
2025-07-23T11:57:35.964Z [info]: GET /api/reviews/book/686fa492dca21dadb9ba8dfa
2025-07-23T11:57:35.967Z [info]: GET /api/reviews/book/686fa492dca21dadb9ba8dac
2025-07-23T11:57:35.970Z [info]: GET /api/reviews/book/686fa492dca21dadb9ba8db9
2025-07-23T11:57:35.972Z [info]: GET /api/reviews/book/686fa492dca21dadb9ba8e03
2025-07-23T11:57:35.976Z [info]: GET /api/reviews/book/686fa492dca21dadb9ba8dbf
2025-07-23T11:57:35.995Z [info]: GET /api/reviews/book/686fa492dca21dadb9ba8de0
2025-07-23T11:57:36.003Z [info]: GET /api/reviews/book/686fa492dca21dadb9ba8dda
2025-07-23T11:57:36.007Z [info]: GET /api/reviews/book/686fa492dca21dadb9ba8dbb
2025-07-23T11:57:36.014Z [info]: GET /api/reviews/book/686fa492dca21dadb9ba8dc3
2025-07-23T11:57:36.021Z [info]: GET /api/reviews/book/686fa492dca21dadb9ba8e0b
2025-07-23T11:57:48.020Z [info]: GET /api/reviews/book/686fa492dca21dadb9ba8e00
2025-07-23T11:57:48.026Z [info]: GET /api/reviews/book/686fa492dca21dadb9ba8ddf
2025-07-23T11:57:48.030Z [info]: GET /api/reviews/book/686fa492dca21dadb9ba8dc1
2025-07-23T11:57:48.035Z [info]: GET /api/reviews/book/686fa492dca21dadb9ba8dd0
2025-07-23T11:57:48.045Z [info]: GET /api/reviews/book/686fa492dca21dadb9ba8e08
2025-07-23T11:57:48.049Z [info]: GET /api/reviews/book/686fa492dca21dadb9ba8dfa
2025-07-23T11:57:48.056Z [info]: GET /api/reviews/book/686fa492dca21dadb9ba8dac
2025-07-23T11:57:48.061Z [info]: GET /api/reviews/book/686fa492dca21dadb9ba8db9
2025-07-23T11:57:48.077Z [info]: GET /api/reviews/book/686fa492dca21dadb9ba8e03
2025-07-23T11:57:48.083Z [info]: GET /api/reviews/book/686fa492dca21dadb9ba8dbf
2025-07-23T11:57:48.095Z [info]: GET /api/reviews/book/686fa492dca21dadb9ba8de0
2025-07-23T11:57:48.102Z [info]: GET /api/reviews/book/686fa492dca21dadb9ba8dda
2025-07-23T11:57:48.109Z [info]: GET /api/reviews/book/686fa492dca21dadb9ba8dbb
2025-07-23T11:57:48.112Z [info]: GET /api/reviews/book/686fa492dca21dadb9ba8dc3
2025-07-23T11:57:48.119Z [info]: GET /api/reviews/book/686fa492dca21dadb9ba8e0b
2025-07-23T11:57:50.894Z [info]: GET /api/reviews/book/686fa492dca21dadb9ba8e00
2025-07-23T11:57:50.899Z [info]: GET /api/reviews/book/686fa492dca21dadb9ba8ddf
2025-07-23T11:57:50.903Z [info]: GET /api/reviews/book/686fa492dca21dadb9ba8dd0
2025-07-23T11:57:50.908Z [info]: GET /api/reviews/book/686fa492dca21dadb9ba8dc1
2025-07-23T11:57:50.913Z [info]: GET /api/reviews/book/686fa492dca21dadb9ba8e08
2025-07-23T11:57:50.918Z [info]: GET /api/reviews/book/686fa492dca21dadb9ba8dfa
2025-07-23T11:57:50.925Z [info]: GET /api/reviews/book/686fa492dca21dadb9ba8dac
2025-07-23T11:57:50.931Z [info]: GET /api/reviews/book/686fa492dca21dadb9ba8db9
2025-07-23T11:57:50.937Z [info]: GET /api/reviews/book/686fa492dca21dadb9ba8e03
2025-07-23T11:57:50.941Z [info]: GET /api/reviews/book/686fa492dca21dadb9ba8dbf
2025-07-23T11:57:50.947Z [info]: GET /api/reviews/book/686fa492dca21dadb9ba8de0
2025-07-23T11:57:50.951Z [info]: GET /api/reviews/book/686fa492dca21dadb9ba8dda
2025-07-23T11:57:50.956Z [info]: GET /api/reviews/book/686fa492dca21dadb9ba8dbb
2025-07-23T11:57:50.964Z [info]: GET /api/reviews/book/686fa492dca21dadb9ba8dc3
2025-07-23T11:57:50.975Z [info]: GET /api/reviews/book/686fa492dca21dadb9ba8e0b
2025-07-23T12:07:26.422Z [info]: GET /api/reviews/book/686fa492dca21dadb9ba8e00
2025-07-23T12:07:26.520Z [info]: GET /api/reviews/book/686fa492dca21dadb9ba8ddf
2025-07-23T12:07:26.533Z [info]: GET /api/reviews/book/686fa492dca21dadb9ba8dd0
2025-07-23T12:07:26.563Z [info]: GET /api/reviews/book/686fa492dca21dadb9ba8dc1
2025-07-23T12:07:26.614Z [info]: GET /api/reviews/book/686fa492dca21dadb9ba8e08
2025-07-23T12:07:26.631Z [info]: GET /api/reviews/book/686fa492dca21dadb9ba8dfa
2025-07-23T12:07:26.724Z [info]: GET /api/reviews/book/686fa492dca21dadb9ba8dac
2025-07-23T12:07:26.730Z [info]: GET /api/reviews/book/686fa492dca21dadb9ba8db9
2025-07-23T12:07:26.746Z [info]: GET /api/reviews/book/686fa492dca21dadb9ba8e03
2025-07-23T12:07:26.751Z [info]: GET /api/reviews/book/686fa492dca21dadb9ba8dbf
2025-07-23T12:07:26.760Z [info]: GET /api/reviews/book/686fa492dca21dadb9ba8de0
2025-07-23T12:07:26.764Z [info]: GET /api/reviews/book/686fa492dca21dadb9ba8dda
2025-07-23T12:07:26.798Z [info]: GET /api/reviews/book/686fa492dca21dadb9ba8dbb
2025-07-23T12:07:26.803Z [info]: GET /api/reviews/book/686fa492dca21dadb9ba8dc3
2025-07-23T12:07:26.812Z [info]: GET /api/reviews/book/686fa492dca21dadb9ba8e0b
2025-07-23T15:26:02.363Z [info]: GET /
2025-07-23T15:29:31.859Z [info]: Redis connected
2025-07-23T15:29:31.937Z [info]: MongoDB connected
2025-07-23T15:29:31.949Z [info]: Review Service running on port 3002
2025-07-23T15:29:48.986Z [info]: Redis connected
2025-07-23T15:29:49.013Z [info]: MongoDB connected
2025-07-23T15:29:49.018Z [info]: Review Service running on port 3002
2025-07-23T16:08:11.710Z [info]: Redis connected
2025-07-23T16:08:11.750Z [info]: MongoDB connected
2025-07-23T16:08:11.757Z [info]: Review Service running on port 3002
